ID_Piece,NumeroLot,DateProduction,Machine,Materiau,Poste,Equipe,Fournisseur,Diametre_mm,Longueur_mm,Epaisseur_mm,Masse_g,Rugosite_um,Circularite_um,Temperature_C,Vibration_RMS_mm_s,Vibration_Pic_mm_s,NiveauAcoustique_dB,FrequenceDominante_Hz,AmplitudeUltrason_dB,TempsVolUltrason_us,Durete_HV,Conductivite_MS_m,Humidite_pct,Defectueuse
AERO-000001,LOT-2503-0088,02-mars-2025 21:39:00,M03,TI6AL4V,USINAGE,MATIN,FOUR_A,50.122,124.539,7.914,317.555,1.136,19.965,32.364,1.673,5.284,64.729,501.54,80.726,14.7036,238.48,16.974,48.06,0
AERO-000002,LOT-2501-0192,09-janv-2025 04:33:00,M04,AL7075,TRAITEMENT,SOIR,FOUR_A,49.991,125.447,7.895,303.227,1.417,14.902,36.346,1.771,6.031,63.552,359.61,78.057,14.2829,205.328,20.37,32.41,0
AERO-000003,LOT-2511-0237,10-nov-2025 18:23:00,M04,AL7075,TRAITEMENT,SOIR,FOUR_D,49.916,124.645,7.958,300.996,0.925,23.417,31.928,1.159,4.821,67.743,381.27,81.012,14.8425,198.703,19.354,45.74,0
AERO-000004,LOT-2512-0060,01-déc-2025 18:50:00,M05,INCONEL718,TRAITEMENT,SOIR,FOUR_A,50.091,125.277,NaN,319.979,1.044,11.838,38.128,1.914,6.205,67.445,425.56,77.356,14.7392,245.098,20.322,40.99,0
AERO-000005,LOT-2501-0084,18-janv-2025 07:26:00,M05,INCONEL718,CONTROLE,NUIT,FOUR_A,50.14,125.084,7.877,323.113,1.247,24.663,34.363,1.715,5.587,65.344,478.44,81.524,15.0021,266.753,18.474,42.27,0
AERO-000006,LOT-2507-0224,26-juil-2025 06:53:00,M06,AL7075,TRAITEMENT,MATIN,FOUR_A,49.796,125.488,8.078,306.322,1.295,19.33,31.028,1.545,5.528,71.207,378.92,84.294,14.4583,210.322,17.474,34.74,0
AERO-000007,LOT-2504-0191,22-avr-2025 02:59:00,M04,AL7075,CONTROLE,SOIR,FOUR_C,49.91,124.793,8.236,304.167,1.562,18.402,33.945,0.754,4.011,71.487,462.72,74.298,14.4241,192.31,19.535,39.07,0
AERO-000008,LOT-2502-0028,04-févr-2025 06:52:00,M05,AL7075,CONTROLE,MATIN,FOUR_C,50.213,125.28,7.774,304.487,1.248,22.927,35.493,1.896,5.772,65.964,420.65,78.569,14.283,NaN,21.28,46.74,0
AERO-000009,LOT-2508-0065,04-août-2025 15:31:00,M05,TI6AL4V,USINAGE,SOIR,FOUR_B,49.866,125.13,8.049,313.947,2.148,23.152,35.189,1.726,5.705,65.667,435.31,77.74,14.5967,242.613,17.757,46.19,1
AERO-000010,LOT-2509-0213,10-sept-2025 14:25:00,M04,AL7075,TRAITEMENT,SOIR,FOUR_B,49.983,125.67,8.16,300.466,1.136,18.624,33.208,0.979,4.716,68.073,356.5,79.862,14.6973,190.401,16.746,43.54,0
AERO-000011,LOT-2502-0134,21-févr-2025 20:49:00,M03,INCONEL718,TRAITEMENT,MATIN,FOUR_A,49.932,124.372,8.075,324.13,1.152,15.177,32.278,1.376,5.25,69.535,411.17,76.885,14.7346,254.39,17.499,41.01,0
AERO-000012,LOT-2509-0207,10-sept-2025 07:41:00,M06,AL7075,TRAITEMENT,MATIN,FOUR_D,49.992,125.248,7.995,303.082,1.026,19.767,39.751,1.74,6.067,68.501,456.15,81.66,14.3289,201.823,20.833,52.35,0
AERO-000013,LOT-2508-0198,09-août-2025 15:29:00,M01,TI6AL4V,USINAGE,SOIR,FOUR_B,50.352,125.807,8.1,313.608,1.108,17.189,33.062,0.914,4.888,67.391,473.07,76.569,14.3237,246.237,17.007,50.2,0
AERO-000014,LOT-2506-0077,02-juin-2025 11:16:00,M01,INCONEL718,CONTROLE,SOIR,FOUR_C,50.147,125.368,7.911,318.834,1.327,14.787,34.041,1.5,5.253,71.288,453.09,73.883,14.6281,233.446,20.249,47.42,0
AERO-000015,LOT-2602-0071,07-févr-2026 16:33:00,M01,AL7075,TRAITEMENT,MATIN,FOUR_C,49.969,124.921,7.951,304.975,0.716,13.001,33.845,1.613,5.852,69.173,417.13,80.528,14.6933,204.679,18.859,36.73,0
AERO-000016,LOT-2508-0208,27-août-2025 01:13:00,M02,AL7075,USINAGE,MATIN,FOUR_B,49.953,125.073,7.909,298.066,0.747,17.647,33.624,1.771,5.744,68.696,398.18,75.949,14.5773,196.382,18.753,38.15,0
AERO-000017,LOT-2501-0003,15-janv-2025 15:41:00,M06,AL7075,USINAGE,MATIN,FOUR_A,50.272,125.54,7.981,301.018,1.221,14.696,37.531,1.382,4.916,70.785,412.28,81.736,14.5839,200.755,17.868,44.06,0
AERO-000018,LOT-2601-0001,05-janv-2026 01:41:00,M01,AL7075,CONTROLE,MATIN,FOUR_A,49.949,123.975,8.023,301.449,0.865,15.504,29.375,1.296,5.039,68.512,421.43,86.531,14.716,195.852,18.899,44.62,0
AERO-000019,LOT-2506-0037,09-juin-2025 20:19:00,M02,AL7075,USINAGE,MATIN,FOUR_B,49.723,124.527,8.013,301.597,1.011,14.814,31.203,1.147,4.963,72.839,401.33,86.4,14.3804,189.919,20.682,36.21,0
AERO-000020,LOT-2506-0038,24-juin-2025 20:22:00,M01,INCONEL718,USINAGE,NUIT,FOUR_B,50.069,124.882,8.009,319.675,NaN,19.963,31.293,1.176,5.485,73.325,372.29,75.433,14.7272,246.993,19.799,45.03,0
AERO-000021,LOT-2503-0028,01-mars-2025 04:49:00,M06,INCONEL718,TRAITEMENT,NUIT,FOUR_C,49.816,125.34,8.068,324.671,0.652,24.546,34.39,1.776,5.408,71.04,445.07,73.181,14.7991,243.808,19.448,39.12,0
AERO-000022,LOT-2508-0111,15-août-2025 18:25:00,M06,TI6AL4V,TRAITEMENT,NUIT,FOUR_D,50.052,125.314,7.97,310.938,1.266,14.822,39.057,1.69,4.684,74.971,259,56.784,15.2435,249.456,19.323,44.74,1
AERO-000023,LOT-2507-0089,13-juil-2025 04:20:00,M03,AL7075,TRAITEMENT,MATIN,FOUR_A,NaN,125.372,8.026,301.998,2.522,17.775,36.441,1.472,5.107,71.144,499.01,75.855,14.3011,191.385,21.542,45.53,1
AERO-000024,LOT-2601-0002,23-janv-2026 17:45:00,M04,INCONEL718,USINAGE,MATIN,FOUR_B,50.066,125.315,7.898,321.176,NaN,18.506,32.526,1.376,5.501,64.747,456.21,77.893,14.6022,263.473,17.771,46.29,0
AERO-000025,LOT-2512-0158,12-déc-2025 12:01:00,M02,TI6AL4V,CONTROLE,SOIR,FOUR_B,49.888,124.736,7.748,315.859,1.048,20.049,33.564,0.905,4.76,70.793,408.61,74.582,14.3651,245.752,20.427,39.94,0
AERO-000026,LOT-2506-0057,05-juin-2025 07:37:00,M03,TI6AL4V,CONTROLE,SOIR,FOUR_B,49.881,125.025,8.066,316.907,2.35,22.932,33.932,1.528,5.589,69.398,410.32,75.939,14.6293,236.474,21.778,47.71,1
AERO-000027,LOT-2507-0055,08-juil-2025 08:55:00,M02,AL7075,TRAITEMENT,NUIT,FOUR_B,NaN,124.954,7.991,298.457,1.262,15.481,28.873,1.384,4.974,61.533,444.48,83.485,14.4379,207.316,19.055,47.4,0
AERO-000028,LOT-2504-0012,06-avr-2025 09:55:00,M04,INCONEL718,TRAITEMENT,SOIR,FOUR_C,49.845,125.609,8.045,321.117,1.502,19.704,30.734,1.489,5.033,71.766,416.9,68.777,14.9124,254.891,NaN,44.33,0
AERO-000029,LOT-2601-0110,12-janv-2026 11:13:00,M02,TI6AL4V,USINAGE,NUIT,FOUR_B,49.942,124.837,7.974,312.123,1.235,30.181,31.798,1.158,4.863,69.272,430.1,76.087,14.5985,224.762,17.47,41.33,0
AERO-000030,LOT-2507-0079,14-juil-2025 16:24:00,M02,AL7075,USINAGE,NUIT,FOUR_B,49.943,NaN,8.09,303.619,0.951,14.746,32.024,1.853,7.037,65.958,458.34,82.34,14.1961,196.82,19.108,49.04,0
AERO-000031,LOT-2503-0039,05-mars-2025 21:43:00,M06,INCONEL718,TRAITEMENT,MATIN,FOUR_A,49.989,124.843,8.088,324.395,1.336,28.02,35.362,1.429,5.344,65.036,408.75,74.677,14.6705,270.603,20.259,35.54,0
AERO-000032,LOT-2504-0209,20-avr-2025 07:02:00,M01,AL7075,USINAGE,MATIN,FOUR_A,49.904,125.387,7.979,306.542,1.226,20.262,34.371,1.58,5.459,68.59,475.96,79.022,14.2515,204.157,20.132,41.42,0
AERO-000033,LOT-2507-0238,20-juil-2025 01:21:00,M04,INCONEL718,USINAGE,MATIN,FOUR_D,49.833,124.784,8.081,324.341,0.857,23.445,32.552,1.195,5.433,65.847,355.7,77.594,14.51,264.392,20.426,54.54,0
AERO-000034,LOT-2510-0086,12-oct-2025 23:11:00,M04,AL7075,USINAGE,NUIT,FOUR_B,50.038,125.292,7.976,304.88,1.136,13.887,35.575,0.951,4.724,71.439,434.41,81.129,14.2973,201.877,18.907,34.01,0
AERO-000035,LOT-2504-0090,04-avr-2025 06:56:00,M01,TI6AL4V,TRAITEMENT,NUIT,FOUR_B,50.051,124.523,8.017,310.847,1.317,13.325,31.504,1.683,5.849,69.176,410.83,74.881,14.6365,223.709,17.945,40.31,0
AERO-000036,LOT-2512-0123,03-déc-2025 01:29:00,M04,AL7075,TRAITEMENT,MATIN,FOUR_C,50.217,124.473,7.799,303.519,1.076,16.984,30.843,1.611,5.366,70.598,355.84,86.246,14.6035,199.615,22.999,49.65,0
AERO-000037,LOT-2505-0119,20-mai-2025 17:46:00,M04,AL7075,USINAGE,MATIN,FOUR_C,49.888,NaN,8.064,303.197,1.181,22.153,36.185,1.19,4.784,63.966,391.48,83.847,14.5015,211.058,20.423,41.39,0
AERO-000038,LOT-2510-0096,26-oct-2025 18:38:00,M04,AL7075,CONTROLE,MATIN,FOUR_A,49.824,124.911,8.004,303.264,1.365,22.375,32.045,1.104,4.433,66.752,401.61,84.057,14.3151,206.332,19.238,40.29,0
AERO-000039,LOT-2502-0051,15-févr-2025 00:45:00,M03,TI6AL4V,CONTROLE,NUIT,FOUR_D,50.164,124.915,8.129,309.919,1.256,16.071,31.274,1.393,4.937,68.939,436.81,78.36,14.3152,232.085,19.723,39.38,0
AERO-000040,LOT-2506-0056,26-juin-2025 15:13:00,M05,AL7075,CONTROLE,SOIR,FOUR_A,49.715,125.312,7.985,299.248,1.491,11.326,35.759,1.713,5.781,72.788,462.98,75.725,14.4905,194.095,18.535,43.51,0
AERO-000041,LOT-2511-0059,25-nov-2025 06:57:00,M06,AL7075,USINAGE,SOIR,FOUR_D,50.121,125.16,7.952,303.31,1.125,16.277,34.646,2.25,5.92,72.013,403.29,83.527,14.8445,195.766,20.479,45.27,0
AERO-000042,LOT-2502-0096,16-févr-2025 02:23:00,M01,INCONEL718,USINAGE,MATIN,FOUR_B,50.158,124.546,8.067,326.243,0.942,15.232,35.546,1.448,5.008,69.299,329.95,74.109,14.6391,263.759,17.415,42.87,0
AERO-000043,LOT-2601-0099,30-janv-2026 09:31:00,M02,INCONEL718,CONTROLE,SOIR,FOUR_B,50.021,125.022,7.994,324.705,1.082,15.864,36.013,1.358,5.427,66.461,423.86,75.055,14.5072,241.86,18.554,51.63,0
AERO-000044,LOT-2508-0003,22-août-2025 01:40:00,M04,INCONEL718,USINAGE,SOIR,FOUR_C,50.049,125.654,8.071,318.397,1.188,17.412,29.001,1.371,4.389,68.253,428.83,78.063,14.4632,263.905,17.327,32.9,0
AERO-000045,LOT-2502-0169,02-févr-2025 02:50:00,M03,AL7075,USINAGE,NUIT,FOUR_C,50.021,124.896,8.017,298.205,0.824,23.496,27.527,1.668,4.783,67.054,443.12,83.349,14.1874,216.358,19.312,42.59,0
AERO-000046,LOT-2507-0150,21-juil-2025 08:26:00,M05,TI6AL4V,CONTROLE,NUIT,FOUR_C,49.824,125.107,8.064,316.194,0.785,11.779,36.5,1.489,5.835,70.213,350.09,77.209,14.5549,235.345,17.129,44.1,0
AERO-000047,LOT-2601-0166,22-janv-2026 01:27:00,M04,AL7075,USINAGE,MATIN,FOUR_A,50.154,125.545,8.032,304.63,1.304,16.35,33.007,1.644,5.524,70.427,407.46,88.51,14.3526,198.712,17.861,43.87,0
AERO-000048,LOT-2602-0080,07-févr-2026 14:56:00,M03,TI6AL4V,TRAITEMENT,SOIR,FOUR_A,49.837,125.193,7.992,NaN,1.111,20.284,33.112,1.282,5.034,71.653,432.51,76.296,14.6261,234.449,19.384,50.43,0
AERO-000049,LOT-2506-0045,11-juin-2025 13:07:00,M04,AL7075,CONTROLE,MATIN,FOUR_C,50.101,125.061,8.052,299.294,1.342,19.871,35.293,0.908,NaN,68.786,440.15,80.832,14.298,184.127,15.882,50.71,0
AERO-000050,LOT-2505-0075,30-mai-2025 03:34:00,M05,TI6AL4V,CONTROLE,MATIN,FOUR_A,50.06,124.705,7.981,316.05,0.745,13.719,35.824,1.717,5.274,67.108,400.7,77.893,14.1085,242.557,18.222,43.88,0
AERO-000051,LOT-2508-0069,24-août-2025 02:43:00,M05,TI6AL4V,USINAGE,MATIN,FOUR_B,50.492,124.794,7.949,312.039,1.032,17.074,34.281,1.345,4.746,70.395,395.22,76.737,14.3272,228.547,17.757,34.93,0
AERO-000052,LOT-2507-0181,31-juil-2025 03:49:00,M03,AL7075,USINAGE,MATIN,FOUR_B,49.758,125.204,7.953,295.898,1.415,17.996,28.421,1.065,4.578,65.569,387.04,77.64,14.0787,195.873,19.825,43.36,0
AERO-000053,LOT-2602-0102,09-févr-2026 12:46:00,M04,AL7075,TRAITEMENT,SOIR,FOUR_B,50.258,124.487,8.133,301.936,1.205,16.233,33.174,1.49,4.737,67.691,382.84,80.115,14.6277,209.719,20.268,40,0
AERO-000054,LOT-2502-0085,15-févr-2025 09:10:00,M02,TI6AL4V,CONTROLE,SOIR,FOUR_A,50.014,125.53,7.895,310.686,0.857,20.628,32.283,1.368,5.074,70.475,422.86,74.127,14.6408,237.283,19.633,48.12,0
AERO-000055,LOT-2512-0133,31-déc-2025 20:24:00,M02,AL7075,CONTROLE,SOIR,FOUR_C,50.041,125.053,7.939,307.933,1.113,18.448,32.111,1.323,5.308,71.349,436.05,77.968,14.7457,194.963,19.968,35.83,0
AERO-000056,LOT-2502-0140,07-févr-2025 21:54:00,M04,INCONEL718,TRAITEMENT,SOIR,FOUR_B,49.929,124.909,8.038,327.583,0.889,21.536,29.196,1.368,6.017,71.493,405.62,66.382,14.5798,253.678,21.278,49.45,0
AERO-000057,LOT-2510-0168,13-oct-2025 19:10:00,M01,AL7075,USINAGE,SOIR,FOUR_B,49.839,124.801,8.088,307.902,1.266,17.038,26.918,1.296,4.456,69.387,419.75,82.926,14.372,209.306,19.603,39.97,0
AERO-000058,LOT-2507-0191,11-juil-2025 10:36:00,M06,INCONEL718,USINAGE,SOIR,FOUR_B,49.96,124.251,7.998,320.378,0.964,16.104,30.319,2.051,6.056,67.883,382.61,73.754,14.5118,244.744,20.62,31.89,0
AERO-000059,LOT-2507-0182,10-juil-2025 15:30:00,M06,AL7075,USINAGE,MATIN,FOUR_B,50.351,124.565,8.104,303.117,1.74,14.786,35.927,1.309,5.174,72.405,418.91,73.353,14.2441,187.613,21.352,36.12,0
AERO-000060,LOT-2502-0213,10-févr-2025 13:25:00,M03,AL7075,USINAGE,MATIN,FOUR_C,49.913,124.814,8.009,302.765,1.087,25.925,31.725,1.478,5.653,62.603,326.81,77.448,14.6033,212.158,19.451,58.85,0
AERO-000061,LOT-2508-0089,11-août-2025 17:51:00,M05,AL7075,USINAGE,SOIR,FOUR_B,49.984,124.659,8.129,305.714,0.716,16.143,33.884,1.859,6.132,69.452,349.78,81.012,14.7311,209.978,20.466,39.67,0
AERO-000062,LOT-2504-0228,19-avr-2025 09:27:00,M02,TI6AL4V,USINAGE,SOIR,FOUR_A,50.132,124.881,7.833,308.419,1.045,16.283,31.856,1.348,5.225,80.283,211.12,61.11,15.6544,238.146,19.974,59.46,1
AERO-000063,LOT-2503-0135,25-mars-2025 01:18:00,M03,AL7075,USINAGE,MATIN,FOUR_A,49.912,124.974,8.079,302.65,1.199,18.72,31.467,1.1,4.58,66.569,429.32,82.523,14.5459,205.214,18.724,46.31,0
AERO-000064,LOT-2601-0142,28-janv-2026 03:31:00,M02,AL7075,CONTROLE,MATIN,FOUR_D,50.087,125.34,8.025,301.29,0.895,23.328,33.276,0.811,3.53,63.304,452.89,84.2,14.6348,206.31,21.683,45.83,0
AERO-000065,LOT-2502-0096,04-févr-2025 17:45:00,M03,TI6AL4V,CONTROLE,NUIT,FOUR_A,50.061,124.678,7.971,316.025,0.906,21.173,32.616,1.646,5.106,68.536,390.07,78.909,14.5918,233.569,18.814,34.61,0
AERO-000066,LOT-2501-0176,14-janv-2025 21:24:00,M04,AL7075,USINAGE,MATIN,FOUR_D,49.889,125.427,7.837,301.308,1.279,18.345,31.276,1.067,5.059,67.789,388.93,80.105,14.9617,211.276,18.704,21.79,0
AERO-000067,LOT-2508-0021,25-août-2025 03:47:00,M03,AL7075,TRAITEMENT,MATIN,FOUR_B,49.768,124.974,7.931,303.961,1.406,18.001,33.698,1.282,5.241,64.755,438.87,82.712,14.061,189.005,19.116,46.68,0
AERO-000068,LOT-2512-0013,22-déc-2025 11:12:00,M02,AL7075,USINAGE,SOIR,FOUR_D,50.196,125.53,8.077,305.582,1.07,20.438,31.785,1.335,5.927,68.104,412.35,88.616,14.4312,214.914,19.608,49.16,0
AERO-000069,LOT-2506-0056,04-juin-2025 23:15:00,M05,AL7075,CONTROLE,NUIT,FOUR_A,50.132,124.825,7.999,307.592,1.699,20.07,37.423,2.136,6.005,66.126,395.87,78.296,14.637,213.537,20.022,42.47,1
AERO-000070,LOT-2501-0203,02-janv-2025 15:02:00,M04,INCONEL718,TRAITEMENT,SOIR,FOUR_C,50.156,125.147,7.798,320.917,1.158,19.836,33.663,1.104,4.613,71.301,NaN,70.135,14.7949,266.446,19.843,38.88,0
AERO-000071,LOT-2501-0168,28-janv-2025 02:55:00,M02,TI6AL4V,CONTROLE,SOIR,FOUR_B,50.229,124.804,8.041,303.725,1.829,20.344,33.277,1.643,6.214,69.042,454.97,64.522,14.3849,185.568,19.765,38.04,1
AERO-000072,LOT-2508-0167,26-août-2025 02:11:00,M04,AL7075,USINAGE,SOIR,FOUR_B,50.036,124.966,8.039,299.664,1.167,19.293,32.78,1.55,5.152,69.462,373.53,83.949,14.5313,192.738,19.354,58.45,0
AERO-001269,LOT-2510-0121,10-oct-2025 06:07:00,M05,INCONEL718,CONTROLE,MATIN,FOUR_A,50.014,125.27,7.958,332.257,1.893,11.254,36.651,1.696,5.263,64.572,402.96,58.155,14.6858,229.206,19.263,36.44,1
AERO-000074,LOT-2601-0081,31-janv-2026 11:21:00,M06,TI6AL4V,USINAGE,MATIN,FOUR_C,49.962,124.905,7.93,312.594,0.94,18.989,34.494,1.832,5.616,71.478,403.71,76.559,14.8776,223.019,18.81,29.65,0
AERO-000075,LOT-2505-0208,20-mai-2025 09:35:00,M02,INCONEL718,CONTROLE,MATIN,FOUR_A,50.127,124.088,7.839,317.89,1.078,21.022,38.633,1.16,5.062,68.791,363.95,70.429,14.4828,260.191,18.366,42.09,0
AERO-000076,LOT-2504-0062,11-avr-2025 21:19:00,M03,AL7075,CONTROLE,MATIN,FOUR_A,49.972,125.178,8.022,304.468,1.078,19.451,36.248,1.34,5.039,66.334,392.37,76.851,14.4997,209.56,19.368,47.38,0
AERO-000077,LOT-2503-0100,21-mars-2025 11:00:00,M02,AL7075,CONTROLE,SOIR,FOUR_B,49.839,124.999,8.099,302.623,0.979,17.812,31.957,1.639,5.86,82.941,450.83,65.67,15.2514,209.839,18.863,46.55,1
AERO-000078,LOT-2503-0069,31-mars-2025 10:04:00,M06,AL7075,USINAGE,NUIT,FOUR_B,50.23,124.847,7.963,301.424,1.188,13.77,34.548,1.737,4.987,69.904,369.28,83.795,14.4822,203.818,21.858,50.29,0
AERO-000079,LOT-2505-0040,12-mai-2025 09:02:00,M04,AL7075,USINAGE,MATIN,FOUR_D,49.886,124.746,7.882,299.42,1.248,14.721,32.12,1.734,5.671,69.789,481.37,80.885,14.6533,200.508,16.355,37.18,0
AERO-000080,LOT-2503-0191,01-mars-2025 07:45:00,M06,TI6AL4V,USINAGE,MATIN,FOUR_B,50.268,125.049,7.863,315.754,0.803,25.136,32.363,1.897,6.194,69.198,456.94,78.215,14.3986,238.932,20.65,21.48,0
AERO-000081,LOT-2506-0113,17-juin-2025 18:33:00,M01,AL7075,USINAGE,SOIR,FOUR_A,49.86,125.673,8.013,302.638,1.328,17.489,33.806,1.396,5.133,66.423,462.8,80.393,14.4892,201.772,21.559,51.02,0
AERO-000082,LOT-2507-0089,16-juil-2025 20:19:00,M04,INCONEL718,CONTROLE,MATIN,FOUR_B,50.136,125.123,8.139,325.059,1.081,18.941,47.796,3.346,10.34,64.992,385.45,75.415,14.3286,255.813,18.996,33.18,1
AERO-000083,LOT-2508-0013,07-août-2025 15:10:00,M06,AL7075,TRAITEMENT,MATIN,FOUR_A,50.071,125.432,8.044,305.243,1.438,22.134,49.52,3.926,8.979,68.256,455.99,77.246,14.4642,205.246,18.466,42.45,1
AERO-000084,LOT-2601-0198,23-janv-2026 05:52:00,M06,AL7075,USINAGE,SOIR,FOUR_B,50.086,124.832,7.963,303.977,0.906,16.79,35,2.119,6.471,71.015,468.27,78.78,14.3488,202.278,16.999,NaN,0
AERO-000085,LOT-2507-0137,24-juil-2025 01:37:00,M03,INCONEL718,CONTROLE,NUIT,FOUR_A,50.246,125.604,8.017,324.276,1.47,17.575,32.581,1.438,4.697,64.895,424.51,75.307,14.6852,263.571,19.336,46.34,0
AERO-002322,LOT-2503-0099,29-mars-2025 00:03:00,M04,AL7075,CONTROLE,MATIN,FOUR_C,49.72,125.163,7.939,298.515,1.321,22.67,28.866,0.942,4.741,63.654,456.65,74.217,NaN,190.572,19.027,51.51,0
AERO-000087,LOT-2511-0237,22-nov-2025 03:51:00,M04,AL7075,CONTROLE,SOIR,FOUR_C,50.124,124.905,7.901,302.948,1.279,13.788,33.741,1.094,4.17,68.418,439.57,79.816,14.3649,211.519,18.783,47,0
AERO-000088,LOT-2502-0093,18-févr-2025 04:12:00,M03,INCONEL718,USINAGE,MATIN,FOUR_B,50.077,124.81,7.981,320.403,1.129,18.245,31.169,1.317,4.779,75.583,476.51,55.431,15.3659,241.779,18.509,41.97,1
AERO-000089,LOT-2602-0172,15-févr-2026 11:48:00,M05,AL7075,USINAGE,SOIR,FOUR_B,49.695,125.527,7.989,308.734,1.475,17.741,38.483,1.9,4.805,72.272,452.89,68.841,14.6546,170.467,19.921,52.65,1
AERO-000090,LOT-2505-0021,30-mai-2025 02:32:00,M04,TI6AL4V,TRAITEMENT,SOIR,FOUR_B,49.924,124.98,8.041,314.238,1.011,20.407,35.271,1.493,4.921,69.751,369.35,81.57,14.3595,243.241,18.984,40.43,0
AERO-000091,LOT-2509-0214,23-sept-2025 03:55:00,M06,INCONEL718,CONTROLE,MATIN,FOUR_A,50.163,125.626,8.057,323.246,1.076,27.869,34.557,NaN,5.967,65.598,401.44,78.257,14.7076,247.822,19.336,39.79,0
AERO-000092,LOT-2504-0038,08-avr-2025 11:47:00,M03,TI6AL4V,USINAGE,MATIN,FOUR_B,50.109,124.822,8.018,315.419,0.85,11.105,33.172,1.594,4.786,68.169,404.92,78.039,14.3311,238.324,20.918,40.53,0
AERO-000093,LOT-2511-0211,12-nov-2025 22:23:00,M04,AL7075,CONTROLE,MATIN,FOUR_D,50.2,123.985,8.145,304.681,0.964,46.109,31.815,1.346,4.488,69.649,382.32,84.831,14.7218,202.746,19.47,59.08,1
AERO-000094,LOT-2504-0094,22-avr-2025 02:57:00,M03,INCONEL718,USINAGE,SOIR,FOUR_A,49.712,126.6,8.062,316.827,1.007,31.938,30.067,1.152,4.559,68.555,398.72,69.293,14.527,249.865,18.313,44.88,1
AERO-000095,LOT-2504-0214,16-avr-2025 19:49:00,M02,INCONEL718,USINAGE,SOIR,FOUR_C,49.996,125.073,8.009,329.117,1.927,21.615,34.357,1.149,4.814,65.937,401.23,63.364,14.6798,226.16,21.626,29.59,1
AERO-000096,LOT-2510-0046,09-oct-2025 23:47:00,M03,TI6AL4V,USINAGE,MATIN,FOUR_A,49.848,124.515,8.124,312.465,1.109,17.284,33.899,1.417,5.566,66.91,443.6,72.192,14.7186,227.683,17.792,62.93,0
AERO-000097,LOT-2510-0014,30-oct-2025 04:55:00,M06,TI6AL4V,CONTROLE,SOIR,FOUR_A,50.062,125.339,NaN,309.818,1.206,17.984,33.736,1.325,5.691,67.719,423.23,78.863,14.6546,245.452,17.346,48.59,0
AERO-000098,LOT-2601-0042,24-janv-2026 02:10:00,M03,INCONEL718,CONTROLE,MATIN,FOUR_C,49.776,125.494,7.95,322.441,1.358,15.549,36.248,1.765,5.651,NaN,381.04,76.381,14.6974,252.206,17.544,49.64,0
AERO-000099,LOT-2510-0067,03-oct-2025 01:21:00,M01,TI6AL4V,USINAGE,NUIT,FOUR_B,50.11,125.27,8.035,311.627,1.146,15.751,44.992,2.675,6.862,68.649,419.13,74.622,14.6471,233.947,NaN,42.45,1
AERO-000100,LOT-2502-0138,04-févr-2025 21:42:00,M01,AL7075,USINAGE,MATIN,FOUR_D,49.89,124.969,8.08,302.804,1.291,20.187,30.202,1.17,5,70.171,484.3,82.806,14.2135,194.236,15.215,47.37,0
AERO-000101,LOT-2508-0062,21-août-2025 17:24:00,M03,AL7075,USINAGE,SOIR,FOUR_C,50.073,125.142,7.842,302.168,1.159,10.222,31.692,0.883,4.786,79.929,270.55,56.45,14.7455,204.251,16.217,46.25,1
AERO-000102,LOT-2511-0048,15-nov-2025 12:45:00,M05,INCONEL718,CONTROLE,NUIT,FOUR_B,50.09,124.758,8.081,328.445,1.059,13.984,36.036,1.961,5.199,70.398,401.79,77.265,14.7652,255.189,18.633,46.11,0
AERO-000103,LOT-2502-0197,03-févr-2025 19:37:00,M03,AL7075,CONTROLE,SOIR,FOUR_C,49.754,124.868,7.943,297.874,1.18,17.853,33.426,1.466,5.86,70.861,432.13,78.74,14.602,190.328,18.142,57.33,0
AERO-000104,LOT-2506-0094,25-juin-2025 21:24:00,M05,TI6AL4V,TRAITEMENT,SOIR,FOUR_A,49.712,124.965,7.902,317.754,1.287,23.11,39.079,1.421,5.041,67.917,470.64,74.635,14.505,233.442,18.749,48.52,0
AERO-000105,LOT-2512-0030,22-déc-2025 08:45:00,M05,AL7075,USINAGE,MATIN,FOUR_D,49.861,124.433,8.004,315.925,1.555,14.662,35.679,1.879,5.748,71.119,460.75,70.95,14.6283,188.798,17.841,41.73,1
AERO-000106,LOT-2504-0217,08-avr-2025 00:18:00,M05,AL7075,USINAGE,SOIR,FOUR_B,49.96,125.283,NaN,302.931,1.085,17.835,31.543,1.481,5.321,67.058,443.63,78.185,14.4615,206.822,18.183,54.36,0
AERO-000107,LOT-2506-0086,05-juin-2025 08:42:00,M02,INCONEL718,USINAGE,SOIR,FOUR_B,49.746,125.145,7.92,313.599,0.579,17.539,31.536,1.461,5.301,67.136,439.95,64.804,14.587,252.254,16.938,50.46,0
AERO-000108,LOT-2510-0136,06-oct-2025 17:30:00,M04,AL7075,USINAGE,MATIN,FOUR_A,50.019,124.966,7.904,301.707,0.965,18.466,29.736,1.093,4.738,65.907,449.88,NaN,14.2773,194.477,17.715,57.47,0
AERO-000109,LOT-2502-0181,15-févr-2025 10:54:00,M02,INCONEL718,TRAITEMENT,MATIN,FOUR_A,49.97,125.208,8.053,325.843,0.994,11.213,36.381,1.094,5.793,66.748,445.91,73.075,14.4171,255.824,19.724,50.49,0
AERO-000110,LOT-2601-0153,18-janv-2026 13:59:00,M06,AL7075,TRAITEMENT,SOIR,FOUR_A,49.93,125.523,7.982,NaN,0.895,19.118,37.551,1.55,4.61,69.333,431.68,82.126,14.4624,206.04,16.663,36.01,0
AERO-000111,LOT-2602-0086,03-févr-2026 10:21:00,M04,TI6AL4V,CONTROLE,SOIR,FOUR_A,50.176,125.296,7.931,313.661,0.872,18.294,37.557,1.459,5.096,71.403,436.73,77.407,14.6488,245.035,17.746,48.6,0
AERO-000112,LOT-2601-0218,08-janv-2026 20:13:00,M02,AL7075,USINAGE,SOIR,FOUR_C,49.816,125.255,7.843,301.297,1.894,15.372,33.213,0.993,4.204,69.757,430.25,84.265,14.2636,200.765,20.111,33.85,1
AERO-000113,LOT-2507-0239,11-juil-2025 07:08:00,M06,TI6AL4V,CONTROLE,SOIR,FOUR_D,50.037,125.271,8.003,319.864,1.411,21.371,49.833,2.865,9.677,70.074,446.82,75.551,14.6959,230.202,18.636,67.65,1
AERO-000114,LOT-2602-0146,23-févr-2026 04:48:00,M06,INCONEL718,TRAITEMENT,SOIR,FOUR_C,49.869,124.889,8.011,320.049,1.119,20.385,36.983,2,6.353,68.579,456.32,82.257,14.6657,246.628,17.865,45.01,0
AERO-000115,LOT-2601-0230,19-janv-2026 09:33:00,M04,INCONEL718,USINAGE,NUIT,FOUR_A,49.668,125.623,8.047,325.235,0.953,17.556,30.248,1.404,5.244,62.355,412.28,79.921,14.4606,261.149,20.02,46.1,0
AERO-000116,LOT-2508-0179,12-août-2025 21:00:00,M04,AL7075,USINAGE,SOIR,FOUR_B,50.016,125.924,8.088,301.219,1.221,16.201,33.348,1.501,5.236,70.874,450.63,80.795,14.5946,203.44,19.23,44.28,0
AERO-000117,LOT-2504-0040,23-avr-2025 06:16:00,M06,AL7075,TRAITEMENT,NUIT,FOUR_D,50.143,125.436,8.079,302.441,1.262,17.652,38.103,NaN,5.277,69.291,404.97,79.249,14.7341,218.627,15.668,47.01,0
AERO-000118,LOT-2601-0002,24-janv-2026 18:43:00,M02,TI6AL4V,USINAGE,NUIT,FOUR_A,50.041,125.048,8.108,317.757,1.007,22.781,32.704,1.504,5.901,69.324,368.17,75.584,14.459,242.072,17.904,43.93,0
AERO-000119,LOT-2502-0147,27-févr-2025 10:44:00,M05,AL7075,USINAGE,SOIR,FOUR_B,50.012,124.213,7.876,303.142,2.807,19.56,33.252,1.894,5.471,71.925,422.89,86.264,14.3272,209.457,21.404,50.92,1
AERO-000120,LOT-2501-0050,25-janv-2025 19:30:00,M03,TI6AL4V,USINAGE,SOIR,FOUR_C,50.153,124.771,7.921,319.046,0.972,15.693,34.254,0.755,4.51,69.583,483.92,80.971,14.5271,236.541,20.979,38.52,0
AERO-000121,LOT-2510-0220,03-oct-2025 15:33:00,M04,TI6AL4V,TRAITEMENT,NUIT,FOUR_A,50.112,124.093,7.86,317.012,1.002,19.88,35.832,1.213,4.527,69.648,370.26,75.174,14.6824,230.665,19.211,43.48,0
AERO-000122,LOT-2512-0062,21-déc-2025 09:46:00,M06,AL7075,USINAGE,NUIT,FOUR_C,49.909,125.145,8.002,304.322,1.384,18.669,34.974,1.9,5.688,67.425,450.97,84.712,14.5637,194.879,19.431,34.19,0
AERO-000123,LOT-2505-0119,15-mai-2025 02:54:00,M01,INCONEL718,CONTROLE,SOIR,FOUR_A,50.026,124.466,8,323.542,1.346,19.201,31.301,1.249,5.232,67.276,449.73,74.413,14.7233,255.426,19.28,51.04,0
AERO-000124,LOT-2511-0038,10-nov-2025 00:41:00,M06,AL7075,TRAITEMENT,NUIT,FOUR_A,50.299,125.621,7.978,302.2,1.4,17.423,31.256,1.895,5.7,70.916,417.92,86.574,14.5286,194.668,17.599,41.96,0
AERO-000125,LOT-2501-0148,29-janv-2025 10:12:00,M01,AL7075,CONTROLE,MATIN,FOUR_B,49.809,124.995,7.938,302.336,0.655,15.858,37.96,1.482,6.304,66.448,422.16,80.212,14.3228,207.349,18.765,54.57,0
AERO-000126,LOT-2508-0205,10-août-2025 13:08:00,M05,AL7075,USINAGE,SOIR,FOUR_C,49.916,124.948,7.979,NaN,0.814,12.71,33.724,1.7,5.075,82.379,323.45,59.192,15.1404,218.919,20.547,43.01,1
AERO-000127,LOT-2509-0180,05-sept-2025 11:19:00,M04,INCONEL718,TRAITEMENT,MATIN,FOUR_C,49.985,125.827,8.032,319.565,0.87,10.698,33.303,1.085,4.589,65.054,430.78,70.974,14.9231,265.32,17.2,36.68,0
AERO-000128,LOT-2503-0060,09-mars-2025 19:00:00,M05,AL7075,USINAGE,MATIN,FOUR_B,50.015,125.725,7.998,304.145,0.923,18.608,35.779,1.642,4.93,64.531,433.51,81.799,14.4718,205.126,21.633,46.31,0
AERO-000129,LOT-2510-0014,05-oct-2025 18:55:00,M05,AL7075,USINAGE,NUIT,FOUR_B,49.789,125.024,NaN,302.278,1.436,17.456,49.434,3.316,7.351,65.818,402.38,83.003,14.7035,184.403,18.225,32.32,1
AERO-000130,LOT-2506-0191,18-juin-2025 09:48:00,M06,AL7075,USINAGE,MATIN,FOUR_C,49.775,125.107,8.026,314.998,1.858,19.093,36.031,1.571,6.053,75.655,436.76,78.228,14.7597,201.779,19.433,49.36,1
AERO-000131,LOT-2501-0197,23-janv-2025 00:39:00,M06,AL7075,USINAGE,MATIN,FOUR_C,49.89,124.697,8.061,301.507,1.257,16.563,36.453,2.035,5.735,68.523,472.57,77.836,14.2114,199.863,19.463,37.82,0
AERO-000132,LOT-2601-0152,06-janv-2026 19:15:00,M05,INCONEL718,CONTROLE,SOIR,FOUR_A,50.114,124.794,8.072,316.176,1.061,21.179,37.151,1.651,5.298,72.919,386.33,73.248,14.9357,250.165,18.473,41.63,0
AERO-000133,LOT-2510-0152,05-oct-2025 07:19:00,M06,AL7075,USINAGE,MATIN,FOUR_B,50.154,NaN,8.101,300.732,1.257,22.748,34.848,1.728,5.876,69.469,444.28,83.42,14.6872,190.117,18.758,40.21,0
AERO-000134,LOT-2501-0009,05-janv-2025 11:25:00,M03,INCONEL718,TRAITEMENT,NUIT,FOUR_D,50.043,125.305,8.052,324.722,1.209,19.876,32.54,1.249,4.742,70.528,434.45,71.903,14.3493,264.107,20.659,43.68,0
AERO-000135,LOT-2510-0217,17-oct-2025 19:01:00,M02,AL7075,USINAGE,MATIN,FOUR_A,50.103,124.962,7.928,303.918,1.464,25.118,42.27,2.036,6.465,69.013,400.14,81.322,14.551,199.847,18.785,42.8,1
AERO-000136,LOT-2504-0134,15-avr-2025 17:18:00,M06,AL7075,USINAGE,SOIR,FOUR_B,49.926,125.106,7.977,304.668,1.127,10.643,35.802,1.722,5.33,70.785,437.61,81.126,14.4518,195.608,21.232,50.07,0
AERO-000137,LOT-2509-0012,28-sept-2025 13:21:00,M01,AL7075,USINAGE,MATIN,FOUR_A,50.235,124.824,8.061,298.403,0.939,10.595,39.523,2.554,8.418,70.095,389.97,NaN,14.443,198.112,19.758,39.52,1
AERO-000138,LOT-2512-0065,27-déc-2025 14:38:00,M05,TI6AL4V,USINAGE,NUIT,FOUR_A,50.068,125.45,8.111,314.984,1.015,17.893,34.553,1.265,4.85,73.295,367.13,79.981,14.6391,246.151,20.035,48.46,0
AERO-000139,LOT-2602-0045,21-févr-2026 06:50:00,M02,AL7075,USINAGE,NUIT,FOUR_D,50.083,125.316,7.886,302.015,2.178,16.304,33.311,1.543,4.935,70.696,376.52,81.737,14.371,203.999,24.254,41.26,1
AERO-000140,LOT-2509-0141,14-sept-2025 07:11:00,M03,AL7075,USINAGE,NUIT,FOUR_C,49.995,124.794,8.06,300.597,1.06,16.885,34.753,1.272,5.063,69.748,433.52,77.199,14.332,216.212,19.841,43.71,0
AERO-000141,LOT-2510-0022,23-oct-2025 12:23:00,M01,TI6AL4V,USINAGE,MATIN,FOUR_A,49.88,125.217,NaN,315.272,0.858,20.153,31.581,1.055,4.459,66.568,361.36,82.322,14.0966,220.508,17.722,50.85,0
AERO-000142,LOT-2504-0024,19-avr-2025 19:10:00,M06,AL7075,USINAGE,MATIN,FOUR_D,50.028,124.897,8.113,299.716,1.398,20.185,39.08,1.829,6.612,65.798,438.38,80.427,14.576,213.073,20.704,44.66,0
AERO-000143,LOT-2602-0181,26-févr-2026 11:11:00,M04,AL7075,CONTROLE,SOIR,FOUR_A,50.047,124.69,7.999,297.635,1.077,19.202,35.897,1.324,4.949,68.5,391.23,84.953,14.6154,205.282,20.005,45.99,0
AERO-000144,LOT-2512-0224,12-déc-2025 10:06:00,M04,TI6AL4V,USINAGE,NUIT,FOUR_D,49.569,124.743,7.901,313.455,1.45,18.568,34.474,1.575,5.027,63.189,404.59,73.383,14.3661,246.402,20.978,38.44,0
AERO-000145,LOT-2506-0126,02-juin-2025 11:00:00,M05,TI6AL4V,USINAGE,SOIR,FOUR_A,49.98,124.953,7.983,312.183,NaN,15.145,34.604,1.526,5.402,67.728,402.22,76.432,14.7942,253.516,21.352,49.7,0
AERO-000146,LOT-2602-0024,20-févr-2026 07:18:00,M05,AL7075,USINAGE,MATIN,FOUR_C,49.967,124.791,7.926,305.179,1.25,20.565,36.786,2.415,6.687,72.992,370.97,83.324,14.5449,197.983,17.155,44.37,0
AERO-000147,LOT-2509-0039,12-sept-2025 23:29:00,M05,INCONEL718,CONTROLE,MATIN,FOUR_B,50.184,125.138,7.957,322.588,0.915,16.276,32.952,1.912,6.234,65.91,456.52,69.158,14.6536,256.779,18.57,50.91,0
AERO-000148,LOT-2511-0133,14-nov-2025 16:23:00,M01,AL7075,USINAGE,SOIR,FOUR_B,50.248,124.752,7.998,295.827,1.708,15.587,33.151,1.493,5.078,69.117,453.33,69.427,14.6594,177.635,17.107,52.11,1
AERO-000149,LOT-2504-0054,04-avr-2025 00:06:00,M06,AL7075,USINAGE,MATIN,FOUR_A,50.013,124.975,7.963,310.652,1.853,24.622,37.656,1.956,5.502,72.073,432.44,73.088,14.0549,172.196,16.737,43.8,1
AERO-000150,LOT-2502-0238,28-févr-2025 20:38:00,M02,INCONEL718,TRAITEMENT,SOIR,FOUR_A,50.05,125.328,8.016,326.055,1.087,18.864,29.25,1.427,4.927,64.418,387.75,71.006,14.531,258.572,20.501,41.8,0
AERO-000151,LOT-2601-0070,15-janv-2026 14:00:00,M04,INCONEL718,TRAITEMENT,SOIR,FOUR_C,50.175,124.946,7.895,325.762,1.363,21.088,44.042,3.794,6.042,67.793,362.53,76.935,14.9517,261.492,19.906,47.84,1
AERO-000152,LOT-2601-0037,18-janv-2026 11:26:00,M04,AL7075,CONTROLE,SOIR,FOUR_B,50.044,125.105,7.926,302.304,1.064,20.737,37.993,1.047,4.573,68.981,410.69,NaN,14.4899,201.22,18.248,56.37,0
AERO-000153,LOT-2601-0183,19-janv-2026 15:44:00,M05,TI6AL4V,CONTROLE,MATIN,FOUR_A,49.823,124.026,7.797,311.393,0.966,23.137,35.971,1.661,5.431,68.889,414.24,79.771,14.1668,244.421,20.636,22.23,0
AERO-000154,LOT-2507-0115,23-juil-2025 23:31:00,M02,TI6AL4V,CONTROLE,SOIR,FOUR_A,49.991,124.444,7.998,311.687,0.944,15.467,34.48,2.068,NaN,76.188,364.11,84.116,14.621,238.845,21.189,43.67,0
AERO-000155,LOT-2510-0027,06-oct-2025 07:20:00,M03,AL7075,CONTROLE,MATIN,FOUR_B,49.999,125.379,7.986,302.961,1.11,11.998,31.52,1.419,5.224,69.222,434.32,83.066,14.3502,195.284,19.156,30.86,0
AERO-000156,LOT-2501-0173,14-janv-2025 02:47:00,M02,AL7075,CONTROLE,MATIN,FOUR_D,50.033,125.247,7.984,303.057,1.127,23.784,30.721,1.218,5.026,86.228,548.8,69.11,14.729,198.127,21.055,58.34,1
AERO-000157,LOT-2602-0006,21-févr-2026 10:02:00,M01,AL7075,CONTROLE,SOIR,FOUR_D,50.064,125.444,7.971,298.818,1.01,13.141,32.876,1.171,4.019,67.384,484.91,79.536,14.6739,211.094,22.506,54.91,0
AERO-000158,LOT-2601-0197,04-janv-2026 14:27:00,M05,AL7075,CONTROLE,SOIR,FOUR_B,50.245,124.775,7.971,301.414,1.05,13.885,39.708,1.483,5.283,67.888,423.46,74.488,14.3932,207.849,19.069,41.04,0
AERO-000159,LOT-2504-0177,04-avr-2025 22:17:00,M01,INCONEL718,USINAGE,SOIR,FOUR_B,50.021,125.351,7.89,324.29,0.833,19.252,34.341,3.17,9.377,70.581,456.91,71.185,14.3414,254.167,21.225,40.35,1
AERO-000160,LOT-2512-0204,04-déc-2025 12:00:00,M04,INCONEL718,TRAITEMENT,SOIR,FOUR_D,49.853,127.156,7.854,323.067,1.099,24.734,34.543,1.221,4.513,63.829,444.99,64.244,14.7843,258.886,15.942,NaN,1
AERO-000161,LOT-2602-0084,27-févr-2026 02:31:00,M01,AL7075,USINAGE,SOIR,FOUR_B,49.863,125.09,7.902,302.205,1.052,16.434,32.706,1.244,4.817,69.186,404.81,78.567,14.7134,195.275,19.03,46.4,0
AERO-000162,LOT-2505-0028,08-mai-2025 00:10:00,M02,TI6AL4V,TRAITEMENT,NUIT,,50.169,124.895,8.044,318.094,1.525,22.986,28.141,1.169,5.038,70.096,366.71,74.351,14.6654,232.278,14.507,41.89,0
AERO-000163,LOT-2507-0052,16-juil-2025 10:12:00,M04,AL7075,CONTROLE,MATIN,FOUR_A,49.838,125.087,7.931,305.915,0.966,25.002,33.693,1.238,4.753,67.58,447.35,79.888,14.8691,205.252,17.726,56.3,0
AERO-000164,LOT-2505-0212,13-mai-2025 00:43:00,M05,INCONEL718,USINAGE,SOIR,FOUR_A,49.802,124.518,8.056,320.204,0.898,27.255,35.755,1.459,4.8,70.464,403.31,71.296,14.4901,259.492,17.61,50.4,0
AERO-000165,LOT-2501-0094,27-janv-2025 23:20:00,M05,INCONEL718,USINAGE,MATIN,FOUR_B,49.858,125.066,8.017,323.48,0.829,20.72,32.321,1.198,5.181,69.869,390.31,77.368,14.3498,255.693,18.007,34.64,0
AERO-000166,LOT-2509-0171,13-sept-2025 09:29:00,M01,TI6AL4V,CONTROLE,NUIT,FOUR_D,50.475,124.201,7.951,314.077,1.609,19.29,33.003,1.02,4.429,69.324,445.3,72.665,14.5804,227.022,17.65,36.97,0
AERO-000167,LOT-2602-0204,07-févr-2026 20:35:00,M01,TI6AL4V,CONTROLE,MATIN,FOUR_C,49.985,124.554,7.984,315.498,1.114,19.19,28.975,1.437,4.091,69.602,462.51,76.814,14.5789,237.573,19.082,31.15,0
AERO-000168,LOT-2601-0136,13-janv-2026 00:57:00,M02,INCONEL718,USINAGE,SOIR,FOUR_A,50.031,125.265,7.898,323.592,0.913,18.334,35.259,1.491,5.41,72.113,376.25,71.573,14.8009,258.714,17.014,41.5,0
AERO-000169,LOT-2504-0131,09-avr-2025 12:02:00,M01,AL7075,TRAITEMENT,MATIN,FOUR_A,49.912,125.045,7.902,303.24,0.984,17.565,31.709,1.269,4.92,66.786,448.38,79.596,14.5207,205.585,19.471,24.88,0
AERO-000170,LOT-2502-0102,12-févr-2025 15:21:00,M04,AL7075,USINAGE,NUIT,FOUR_D,49.967,125.095,8.011,304.239,1.199,23.478,37.837,1.366,4.369,70.869,388.96,77.901,14.3986,203.413,19.132,44.3,0
AERO-000171,LOT-2602-0231,22-févr-2026 12:45:00,M02,AL7075,USINAGE,MATIN,FOUR_C,50.235,124.91,8.081,304.26,0.996,12.003,28.781,1.275,5.225,68.22,433.75,78.385,14.6686,NaN,19.306,48.09,0
AERO-000172,LOT-2505-0151,22-mai-2025 15:56:00,M02,AL7075,TRAITEMENT,MATIN,FOUR_A,49.938,125.03,8.102,305.707,0.742,15.655,31.223,1.143,5.009,70.403,486.69,84.012,14.2716,213.283,19.436,38.46,0
AERO-000173,LOT-2508-0233,05-août-2025 14:52:00,M06,TI6AL4V,TRAITEMENT,MATIN,FOUR_C,50.285,125.334,7.878,310.496,1.14,15.757,38.7,1.663,5.34,71.681,330.57,75.878,14.5731,244.058,19.691,56.31,0
AERO-000174,LOT-2505-0024,22-mai-2025 08:40:00,M02,AL7075,CONTROLE,SOIR,FOUR_A,49.759,125.143,7.97,301.396,1.269,23.226,36.684,1.42,5.141,70.08,454.94,86.436,14.5281,186.012,18.668,40.17,0
AERO-000175,LOT-2501-0102,02-janv-2025 02:24:00,M04,AL7075,USINAGE,MATIN,FOUR_C,50.606,123.396,8.055,301.782,1.129,35.193,31.513,1.084,4.658,65.962,519.12,84.828,14.8696,201.061,18.863,36.86,1
AERO-000176,LOT-2506-0077,04-juin-2025 23:39:00,M01,INCONEL718,USINAGE,MATIN,FOUR_B,49.88,125.854,7.892,321.399,1.325,15.282,32.556,1.077,5.19,66.038,438.16,74.772,14.7911,263.423,19.136,45.92,0
AERO-000177,LOT-2506-0009,19-juin-2025 02:17:00,M03,AL7075,USINAGE,MATIN,FOUR_A,49.833,124.158,7.937,296.758,1.273,16.868,30.222,1.321,4.361,67.676,416.73,80.868,14.2781,195.475,18.442,21.69,0
AERO-000178,LOT-2509-0047,14-sept-2025 01:45:00,M05,AL7075,CONTROLE,MATIN,FOUR_A,49.931,125.583,7.894,301.16,1.509,15.856,35.22,1.628,5.683,80.064,325.05,67.77,15.1681,209.934,18.115,37.77,1
AERO-000179,LOT-2602-0232,10-févr-2026 09:24:00,M05,INCONEL718,TRAITEMENT,SOIR,FOUR_A,50.055,125.232,8.107,315.732,1.559,24.978,34.187,1.753,5.219,68.835,405.33,80.463,14.3514,255.097,21.978,42.57,0
AERO-000180,LOT-2503-0114,16-mars-2025 11:39:00,M03,AL7075,USINAGE,MATIN,FOUR_A,49.955,125.272,7.953,302.165,0.949,17.206,28.396,1.839,5.991,67.211,467.76,78.424,14.3846,196.718,18.179,37.26,0
AERO-000181,LOT-2502-0020,16-févr-2025 16:31:00,M03,AL7075,CONTROLE,MATIN,FOUR_A,49.991,124.885,8.004,301.978,1.185,10.926,35.714,1.329,5.073,71.479,380.95,84.718,14.3048,207.878,20.954,52.22,0
AERO-000182,LOT-2503-0136,17-mars-2025 23:01:00,M02,AL7075,CONTROLE,MATIN,FOUR_B,49.951,125.042,8.138,306.226,1.077,20.424,31.29,1.609,5.774,67.306,463.68,77.278,14.7119,208.982,17.872,47.41,0
AERO-000183,LOT-2601-0228,01-janv-2026 17:11:00,M03,INCONEL718,TRAITEMENT,NUIT,FOUR_B,49.944,125.136,7.875,322.582,1.194,21.302,35.226,1.616,5.363,70.476,479.85,68.739,14.3398,255.805,NaN,40.15,0
AERO-000184,LOT-2602-0109,08-févr-2026 20:24:00,M01,TI6AL4V,USINAGE,MATIN,FOUR_B,50.044,124.763,7.975,310.463,0.988,15.49,27.908,1.084,5.196,63.924,396.07,80.16,14.1681,252.276,19.318,39.89,0
AERO-000185,LOT-2504-0008,08-avr-2025 20:35:00,M02,AL7075,USINAGE,SOIR,FOUR_C,49.824,124.714,7.974,299.406,0.972,15.069,30.679,1.445,5.611,66.316,446.75,84.457,14.52,198.712,18.897,40.79,0
AERO-000186,LOT-2501-0178,29-janv-2025 15:14:00,M03,AL7075,CONTROLE,NUIT,FOUR_B,50.115,124.595,7.835,300.555,0.861,14.777,28.993,1.078,4.892,66.642,376.51,84.821,14.4624,198.614,19.293,47.83,0
AERO-000187,LOT-2507-0112,27-juil-2025 23:39:00,M05,INCONEL718,USINAGE,SOIR,FOUR_A,50.133,124.872,8.049,321.254,1.021,18.807,36.126,1.459,4.951,70.556,344.41,77.089,14.9391,265.687,20.099,38.86,0
AERO-000188,LOT-2504-0048,06-avr-2025 02:07:00,M05,TI6AL4V,CONTROLE,MATIN,FOUR_A,50.269,125.569,7.953,312.791,0.873,21.629,33.618,1.808,5.82,70.884,423.61,81.768,14.4466,228.165,18.871,43.7,0
AERO-000189,LOT-2511-0015,29-nov-2025 17:01:00,M06,AL7075,USINAGE,MATIN,FOUR_A,50.026,125.67,7.943,NaN,1.126,13.836,32.975,1.52,5.322,70.962,420.49,81.269,14.3938,214.003,17.52,49.32,0
AERO-000190,LOT-2602-0136,16-févr-2026 09:22:00,M06,TI6AL4V,TRAITEMENT,MATIN,FOUR_D,49.657,125.073,8.11,313.024,1.121,13.171,NaN,1.903,4.564,70.538,414.34,78.422,14.7788,NaN,17.404,40.08,0
AERO-000191,LOT-2503-0183,13-mars-2025 00:54:00,M06,TI6AL4V,TRAITEMENT,MATIN,FOUR_B,50.194,125.472,8.102,313.729,0.811,17.046,37.663,2.053,5.242,71.256,402.02,79.725,14.4555,232.968,19.818,40.69,0
AERO-000192,LOT-2503-0238,29-mars-2025 14:34:00,M01,TI6AL4V,USINAGE,MATIN,FOUR_B,49.931,125.16,7.922,314.028,1.203,18.873,35.23,1.073,4.686,63.679,437.69,77.78,14.0093,241.799,20.185,40.34,0
AERO-000193,LOT-2502-0227,08-févr-2025 17:03:00,M06,TI6AL4V,USINAGE,NUIT,FOUR_D,49.863,125.757,7.985,316.175,1.611,15.142,44.089,3.811,8.959,64.724,441.21,79.06,14.7605,242.114,17.934,53.93,1
AERO-000194,LOT-2507-0162,03-juil-2025 14:56:00,M01,AL7075,CONTROLE,SOIR,FOUR_B,49.871,125.044,7.896,302.457,1.111,20.018,35.356,1.395,5.764,63.251,431.26,83.074,14.3546,199.554,20.047,44.59,0
AERO-000195,LOT-2503-0071,05-mars-2025 08:04:00,M05,AL7075,CONTROLE,MATIN,FOUR_A,50.185,125.016,8.099,298.457,1.188,14.663,35.612,1.543,4.865,72.059,389.71,80.146,14.5734,206.367,20.52,41.63,0
AERO-000196,LOT-2601-0143,15-janv-2026 07:02:00,M06,TI6AL4V,CONTROLE,MATIN,FOUR_B,50.273,124.286,8.11,312.14,0.907,19.05,33.509,1.696,5.826,70.299,485.91,73.45,14.8289,225.834,19.399,39.3,0
AERO-000197,LOT-2512-0121,21-déc-2025 05:20:00,M03,AL7075,USINAGE,NUIT,FOUR_A,NaN,124.309,8.022,302.975,1.064,16.676,35.169,1.49,5.405,68.125,455.32,77.249,14.3153,198.852,19.37,47.6,0
AERO-000198,LOT-2510-0078,09-oct-2025 08:26:00,M04,AL7075,CONTROLE,MATIN,FOUR_B,49.969,124.365,7.993,304.463,1.071,19.404,31.083,1.441,4.65,63.213,365.92,85.416,13.9925,211.064,17.192,64.72,0
AERO-000199,LOT-2501-0210,31-janv-2025 16:39:00,M06,AL7075,CONTROLE,MATIN,FOUR_A,50.019,124.65,8.017,308.267,1.264,15.903,33.303,1.93,6.087,70.768,419.82,80.001,14.4598,204.82,17.103,38.18,0
AERO-000200,LOT-2504-0014,22-avr-2025 02:49:00,M03,TI6AL4V,USINAGE,MATIN,FOUR_D,49.917,124.905,8.12,313.75,0.977,15.453,34.809,1.476,5.222,69.498,461.46,73.856,14.6006,212.468,20.988,52.5,0
AERO-000201,LOT-2502-0054,16-févr-2025 06:00:00,M02,INCONEL718,CONTROLE,NUIT,FOUR_D,49.945,124.858,8.085,325.712,2.928,11.38,29.849,1.785,5.362,65.268,377.71,73.37,14.3257,264.469,15.076,52.48,1
AERO-000202,LOT-2509-0076,25-sept-2025 02:06:00,M03,AL7075,USINAGE,MATIN,FOUR_A,49.915,125.284,8.041,286.632,2.343,6.045,32.171,1.337,4.827,70.154,388.37,76.537,14.5282,171.928,19.234,33.98,1
AERO-000203,LOT-2506-0232,04-juin-2025 03:41:00,M04,AL7075,TRAITEMENT,SOIR,FOUR_B,50.617,125.792,7.831,300.341,1.17,37.933,29.6,0.676,3.768,67.972,402.52,85.987,14.5568,211.593,19.182,53.55,1
AERO-000204,LOT-2502-0159,13-févr-2025 01:09:00,M03,AL7075,USINAGE,MATIN,FOUR_A,50.067,125.624,7.978,305.304,1.225,23.269,34.02,1.16,5.261,64.075,447.24,79.04,14.4111,198.091,20.067,37.5,0
AERO-000205,LOT-2509-0109,05-sept-2025 14:02:00,M05,INCONEL718,CONTROLE,NUIT,FOUR_A,50.031,124.843,8.03,321.171,1.2,18.041,33.62,1.74,5.529,68.822,446.79,74.334,14.7423,241.117,19.685,40.64,0
AERO-000206,LOT-2503-0188,04-mars-2025 22:58:00,M03,AL7075,CONTROLE,SOIR,FOUR_B,50.282,125.172,8.039,301.409,0.939,21.989,30.848,1.265,4.51,67.391,360.59,81.666,14.297,210.345,18.606,44.42,0
AERO-000207,LOT-2508-0006,10-août-2025 21:07:00,M03,AL7075,TRAITEMENT,MATIN,FOUR_C,49.483,126.115,7.988,302.143,1.413,43.303,30.646,1.122,5.429,67.951,451.02,80.47,14.421,194.882,21.593,41.93,1
AERO-000208,LOT-2502-0194,24-févr-2025 07:37:00,M04,AL7075,USINAGE,SOIR,FOUR_B,49.878,125.045,7.979,300.204,1.09,23.775,35.579,1.569,5.265,67.386,398.42,84.719,14.6169,179.754,16.516,35.48,0
AERO-000209,LOT-2501-0091,16-janv-2025 08:12:00,M06,INCONEL718,USINAGE,NUIT,FOUR_A,50.076,124.848,7.992,324.484,1.054,16.479,35.909,1.458,5.784,68.554,466.6,76.248,14.3881,251.036,17.902,41.26,0
AERO-000113,LOT-2507-0239,11-juil-2025 07:08:00,M06,TI6AL4V,CONTROLE,SOIR,FOUR_D,50.037,125.271,8.003,319.864,1.411,21.371,49.833,2.865,9.677,70.074,446.82,75.551,14.6959,230.202,18.636,67.65,1
AERO-000211,LOT-2504-0195,22-avr-2025 10:49:00,M05,TI6AL4V,CONTROLE,SOIR,FOUR_C,49.853,124.829,8.038,317.086,1.162,17.02,35.64,1.425,4.884,73.245,376.59,78.127,14.1778,229.636,19.22,52.23,0
AERO-000212,LOT-2501-0049,29-janv-2025 19:48:00,M03,INCONEL718,USINAGE,MATIN,FOUR_B,50.014,124.896,7.997,321.535,1.489,26.056,31.196,1.41,5.817,65.233,466.33,72.582,14.5442,264.067,19.43,60.93,0
AERO-000213,LOT-2603-0078,01-mars-2026 13:23:00,M03,TI6AL4V,USINAGE,MATIN,FOUR_C,49.976,125.082,8.042,314.803,1.079,21.794,32.485,1.428,5.253,70.326,350.83,77.603,NaN,240.56,19.295,43.92,0
AERO-000214,LOT-2510-0182,30-oct-2025 05:57:00,M06,AL7075,CONTROLE,MATIN,FOUR_B,49.687,124.916,7.99,302.492,1.29,18.933,38.736,1.942,4.969,71.243,409.79,88.587,14.3614,200.89,20.319,49.98,0
AERO-000215,LOT-2507-0067,16-juil-2025 20:01:00,M03,AL7075,CONTROLE,MATIN,FOUR_B,49.896,124.427,8.023,300.856,1.114,17.564,34.818,1.247,5.054,67.86,465.68,78.94,14.3287,196.499,20.935,38.23,0
AERO-000216,LOT-2503-0158,22-mars-2025 18:53:00,M06,AL7075,TRAITEMENT,MATIN,FOUR_B,NaN,125.498,8.024,304.022,0.988,9.687,33.536,1.586,5.62,69.234,447.59,78.871,14.2511,193.928,NaN,41.31,0
AERO-000217,LOT-2509-0216,14-sept-2025 02:23:00,M06,AL7075,USINAGE,NUIT,FOUR_A,49.857,125.452,7.991,305.878,0.601,14.685,38.371,2.241,6.57,67.595,487.88,88.431,14.3745,210.86,18.061,59.66,0
AERO-000218,LOT-2508-0014,19-août-2025 08:38:00,M05,TI6AL4V,USINAGE,MATIN,FOUR_C,49.991,125.309,8.038,313.053,1.337,26.815,37.819,1.63,5.487,NaN,657.82,59.029,14.9878,226.697,NaN,41.26,1
AERO-000219,LOT-2504-0014,14-avr-2025 21:14:00,M05,TI6AL4V,USINAGE,SOIR,FOUR_D,49.987,125.162,8.038,307.166,1.189,22.399,29.064,1.742,5.71,73.23,538.25,74.861,14.6166,235.03,17.898,52.6,0
AERO-000220,LOT-2512-0177,28-déc-2025 19:01:00,M03,AL7075,CONTROLE,MATIN,FOUR_B,49.803,125.29,7.942,308.459,1.57,17.323,33.64,1.713,4.765,67.963,518.68,81.502,14.4354,201.892,17.827,36.48,0
AERO-000221,LOT-2505-0085,05-mai-2025 04:30:00,M01,INCONEL718,USINAGE,MATIN,FOUR_A,50.271,124.943,7.91,326.525,1.219,17.007,43.713,3.503,8.891,70.598,436.79,73.035,14.6165,257.705,18.618,30.46,1
AERO-000222,LOT-2509-0055,09-sept-2025 04:37:00,M01,INCONEL718,USINAGE,SOIR,FOUR_C,49.95,124.575,7.918,322.483,0.975,19.828,34.205,1.018,4.304,66.185,422.18,69.83,15.0726,251.098,20.863,37.54,0
AERO-000223,LOT-2512-0110,12-déc-2025 01:36:00,M05,INCONEL718,CONTROLE,MATIN,FOUR_A,49.818,124.988,7.98,319.767,1.21,24.284,36.409,1.824,5.907,69.901,438.86,69.746,14.707,244.551,19.24,52.13,0
AERO-000224,LOT-2503-0197,06-mars-2025 12:29:00,M03,INCONEL718,TRAITEMENT,MATIN,FOUR_B,49.994,124.526,7.949,321.476,1.185,10.945,36.255,1.262,5.463,69.269,NaN,70.759,14.7163,249.107,18.781,50.93,0
AERO-000225,LOT-2509-0094,04-sept-2025 16:25:00,M01,AL7075,USINAGE,SOIR,FOUR_D,49.998,125.312,7.944,299.083,1.213,9.962,33.681,1.469,5.607,79.172,611.32,NaN,15.0131,204.07,17.704,55,1
AERO-000226,LOT-2510-0150,14-oct-2025 18:50:00,M02,AL7075,TRAITEMENT,SOIR,FOUR_B,49.931,124.306,7.935,299.441,1.233,12.575,34.175,2.092,5.178,71.694,424.13,75.825,14.4238,206.583,18.143,60.54,0
AERO-000227,LOT-2509-0133,13-sept-2025 04:10:00,M01,TI6AL4V,USINAGE,MATIN,FOUR_A,50.183,125.224,7.889,316.316,0.965,14.768,31.361,1.848,6.259,70.531,454.18,77.327,14.4867,231.448,NaN,34.3,0
AERO-000228,LOT-2510-0155,22-oct-2025 12:23:00,M03,AL7075,USINAGE,MATIN,FOUR_A,50.014,125.883,7.983,297.6,1.212,23.716,30.177,1.934,6.072,80.162,607.31,68.954,14.9904,202.25,18.114,45.98,1
AERO-000229,LOT-2509-0030,04-sept-2025 14:48:00,M03,AL7075,USINAGE,SOIR,FOUR_A,50.106,125.114,7.99,304.026,1.447,28.726,35.514,1.182,3.86,61.244,441.79,80.951,14.4323,191.131,19.057,NaN,0
AERO-000230,LOT-2512-0201,23-déc-2025 23:01:00,M06,AL7075,USINAGE,MATIN,FOUR_C,49.892,125.848,7.969,301.343,1.27,18.014,34.755,2.294,6.443,68.222,400.07,82.65,14.6902,198.283,18.848,25.45,0
AERO-000231,LOT-2602-0200,12-févr-2026 04:27:00,M01,AL7075,CONTROLE,MATIN,FOUR_A,49.839,125.488,7.883,303.744,0.922,19.051,33.49,1.238,5.696,71.593,299.89,82.183,14.3564,192.286,19.681,53.66,0
AERO-000232,LOT-2501-0045,08-janv-2025 09:15:00,M01,INCONEL718,USINAGE,SOIR,FOUR_A,49.78,125.018,8.015,325.132,0.988,18.036,30.222,1.378,4.801,73.184,507.05,68.164,14.4477,253.697,19.453,56.9,0
AERO-000233,LOT-2501-0211,10-janv-2025 20:21:00,M06,AL7075,USINAGE,MATIN,FOUR_C,50.113,124.543,7.81,302.615,0.851,13.505,34.677,1.595,5.251,69.132,430.43,87.134,14.1412,198.021,19.311,39.08,0
AERO-000234,LOT-2509-0172,27-sept-2025 02:31:00,M04,AL7075,USINAGE,NUIT,FOUR_A,50.27,124.578,7.95,300.782,2.486,23.929,38.585,0.987,4.315,66.044,385.72,87.599,14.2333,208.553,24.267,48.76,1
AERO-000235,LOT-2507-0093,27-juil-2025 08:27:00,M05,AL7075,TRAITEMENT,MATIN,FOUR_B,50.261,124.945,7.994,300.451,1.289,18.259,37.051,1.773,4.9,69.778,411.58,76.738,14.5424,205.945,19.597,51.1,0
AERO-000236,LOT-2504-0066,04-avr-2025 15:51:00,M05,AL7075,USINAGE,SOIR,FOUR_B,50.869,125.994,8.044,303.55,1.266,32.996,33.912,2.27,6.382,70.077,431.79,83.471,14.4796,202.746,17.425,29.05,1
AERO-000237,LOT-2508-0064,18-août-2025 19:24:00,M01,TI6AL4V,CONTROLE,MATIN,FOUR_D,49.967,124.833,8.027,312.592,1.004,16.916,31.767,1.183,5.465,72.701,359.25,76.166,14.6341,231.599,18.461,34.43,0
AERO-000238,LOT-2504-0009,28-avr-2025 02:05:00,M05,TI6AL4V,TRAITEMENT,NUIT,FOUR_A,50.054,124.906,8.098,310.214,1.015,13.079,28.592,1.841,5.992,69.64,441.07,75.692,14.7058,218.972,16.753,46.68,0
AERO-000239,LOT-2509-0224,01-sept-2025 03:22:00,M03,AL7075,USINAGE,SOIR,FOUR_A,49.757,125.086,8.062,299.617,1.232,20.124,28.887,1.214,5.064,66.642,428.68,72.566,14.5228,205.464,20.461,42.32,0
AERO-000240,LOT-2511-0017,10-nov-2025 12:29:00,M06,TI6AL4V,CONTROLE,MATIN,FOUR_D,50.327,125.326,7.934,316.507,1.201,15.681,31.51,1.803,5.119,66.974,402.91,77.569,14.7341,237.093,21.847,31.26,0
AERO-000241,LOT-2602-0153,04-févr-2026 12:16:00,M03,TI6AL4V,CONTROLE,NUIT,FOUR_D,50.13,NaN,8.003,313.506,1.309,17.344,32.966,1.598,5.178,71.673,412.43,76.601,14.56,228.944,18.031,37.09,0
AERO-000242,LOT-2512-0117,20-déc-2025 13:58:00,M02,AL7075,USINAGE,SOIR,FOUR_C,49.853,125.172,7.958,303.417,1.019,21.186,34.055,1.585,5.839,67.887,501.55,77.322,14.3742,200.946,17.168,48.63,0
AERO-000243,LOT-2501-0071,20-janv-2025 22:02:00,M05,TI6AL4V,TRAITEMENT,NUIT,FOUR_A,50.104,124.572,7.967,309.953,1.042,23.337,32.762,1.331,5.204,70.405,NaN,57.128,14.9436,244.456,18.467,43.37,1
AERO-000244,LOT-2602-0124,16-févr-2026 11:50:00,M02,AL7075,USINAGE,SOIR,FOUR_B,49.964,124.763,7.938,301.975,1.238,18.305,37.498,1.434,5.243,67.33,404.94,75.16,14.521,207.25,18.261,46.33,0
AERO-000245,LOT-2602-0029,01-févr-2026 06:38:00,M03,AL7075,USINAGE,MATIN,FOUR_C,49.975,125.243,8.06,301.19,1.139,25.004,30.95,1.809,5.706,66.804,426.85,83.791,14.5433,207.599,19.019,47.2,0
AERO-000246,LOT-2507-0229,06-juil-2025 01:54:00,M05,AL7075,USINAGE,MATIN,FOUR_B,49.992,124.668,7.998,298.965,0.637,17.319,35.46,1.749,6.24,68.403,440.27,79.094,14.2432,195.515,17.812,49.75,0
AERO-000247,LOT-2509-0091,14-sept-2025 15:56:00,M05,TI6AL4V,CONTROLE,MATIN,FOUR_A,50.146,125.404,7.854,315.253,1.048,19.766,51.093,4.058,10.005,67.214,435.69,76.308,14.4571,235.875,18.575,45.87,1
AERO-000248,LOT-2509-0172,18-sept-2025 06:28:00,M01,AL7075,USINAGE,MATIN,FOUR_D,50.01,125.124,7.982,302.111,1.108,24.352,35.679,1.22,4.042,70.156,455.25,86.78,14.3462,185.904,20.298,38.63,0
AERO-000249,LOT-2504-0021,29-avr-2025 00:49:00,M01,TI6AL4V,CONTROLE,MATIN,,49.891,124.874,7.967,314.465,0.883,13.662,37.869,1.323,5.251,66.622,458.77,76.501,14.2695,245.232,18.872,30.9,0
AERO-000250,LOT-2602-0061,20-févr-2026 01:02:00,M03,AL7075,CONTROLE,SOIR,FOUR_A,50.135,125.173,7.907,297.552,1.015,17.736,27.253,1.295,4.556,65.596,490.59,81.276,14.4573,203.652,18.215,44.37,0
AERO-000251,LOT-2507-0062,26-juil-2025 15:41:00,M05,TI6AL4V,USINAGE,MATIN,FOUR_A,50.073,124.647,7.945,312.552,1.211,21.923,35.985,1.626,5.953,69.334,415.08,81.353,14.4592,245.674,21.047,62.51,0
AERO-000252,LOT-2511-0192,25-nov-2025 13:11:00,M02,TI6AL4V,CONTROLE,MATIN,FOUR_A,50.099,124.78,7.97,319.285,1.122,21.47,29.914,1.181,4.428,69.071,450.01,73.613,14.6758,221.016,17.983,43.25,0
AERO-000253,LOT-2508-0131,10-août-2025 09:12:00,M01,TI6AL4V,TRAITEMENT,NUIT,FOUR_B,49.67,124.532,8.066,316.008,1.278,14.456,31.02,1.258,4.34,69.423,434.87,76.409,14.5285,222.985,18.656,41.94,0
AERO-000254,LOT-2502-0107,01-févr-2025 08:01:00,M03,AL7075,CONTROLE,NUIT,FOUR_C,50.253,124.822,8.003,299.571,1.046,21.073,33.262,1.305,4.922,NaN,417.75,77.148,14.5125,210.402,20.678,36.62,0
AERO-000255,LOT-2504-0120,16-avr-2025 11:38:00,M04,INCONEL718,USINAGE,SOIR,FOUR_A,50.044,125.188,7.994,320.621,1.03,17.123,30.554,1.434,6.008,66.86,440.77,75.602,14.1922,252.116,20.14,42.45,0
AERO-000256,LOT-2510-0061,15-oct-2025 05:03:00,M05,AL7075,USINAGE,SOIR,FOUR_A,50.435,126.057,8.021,300.227,1.387,55.376,36.104,1.534,5.674,65.214,427.75,78.16,14.0578,203.944,21.484,44.32,1
AERO-000257,LOT-2501-0006,11-janv-2025 05:09:00,M05,AL7075,TRAITEMENT,MATIN,FOUR_B,49.992,124.7,8.043,302.864,2.259,14.993,33.482,1.991,6.442,66.3,468.4,80.124,14.5552,205.226,18.854,38.43,1
AERO-000258,LOT-2510-0036,05-oct-2025 14:18:00,M02,AL7075,CONTROLE,SOIR,FOUR_B,49.927,125.116,7.964,301.42,1.111,20.653,30.74,1.319,5.269,66.2,419.55,82.108,14.1146,198.277,19.081,40.64,0
AERO-000259,LOT-2512-0127,23-déc-2025 22:59:00,M03,TI6AL4V,CONTROLE,MATIN,FOUR_B,50.115,124.514,7.96,317.816,0.997,24.046,33.173,1.429,4.931,64.299,455.03,72.343,14.8243,229.763,17.125,53.81,0
AERO-000260,LOT-2502-0235,06-févr-2025 20:38:00,M01,INCONEL718,TRAITEMENT,MATIN,FOUR_A,50.054,125.08,7.992,318.843,1.23,19.908,33.66,1.199,5.472,66.465,496.53,72.619,14.6186,260.532,19.174,44.04,0
AERO-000261,LOT-2509-0081,04-sept-2025 01:43:00,M03,TI6AL4V,USINAGE,MATIN,FOUR_A,50.205,125.159,8.088,311.896,0.67,22.476,28.87,1.466,4.754,66.471,462.07,75.348,14.6023,225.999,17.938,38.83,0
AERO-000262,LOT-2511-0006,03-nov-2025 02:58:00,M02,TI6AL4V,USINAGE,MATIN,FOUR_D,50.053,NaN,7.975,305.979,2.272,18.164,32.749,2.138,6.044,66.694,454.81,73.437,14.7742,191.359,16.575,31.46,1
AERO-000263,LOT-2510-0111,28-oct-2025 13:52:00,M03,AL7075,CONTROLE,MATIN,FOUR_A,50.005,124.987,8.057,302.488,0.796,10.987,36.92,0.948,3.581,68.398,480.16,82.406,14.3733,212.181,19.758,39.27,0
AERO-000264,LOT-2601-0088,02-janv-2026 17:17:00,M04,TI6AL4V,CONTROLE,SOIR,FOUR_A,50.003,124.784,8.14,312.77,1.139,19.137,39.217,3.237,6.756,61.887,456.18,79.761,14.3487,232.523,16.815,56.83,1
AERO-000265,LOT-2504-0100,24-avr-2025 15:43:00,M04,AL7075,USINAGE,SOIR,FOUR_C,49.895,124.838,8.061,297.691,1.345,16.31,34.717,0.896,4.657,65.829,439.75,86.627,14.5935,206.319,21.514,44.47,0
AERO-000266,LOT-2512-0162,12-déc-2025 10:10:00,M03,TI6AL4V,USINAGE,NUIT,FOUR_B,49.792,125.114,7.936,321.672,1.753,16.683,35.296,1.311,5.939,66.948,407.22,75.247,14.1704,195.461,19.151,54.09,1
AERO-000267,LOT-2502-0137,03-févr-2025 07:02:00,M02,AL7075,USINAGE,MATIN,FOUR_C,50.019,125.44,7.915,298.055,0.967,14.419,32.634,1.232,4.869,67.826,349.08,82.887,14.5517,207.534,18.559,45.47,0
AERO-000268,LOT-2506-0218,21-juin-2025 12:05:00,M03,AL7075,CONTROLE,MATIN,FOUR_A,49.827,124.991,7.921,300.284,0.732,21.491,35.165,1.357,4.973,69.407,407.8,80.112,14.2285,188.185,18.808,60.55,0
AERO-000269,LOT-2507-0188,01-juil-2025 08:25:00,M01,INCONEL718,USINAGE,MATIN,FOUR_D,49.9,125.668,8.053,315.423,1.403,23.892,31.224,1.459,5.335,68.61,380.94,77.089,14.9244,250.107,16.637,38.76,0
AERO-000270,LOT-2506-0071,18-juin-2025 20:06:00,M02,TI6AL4V,USINAGE,MATIN,FOUR_A,50,125.098,8.06,316.526,1.538,22.029,36.722,1.285,4.927,66.742,419.33,78.051,14.5613,218.691,18.74,38.38,0
AERO-000271,LOT-2511-0156,09-nov-2025 15:02:00,M02,INCONEL718,USINAGE,NUIT,FOUR_B,49.794,124.196,8.107,319.643,1.016,23.078,38.41,1.274,4.282,65.211,422.85,77.514,14.2585,254.789,20.58,51.92,0
AERO-000272,LOT-2512-0176,18-déc-2025 18:30:00,M03,AL7075,USINAGE,MATIN,FOUR_D,49.921,125.369,7.934,297.093,1.254,23.45,34.233,1.197,4.914,76.816,406.64,77.981,14.1064,207.334,17.226,55.09,0
AERO-000273,LOT-2503-0081,04-mars-2025 06:53:00,M04,AL7075,USINAGE,SOIR,FOUR_D,NaN,123.667,7.878,306.307,1.146,45.137,30.691,1.383,5.312,66.949,454.01,80.717,14.2307,205.512,18.124,37.63,1
AERO-000274,LOT-2509-0137,07-sept-2025 15:27:00,M03,AL7075,USINAGE,SOIR,FOUR_B,49.977,124.887,7.98,299.53,1.155,19.964,40.874,1.339,4.871,65.654,372.44,80.912,14.3492,201.003,18.115,41.38,0
AERO-000275,LOT-2503-0038,09-mars-2025 23:29:00,M03,TI6AL4V,USINAGE,MATIN,FOUR_B,49.731,125.406,7.985,311.756,1.304,14.634,32.952,1.398,5.328,68.156,424.99,80.751,14.8228,228.899,18.864,55.83,0
AERO-000276,LOT-2506-0060,08-juin-2025 20:16:00,M03,AL7075,USINAGE,MATIN,FOUR_A,49.907,125.35,8.078,303.406,1.028,15.393,33.071,1.271,5.108,67.272,388.3,81.718,14.4102,194.387,16.476,53.47,0
AERO-000277,LOT-2511-0031,23-nov-2025 05:45:00,M02,AL7075,USINAGE,NUIT,FOUR_C,50.032,125.178,7.902,300.001,1.145,20.894,28.714,1.432,6.073,64.133,434.27,80.867,14.1403,193.265,19.361,43.84,0
AERO-000278,LOT-2512-0215,03-déc-2025 09:20:00,M04,AL7075,CONTROLE,SOIR,FOUR_C,50.05,125.075,8.043,307.538,1.016,22.976,29.867,1.044,4.417,64.956,432.77,84.886,14.3098,204.153,20.255,34.44,0
AERO-000279,LOT-2506-0073,20-juin-2025 16:56:00,M02,INCONEL718,USINAGE,MATIN,FOUR_B,50.094,124.492,8.003,315.829,1.058,10.884,46.288,2.962,8.174,66.942,383.57,71.215,14.6301,259.361,19.568,42.52,1
AERO-000280,LOT-2511-0191,19-nov-2025 03:45:00,M06,AL7075,USINAGE,MATIN,FOUR_B,49.929,125.544,7.944,299.384,1.379,10.344,43.226,2.202,6.037,71.1,368.42,79.002,14.3459,203.324,20.224,60.68,0
AERO-000281,LOT-2504-0011,30-avr-2025 13:33:00,M03,AL7075,CONTROLE,SOIR,FOUR_D,50.092,124.777,8.123,304.86,0.843,17.683,31.387,0.981,4.141,73.385,391.99,78.327,14.4516,203.894,19.827,39.78,0
AERO-000282,LOT-2506-0001,24-juin-2025 06:48:00,M04,AL7075,CONTROLE,SOIR,FOUR_B,49.756,124.85,7.973,300.273,1.35,15.794,34.527,0.945,4.18,73.04,443.45,80.68,14.4735,195.997,21.361,59.12,0
AERO-000283,LOT-2510-0084,16-oct-2025 05:27:00,M06,AL7075,USINAGE,MATIN,FOUR_B,50.063,124.94,7.935,299.625,1.425,21.731,34.419,1.884,5.583,72.405,403.5,75.884,14.4504,187.214,20.583,39.69,0
AERO-000284,LOT-2501-0182,10-janv-2025 05:50:00,M04,TI6AL4V,USINAGE,MATIN,FOUR_B,49.914,124.688,8.009,310.813,1.48,24.918,35.231,1.355,5.452,67.643,409.2,77.495,14.8348,231.562,16.831,47.69,0
AERO-000285,LOT-2509-0028,18-sept-2025 07:19:00,M02,TI6AL4V,USINAGE,MATIN,FOUR_A,49.833,125.026,8.058,314.85,2.298,18.761,31.128,1.721,5.366,64.028,387.59,72.568,14.6615,243.824,13.547,48.21,1
AERO-000286,LOT-2503-0022,05-mars-2025 22:11:00,M04,INCONEL718,CONTROLE,MATIN,FOUR_D,50.047,124.684,7.817,NaN,1.084,20.892,31.783,1.3,4.999,67.212,379.94,73.53,14.2815,244.874,19.35,41.16,0
AERO-000287,LOT-2512-0032,22-déc-2025 21:52:00,M03,AL7075,TRAITEMENT,NUIT,FOUR_B,50.119,125.154,8.019,301.696,1.103,15.361,30.318,1.389,5.024,69.906,75.54,84.275,14.3134,222.121,18.623,36.96,0
AERO-000288,LOT-2601-0192,28-janv-2026 19:21:00,M02,TI6AL4V,USINAGE,NUIT,FOUR_D,49.892,124.995,8.03,308.147,0.89,17.198,35.119,1.847,6.103,69.968,379.12,76.581,14.9298,237.464,18.322,38.17,0
AERO-000289,LOT-2501-0195,05-janv-2025 09:22:00,M01,AL7075,USINAGE,MATIN,FOUR_C,50.125,125.096,7.891,305.001,1.022,15.976,32.617,0.973,3.533,65.186,438.44,82.611,14.5335,204.975,19.552,37.28,0
AERO-000290,LOT-2507-0017,03-juil-2025 10:23:00,M02,AL7075,USINAGE,MATIN,FOUR_B,49.706,125.555,7.979,306.33,1.296,21.28,34.4,0.823,3.964,66.654,444.54,85.559,14.2664,188.743,20.729,58.19,0
AERO-000291,LOT-2503-0189,16-mars-2025 00:24:00,M04,AL7075,CONTROLE,MATIN,FOUR_C,50.057,124.781,7.979,308.266,1.177,25.408,33.229,1.537,5.178,91.054,196.86,69.371,15.0816,190.886,18.942,45.22,1
AERO-000292,LOT-2505-0142,14-mai-2025 16:57:00,M04,AL7075,CONTROLE,SOIR,FOUR_B,49.76,125.246,8.031,302.58,1.059,24.938,31.26,1.14,4.343,65.06,440.77,76.301,14.6192,188.241,19.388,43.28,0
AERO-000293,LOT-2503-0122,23-mars-2025 12:49:00,M01,AL7075,USINAGE,MATIN,FOUR_D,49.905,124.792,7.961,302.052,0.918,10.937,33.254,1.673,5.804,70.119,448.2,77.204,14.7894,198.477,21.479,52.31,0
AERO-000294,LOT-2507-0015,09-juil-2025 08:26:00,M06,INCONEL718,USINAGE,MATIN,FOUR_A,49.689,125.063,7.906,313.785,1.11,17.669,35.113,1.939,5.607,70.889,434.34,68.402,14.6195,244.746,18.121,37.08,0
AERO-000295,LOT-2508-0066,26-août-2025 14:56:00,M01,AL7075,TRAITEMENT,SOIR,FOUR_C,50.118,124.869,7.894,301.589,1.288,18.984,36.835,1.548,5.552,70.319,469.79,82.65,14.5611,194.851,19.311,23.5,0
AERO-000296,LOT-2505-0060,25-mai-2025 02:29:00,M02,AL7075,TRAITEMENT,SOIR,FOUR_B,50.022,124.607,8.014,302.759,1.282,22.009,35.221,1.44,5.645,65.197,434.78,78.04,14.8691,211.751,19.154,40.25,0
AERO-000297,LOT-2509-0230,12-sept-2025 12:26:00,M06,AL7075,USINAGE,MATIN,FOUR_D,50.053,125.201,8.038,296.915,1,19.387,36.951,1.605,5.435,68.573,392.69,82.497,14.9311,200.226,18.379,49.43,0
AERO-000298,LOT-2505-0013,26-mai-2025 06:02:00,M04,AL7075,USINAGE,MATIN,FOUR_D,49.989,124.88,7.903,303.01,0.939,19.392,35.021,1.32,5.128,69.784,352.58,80.7,14.4506,206.227,18.116,38.47,0
AERO-000299,LOT-2512-0149,13-déc-2025 19:22:00,M04,INCONEL718,USINAGE,NUIT,FOUR_B,50.097,124.846,8.046,318.807,0.794,16.189,35.614,1.286,4.163,63.609,379.85,69.727,14.4729,267.827,16.206,44.02,0
AERO-000300,LOT-2602-0235,25-févr-2026 08:41:00,M02,TI6AL4V,USINAGE,SOIR,FOUR_A,50.165,125.008,7.916,310.56,0.864,12.594,33.333,1.407,4.909,76.305,202.57,52.37,15.5705,234.966,19.91,48.69,1
AERO-000301,LOT-2511-0111,02-nov-2025 17:34:00,M02,INCONEL718,TRAITEMENT,SOIR,FOUR_B,49.78,125.198,8.13,323.01,1.271,19.056,35.047,1.011,4.605,63.185,363.18,73.633,14.5751,258.06,16.74,36.16,0
AERO-000302,LOT-2508-0067,15-août-2025 21:37:00,M03,AL7075,CONTROLE,MATIN,FOUR_A,49.917,125.135,7.958,303.106,1.234,27.221,33.954,1.461,5.383,65.246,342.35,83.832,14.4416,205.726,19.895,44.54,0
AERO-000303,LOT-2509-0134,14-sept-2025 23:28:00,M02,AL7075,TRAITEMENT,MATIN,,49.878,124.697,8.085,307.722,0.708,14.868,35.312,1.025,4.572,65.33,483.39,77.214,14.0447,195.263,17.459,57.25,0
AERO-000304,LOT-2511-0063,20-nov-2025 07:39:00,M05,TI6AL4V,TRAITEMENT,NUIT,FOUR_A,49.799,125.481,8.106,313.06,1.207,16.961,37.831,1.626,5.113,78.44,520.24,61.432,15.3864,233.706,18.957,38.29,1
AERO-000305,LOT-2507-0204,03-juil-2025 04:07:00,M04,AL7075,TRAITEMENT,SOIR,FOUR_B,50.106,124.984,8.081,299.314,1.006,13.499,30.918,0.998,4.585,67.832,NaN,82.28,14.443,206.167,18.898,36.27,0
AERO-000306,LOT-2601-0075,27-janv-2026 14:38:00,M02,INCONEL718,USINAGE,SOIR,FOUR_D,49.894,124.854,8.118,323.729,1.432,16.778,35.847,1.305,4.708,65.909,443.06,72.461,14.6851,265.416,20.067,28.19,0
AERO-000307,LOT-2511-0138,06-nov-2025 12:17:00,M06,AL7075,TRAITEMENT,MATIN,FOUR_C,50.16,124.635,7.899,306.887,1.806,13.633,39.029,1.862,5.336,68.546,429.44,75.039,14.5859,178.938,21.668,23.19,1
AERO-000308,LOT-2601-0062,26-janv-2026 18:11:00,M02,INCONEL718,CONTROLE,NUIT,FOUR_B,50.066,125.118,8.061,318.506,1.197,18.162,28.934,1.326,4.834,66.908,450.59,69.091,14.9352,247.746,20.621,50.86,0
AERO-000309,LOT-2511-0215,09-nov-2025 09:54:00,M02,INCONEL718,USINAGE,MATIN,FOUR_A,49.785,125.454,7.987,318.802,1.059,17.632,33.786,1.599,5.075,66.346,436.55,133.423,14.8777,261.224,20.394,NaN,0
AERO-000310,LOT-2501-0161,14-janv-2025 21:22:00,M06,AL7075,CONTROLE,MATIN,FOUR_D,49.967,124.37,8.088,297.448,1.351,21.925,33.244,1.295,4.745,70.739,432.31,78.939,14.7959,196.193,20.437,49.49,0
AERO-000311,LOT-2601-0208,22-janv-2026 15:31:00,M05,TI6AL4V,USINAGE,MATIN,FOUR_C,49.995,125.086,7.926,313.352,1.392,18.786,34.741,1.622,5.085,70.209,466.85,74.773,14.7327,232.821,19.297,41.01,0
AERO-000312,LOT-2505-0144,31-mai-2025 00:53:00,M02,INCONEL718,TRAITEMENT,SOIR,FOUR_D,49.93,124.917,8.029,319.305,1.306,19.038,34.051,1.686,5.485,70.737,446.77,69.279,14.7206,243.946,19.796,35.62,0
AERO-000313,LOT-2601-0047,11-janv-2026 00:34:00,M04,AL7075,USINAGE,NUIT,FOUR_B,49.901,124.515,7.828,300.287,2.178,25.295,37.865,1.333,6.088,67.459,378.2,80.58,14.4908,204.46,14.63,66.11,1
AERO-000314,LOT-2502-0009,05-févr-2025 22:20:00,M01,INCONEL718,TRAITEMENT,MATIN,FOUR_B,49.903,125.533,7.933,322.133,1.05,18.128,34.867,1.775,5.469,64.994,421,75.869,14.459,258.353,17.199,43.52,0
AERO-000315,LOT-2512-0125,11-déc-2025 14:39:00,M04,AL7075,CONTROLE,MATIN,FOUR_A,50.094,125.161,7.989,306.484,1.38,16.989,33.868,1.661,5.797,69.315,430.43,79.297,14.1963,205.953,20.509,56.87,0
AERO-000316,LOT-2505-0217,16-mai-2025 14:43:00,M05,AL7075,TRAITEMENT,SOIR,FOUR_B,49.808,125.342,7.902,304.18,1.219,14.061,31.393,NaN,4.333,64.196,430.56,83.647,14.5602,197.655,18.104,37.39,0
AERO-000317,LOT-2601-0016,31-janv-2026 00:34:00,M02,AL7075,CONTROLE,SOIR,FOUR_A,50.211,125.328,8.008,298.903,1.35,12.827,31.528,NaN,4.393,66.03,402.09,82.182,14.425,190.683,17.973,34.47,0
AERO-000318,LOT-2509-0186,18-sept-2025 20:19:00,M04,INCONEL718,TRAITEMENT,MATIN,,49.964,125.064,7.906,326.045,0.941,20.054,30.68,1.391,4.756,67.527,453.88,78.241,14.4704,263.022,16.69,45.39,0
AERO-000319,LOT-2601-0026,16-janv-2026 23:05:00,M04,TI6AL4V,TRAITEMENT,SOIR,FOUR_C,50.232,125.486,8.027,311.334,1.08,13.295,28.809,1.438,5.011,70.891,379.95,81.757,14.5155,237.472,18.19,35.28,0
AERO-000320,LOT-2501-0052,18-janv-2025 23:54:00,M05,TI6AL4V,USINAGE,MATIN,FOUR_A,49.872,125.608,8.03,319.49,2.077,23.307,38.151,1.827,5.29,68.721,408.69,76.482,14.2148,221.214,17.975,50.74,1
AERO-000321,LOT-2601-0198,11-janv-2026 20:26:00,M02,TI6AL4V,TRAITEMENT,SOIR,FOUR_A,50.078,124.723,8.06,312.252,1.052,17.945,36.216,1.398,5.826,68.985,357.67,78.71,14.517,250.696,19.328,41.49,0
AERO-000322,LOT-2504-0189,11-avr-2025 00:30:00,M04,AL7075,CONTROLE,MATIN,FOUR_B,50.108,124.987,8.018,300.765,1.563,25.182,29.792,1.421,4.554,64.605,NaN,80.709,14.5943,192.957,19.741,39.53,0
AERO-000323,LOT-2505-0048,06-mai-2025 22:26:00,M03,AL7075,USINAGE,MATIN,FOUR_B,49.727,125.149,8.114,300.472,1.291,21.581,36.403,1.192,5.331,65.994,387.42,83.649,14.6039,204.776,19.42,44.06,0
AERO-000324,LOT-2502-0146,07-févr-2025 20:10:00,M04,AL7075,USINAGE,NUIT,FOUR_D,49.995,125.076,8.012,301.18,1.153,16.858,36.466,1.827,5.747,80.793,239.96,74.436,15.2251,207.757,21.003,50.35,1
AERO-000325,LOT-2501-0117,10-janv-2025 05:00:00,M06,TI6AL4V,CONTROLE,NUIT,FOUR_A,49.881,124.812,7.955,312.533,1.209,18.25,37.532,1.95,5.756,69.792,423.15,69.967,14.5516,227.676,21.972,36.99,0
AERO-000326,LOT-2509-0183,24-sept-2025 00:14:00,M01,INCONEL718,USINAGE,MATIN,FOUR_A,50.08,125.133,8.076,318.308,1.348,18.43,33.967,1.386,5.117,69.076,480.96,74.701,14.5332,237.429,18.352,40.65,0
AERO-000327,LOT-2602-0151,28-févr-2026 09:46:00,M05,AL7075,TRAITEMENT,MATIN,FOUR_B,50.022,124.578,7.936,303.47,1.082,23.766,35.379,2.116,6.151,80.698,362.57,60.203,14.9311,218.12,19.001,47.07,1
AERO-000328,LOT-2504-0143,08-avr-2025 21:52:00,M03,INCONEL718,USINAGE,SOIR,FOUR_D,49.936,125.312,7.976,319.538,1.358,16.291,30.248,1.357,5.36,68.214,398.52,73.551,14.8473,253.129,17.546,43.97,0
AERO-000329,LOT-2511-0023,25-nov-2025 15:39:00,M05,TI6AL4V,USINAGE,MATIN,FOUR_A,49.963,125.066,8.105,314.397,1.233,23.372,37.794,1.413,4.902,65.835,453.77,75.479,14.3865,233.694,20.968,41.44,0
AERO-000330,LOT-2503-0019,29-mars-2025 20:55:00,M05,AL7075,TRAITEMENT,MATIN,FOUR_A,50.066,124.281,8.084,303.042,1.263,13.467,33.903,1.962,6.046,64.117,474.93,79.225,14.3701,208.292,20.039,38.29,0
AERO-000331,LOT-2508-0011,01-août-2025 01:55:00,M03,AL7075,TRAITEMENT,MATIN,FOUR_A,49.994,125.315,7.928,298.009,1.087,11.748,37.333,1.133,4.454,64.956,413.6,81.075,14.1281,203.811,17.453,53.12,0
AERO-000332,LOT-2505-0117,26-mai-2025 23:04:00,M04,AL7075,CONTROLE,SOIR,FOUR_A,49.991,125.087,8.089,301.015,1.323,22.613,27.955,1.169,5.187,68.732,392.74,84.551,14.349,203.397,16.848,45.15,0
AERO-000333,LOT-2601-0174,04-janv-2026 19:39:00,M03,AL7075,CONTROLE,SOIR,FOUR_C,49.775,125.461,8.008,305.011,1.293,18.938,35.312,1.076,5.084,72.483,368.5,84.105,14.5695,200.73,17.944,54.39,0
AERO-000334,LOT-2502-0180,06-févr-2025 06:25:00,M03,TI6AL4V,TRAITEMENT,NUIT,FOUR_D,50.174,125.659,7.966,314.447,1.118,21.39,40.973,2.501,9.507,59.574,NaN,73.242,14.536,236.65,17.101,46.52,1
AERO-000335,LOT-2504-0225,13-avr-2025 14:26:00,M03,AL7075,CONTROLE,MATIN,FOUR_A,50.033,124.918,8.07,299.95,1.032,15.012,34.389,1.255,5.367,63.785,391.73,80.381,14.9255,204.238,19.357,32.94,0
AERO-000336,LOT-2601-0132,20-janv-2026 04:17:00,M01,TI6AL4V,CONTROLE,SOIR,FOUR_A,49.924,125.017,NaN,319.597,1.921,17.264,36.145,1.529,5.746,67.303,490.27,68.334,14.6516,NaN,17.944,39.64,1
AERO-000337,LOT-2509-0121,05-sept-2025 08:45:00,M03,TI6AL4V,USINAGE,SOIR,FOUR_C,49.923,124.827,7.969,309.525,1.52,9.83,34.629,1.388,5.183,68.036,390.77,63.291,14.1787,202.6,15.619,38.3,1
AERO-000338,LOT-2512-0126,19-déc-2025 17:49:00,M03,AL7075,CONTROLE,MATIN,FOUR_B,50.03,124.574,8.021,297.8,2.259,18.2,29.895,1.166,5.603,67.033,399.86,84.231,14.2192,193.874,23.363,40.87,1
AERO-000339,LOT-2508-0055,04-août-2025 14:40:00,M05,AL7075,CONTROLE,MATIN,FOUR_A,49.927,124.457,8.105,304.004,0.873,10.851,35.647,1.34,5.585,64.055,380.85,83.164,14.7635,196.529,18.806,32.21,0
AERO-000340,LOT-2508-0164,16-août-2025 00:16:00,M04,AL7075,CONTROLE,SOIR,FOUR_B,50.088,125.076,8.029,304.013,1.06,17.112,30.495,1.02,4.324,66.699,361.4,79.618,14.4534,194.669,19.527,46.66,0
AERO-000341,LOT-2501-0141,25-janv-2025 22:44:00,M04,TI6AL4V,TRAITEMENT,MATIN,FOUR_A,50.063,125.264,8.1,312.675,1.49,17.487,32.065,NaN,6.089,NaN,442.45,62.421,14.8463,212.461,18.923,47.23,1
AERO-000342,LOT-2504-0226,30-avr-2025 20:56:00,M04,INCONEL718,TRAITEMENT,MATIN,FOUR_C,50.194,124.71,7.955,319.545,0.929,19.689,31.147,1.538,5.012,69.232,376.41,74.767,14.4122,258.405,17.153,29.04,0
AERO-000343,LOT-2506-0225,17-juin-2025 02:39:00,M01,TI6AL4V,USINAGE,NUIT,FOUR_B,49.725,124.979,7.975,317.804,1.053,22.025,34.035,0.978,4.383,67.124,390.07,77.292,14.468,229.991,19.851,53.7,0
AERO-000344,LOT-2512-0055,18-déc-2025 20:45:00,M01,TI6AL4V,USINAGE,MATIN,FOUR_A,50.095,125.603,8.005,312.648,0.799,15.967,35.633,1.604,5.175,71.098,NaN,73.167,14.6698,238.917,17.997,41.78,0
AERO-000345,LOT-2511-0067,01-nov-2025 11:05:00,M05,AL7075,CONTROLE,SOIR,FOUR_A,49.906,125.064,7.869,303.666,0.822,14.755,36.163,1.604,4.8,69.791,470.03,87.888,14.5511,201.37,19.46,38.56,0
AERO-000346,LOT-2507-0101,29-juil-2025 12:51:00,M04,AL7075,USINAGE,MATIN,FOUR_B,49.848,124.776,7.889,299.223,0.71,18.852,35.265,1.218,4.594,66.604,477.91,73.976,14.585,193.064,18.901,38.64,0
AERO-000347,LOT-2601-0237,17-janv-2026 10:37:00,M06,AL7075,CONTROLE,SOIR,FOUR_A,49.778,125.285,7.987,299.263,1.837,13.601,35.732,1.97,4.897,71.321,418.82,77.661,14.5821,198.454,21.442,58.69,1
AERO-000348,LOT-2511-0109,21-nov-2025 06:14:00,M06,INCONEL718,USINAGE,SOIR,FOUR_A,49.884,125.15,7.953,324.552,1.365,18.335,33.877,1.546,4.766,73.95,421.97,68.247,14.7349,258.416,17.739,33.01,0
AERO-000349,LOT-2508-0012,15-août-2025 03:36:00,M02,INCONEL718,USINAGE,MATIN,FOUR_C,50.456,123.665,8.049,NaN,0.828,44.422,32.674,1.877,5.962,72.485,492.74,75.699,14.1881,254.593,18.48,48.35,1
AERO-000350,LOT-2601-0141,28-janv-2026 01:11:00,M03,TI6AL4V,TRAITEMENT,MATIN,FOUR_C,50.177,125.368,8.041,316.712,1.152,18.38,32.734,1.599,4.911,68.959,305.71,76.219,14.6931,236.441,19.847,47.26,0
AERO-000351,LOT-2510-0016,05-oct-2025 18:10:00,M06,TI6AL4V,CONTROLE,MATIN,FOUR_A,50.149,125.484,7.992,315.951,1.272,23.241,NaN,1.624,5.2,69.742,472.93,73.641,14.3251,230.618,20.109,43.43,0
AERO-000352,LOT-2511-0142,25-nov-2025 11:12:00,M02,TI6AL4V,USINAGE,MATIN,FOUR_A,49.77,124.991,7.966,313.028,1.156,15.856,30.057,1.263,4.135,72.36,466.6,73.875,14.4184,241.292,19.141,41.73,0
AERO-000353,LOT-2504-0170,17-avr-2025 12:43:00,M05,TI6AL4V,USINAGE,MATIN,FOUR_B,49.889,125.637,8.133,315.118,1.208,19.58,32.874,1.317,5.379,71.562,419.57,78.572,14.6468,242.748,16.867,38.54,0
AERO-000354,LOT-2510-0162,21-oct-2025 12:31:00,M05,AL7075,USINAGE,NUIT,FOUR_B,49.865,124.406,7.941,298.659,1.229,23.443,32.351,1.558,5.292,63.933,385.16,76.214,14.5244,196.82,19.91,46.65,0
AERO-000355,LOT-2601-0054,04-janv-2026 13:40:00,M05,AL7075,CONTROLE,SOIR,FOUR_B,50.096,125.48,8.006,299.985,0.956,13.963,36.059,2.073,5.705,72.877,440.76,82.42,14.2953,196.74,20.644,63.97,0
AERO-000356,LOT-2503-0049,13-mars-2025 12:17:00,M02,AL7075,USINAGE,SOIR,FOUR_D,49.981,124.957,8.085,293.86,1.798,13.264,36.596,1.584,5.874,69.291,432.52,74.13,14.1276,178.541,20.784,36.34,1
AERO-000357,LOT-2601-0029,30-janv-2026 20:56:00,M01,INCONEL718,USINAGE,NUIT,FOUR_B,50.369,124.471,7.917,326.044,1.03,18.613,32.086,0.775,3.62,64.363,494.18,74.415,14.8175,272.377,20.259,57.4,0
AERO-000358,LOT-2602-0206,25-févr-2026 16:30:00,M01,AL7075,USINAGE,SOIR,FOUR_A,49.622,124.742,8.036,302.359,0.846,16.994,28.44,0.919,4.59,65.655,409.74,79.608,14.3001,206.829,20.679,52.98,0
AERO-000359,LOT-2508-0107,23-août-2025 08:57:00,M05,TI6AL4V,CONTROLE,MATIN,FOUR_C,50.447,125.56,7.844,312.264,1.382,18.767,37.854,1.834,5.331,66.009,413.52,78.71,14.1344,242.353,18.977,34.82,0
AERO-000360,LOT-2506-0185,04-juin-2025 00:22:00,M05,INCONEL718,TRAITEMENT,SOIR,FOUR_B,50.062,124.722,7.911,316.789,0.828,15.423,35.534,1.724,5.449,66.924,382.96,74.358,14.2735,262.068,19.858,17.3,0
AERO-000361,LOT-2504-0207,11-avr-2025 01:19:00,M05,INCONEL718,TRAITEMENT,MATIN,FOUR_B,49.912,125.335,7.869,322.626,1.069,NaN,39.163,1.609,NaN,66.73,412.01,72.003,14.4622,257.141,20.507,37.57,0
AERO-000362,LOT-2508-0205,17-août-2025 06:28:00,M01,AL7075,TRAITEMENT,MATIN,FOUR_A,50.017,124.716,8.018,298.668,0.939,14.629,31.342,1.51,5.85,67.003,396.99,80.649,14.7544,214.13,17.451,46.1,0
AERO-000363,LOT-2602-0072,02-févr-2026 07:22:00,M04,TI6AL4V,CONTROLE,MATIN,FOUR_C,50.029,125.181,8.033,310.765,2.25,20.752,36.963,1.845,5.382,70.04,404.61,83.552,14.3875,243.826,22.496,44.91,1
AERO-000364,LOT-2512-0056,03-déc-2025 02:37:00,M03,TI6AL4V,TRAITEMENT,MATIN,FOUR_C,49.986,124.715,7.939,314.045,0.6,11.162,44.564,2.695,6.8,69.03,423.04,75.882,14.3854,236.177,17.892,28.09,1
AERO-000365,LOT-2510-0182,27-oct-2025 02:18:00,M04,TI6AL4V,CONTROLE,MATIN,FOUR_B,49.998,124.729,7.909,313.992,1.181,15.882,34.065,1.475,5.444,69.688,373.69,80.11,14.4078,230.767,19.739,49.53,0
AERO-000366,LOT-2506-0154,07-juin-2025 03:01:00,M06,TI6AL4V,TRAITEMENT,MATIN,FOUR_A,49.783,124.849,7.896,310.951,1.244,23.167,32.219,1.488,5.55,66.67,385.69,72.633,15.0511,243.803,20.587,33.47,0
AERO-000367,LOT-2512-0203,22-déc-2025 08:18:00,M01,INCONEL718,USINAGE,SOIR,FOUR_A,50.038,124.504,7.988,NaN,1.314,14.603,34.415,1.087,4.761,69.104,426.61,71.109,14.7623,253.421,19.901,36.72,0
AERO-000368,LOT-2502-0208,25-févr-2025 15:06:00,M01,AL7075,TRAITEMENT,MATIN,FOUR_A,49.985,125.678,8.068,304.883,0.585,15.925,32.37,1.199,5.138,66.464,452.18,78.344,14.5092,198.075,18.815,59.73,0
AERO-000369,LOT-2503-0093,21-mars-2025 07:40:00,M02,AL7075,TRAITEMENT,NUIT,FOUR_A,49.873,125.515,7.937,299.854,1.356,15.28,31.331,1.317,4.408,67.32,405.65,77.624,14.4019,198.006,18.96,33.25,0
AERO-000370,LOT-2502-0148,24-févr-2025 04:01:00,M06,TI6AL4V,TRAITEMENT,MATIN,FOUR_B,49.191,123.255,7.973,308.372,1.311,40.055,41.199,2.599,6.043,69.073,358.48,71.622,14.4477,224.789,21.724,29.26,1
AERO-000371,LOT-2512-0101,24-déc-2025 22:14:00,M06,INCONEL718,TRAITEMENT,MATIN,FOUR_D,50.157,125.083,8.006,322.5,1.474,17.896,37.001,2.545,6.596,69.873,403.64,73.83,14.8191,269.697,18.95,47.49,0
AERO-000372,LOT-2503-0231,25-mars-2025 14:40:00,M05,AL7075,USINAGE,NUIT,FOUR_C,50.343,125.141,7.893,301.599,1.286,19.077,37.47,1.762,5.248,68.788,439.98,77.718,14.6228,199.032,19.731,29.37,0
AERO-000373,LOT-2501-0080,30-janv-2025 21:40:00,M02,INCONEL718,CONTROLE,SOIR,FOUR_B,49.901,125.203,8.061,323.013,0.746,23.338,33.761,1.539,5.582,71.44,455.79,71.026,14.4672,267.153,21.463,51.52,0
AERO-000374,LOT-2511-0031,20-nov-2025 17:21:00,M05,AL7075,USINAGE,MATIN,FOUR_C,49.856,124.958,8.048,303.907,1.176,18.934,36.784,2.168,NaN,67.589,477.18,81.975,14.328,203.179,18.565,48.89,0
AERO-000375,LOT-2507-0088,26-juil-2025 21:19:00,M01,AL7075,USINAGE,MATIN,FOUR_A,49.614,125.344,7.97,304.965,1.014,23.991,30.77,1.151,4.6,70.651,433.27,81.164,14.3912,217.695,19.59,37.44,0
AERO-000376,LOT-2510-0232,25-oct-2025 21:00:00,M04,TI6AL4V,CONTROLE,MATIN,FOUR_B,50.029,NaN,7.88,312.626,1.178,14.762,35.122,1.091,4.49,67.447,485.24,76.375,14.5792,229.191,17.46,29.31,0
AERO-000377,LOT-2511-0165,27-nov-2025 04:58:00,M06,INCONEL718,CONTROLE,SOIR,FOUR_C,50.166,125.806,8.02,323.222,1.171,20.006,37.117,1.749,5.57,71.395,401.91,75.549,14.7975,257.579,20.342,56.33,0
AERO-000378,LOT-2602-0120,02-févr-2026 19:42:00,M05,AL7075,TRAITEMENT,MATIN,FOUR_A,50.155,125.883,7.967,305.811,0.927,14.622,37.151,1.848,NaN,71.542,394.68,77.003,14.4762,190.991,20.882,43.5,0
AERO-000379,LOT-2511-0155,08-nov-2025 01:21:00,M05,AL7075,CONTROLE,MATIN,FOUR_C,50.191,124.821,7.939,308.254,1.054,23.738,33.675,1.641,5.145,68.921,363.83,83.824,14.4384,202.026,18.524,52.56,0
AERO-000380,LOT-2512-0199,06-déc-2025 13:50:00,M03,AL7075,USINAGE,NUIT,FOUR_C,49.933,125.702,7.985,301.937,1.159,18.112,34.607,1.621,5.362,63.903,416.44,80.56,14.6438,201.686,19.124,43,0
AERO-000381,LOT-2511-0006,06-nov-2025 00:34:00,M06,TI6AL4V,CONTROLE,SOIR,FOUR_C,50.106,125.246,8.035,307.739,1.523,15.842,37.442,1.261,3.815,64.104,407.64,79.296,14.5317,234.934,17.761,53.24,0
AERO-000382,LOT-2503-0048,13-mars-2025 00:52:00,M04,TI6AL4V,TRAITEMENT,SOIR,FOUR_A,50.072,124.968,8.051,311.713,1.153,22.799,32.035,1.257,4.622,67.423,471.04,72.994,14.4407,235.214,19.399,45.2,0
AERO-000383,LOT-2512-0031,13-déc-2025 11:14:00,M02,AL7075,USINAGE,SOIR,FOUR_D,50.213,125.283,8.109,301.349,1.146,12.538,35.713,1.794,5.688,68.359,470.64,81.214,14.591,203.353,17.744,27.18,0
AERO-000384,LOT-2505-0162,14-mai-2025 00:11:00,M01,INCONEL718,TRAITEMENT,SOIR,FOUR_A,49.926,125.341,7.943,323.279,1.3,13.056,30.982,1.709,5.549,62.358,412.36,71.93,14.4602,246.071,21.683,52.92,0
AERO-000385,LOT-2502-0036,02-févr-2025 08:11:00,M01,TI6AL4V,CONTROLE,SOIR,FOUR_B,49.631,125.495,7.997,312.729,NaN,17.211,34.389,1.264,5.492,63.277,451.92,79.452,14.5537,234.165,NaN,41.73,0
AERO-000386,LOT-2506-0051,13-juin-2025 20:28:00,M04,AL7075,USINAGE,MATIN,FOUR_A,49.992,125.293,8.057,224.621,0.844,22.705,30.707,0.861,4.004,68.143,456.47,82.212,14.5644,196.849,20.69,47.15,0
AERO-000387,LOT-2502-0026,18-févr-2025 03:21:00,M03,INCONEL718,TRAITEMENT,NUIT,FOUR_A,50.214,124.685,8.012,325.205,0.935,22.091,33.064,1.713,5.507,67.319,445.5,69.806,14.8349,246.668,18.9,56.93,0
AERO-000388,LOT-2511-0189,16-nov-2025 16:14:00,M03,TI6AL4V,TRAITEMENT,NUIT,FOUR_C,49.966,124.7,8.069,311.779,1.236,12.67,31.224,1.066,3.739,66.307,417.24,79.563,14.5919,215.391,15.393,41.48,0
AERO-000389,LOT-2601-0202,11-janv-2026 12:56:00,M03,AL7075,TRAITEMENT,SOIR,FOUR_A,49.876,125.144,7.978,305.585,1.049,22.173,30.917,1.411,5.376,68.127,418.65,75.288,14.145,193.862,19.426,42.75,0
AERO-000390,LOT-2504-0041,18-avr-2025 02:12:00,M06,AL7075,USINAGE,MATIN,FOUR_A,50.015,124.669,7.947,300.774,1.204,24.014,44.216,2.91,9.014,70.372,434.04,76.725,14.8863,206.71,19.928,NaN,1
AERO-000391,LOT-2512-0187,16-déc-2025 08:01:00,M02,TI6AL4V,TRAITEMENT,SOIR,FOUR_A,50.097,124.741,8.083,318.456,0.931,14.783,31.846,1.181,5.261,69.816,415,NaN,14.6558,225.159,20.498,39.51,0
AERO-000392,LOT-2501-0030,07-janv-2025 05:34:00,M06,TI6AL4V,CONTROLE,NUIT,FOUR_B,49.867,124.91,NaN,305.63,1.921,22.012,35.307,1.772,5.902,70.205,411.35,68.602,14.5168,NaN,18.839,46.01,1
AERO-000393,LOT-2510-0109,03-oct-2025 20:04:00,M03,INCONEL718,CONTROLE,MATIN,FOUR_B,50.146,125.031,7.972,322.495,0.872,26.003,46.43,2.346,8.63,69.596,445.18,70.453,14.6504,262.498,17.264,42.47,1
AERO-000394,LOT-2509-0019,11-sept-2025 20:02:00,M03,AL7075,USINAGE,MATIN,FOUR_A,50.016,124.292,7.943,302.951,0.966,14.944,34.365,1.162,5.604,69.976,353.93,82.852,14.6513,197.969,18.661,39.12,0
AERO-000395,LOT-2502-0215,28-févr-2025 13:42:00,M04,AL7075,USINAGE,MATIN,FOUR_D,49.422,126.521,7.986,301.552,1.381,43.801,30.44,1.405,4.961,72.229,317.86,79.402,14.3888,208.225,18.979,38.61,1
AERO-000396,LOT-2505-0073,06-mai-2025 00:09:00,M03,INCONEL718,CONTROLE,MATIN,FOUR_C,50.067,124.959,7.973,318.962,1.02,20.263,33.032,1.628,5.737,69.442,434.36,71.739,14.7682,236.563,17.852,40.74,0
AERO-000397,LOT-2508-0182,26-août-2025 16:48:00,M04,TI6AL4V,USINAGE,SOIR,FOUR_D,50.307,124.847,7.945,312.095,0.995,21.976,36.726,1.456,5.041,82.832,597.77,55.593,15.738,236.568,19.329,38.88,1
AERO-000398,LOT-2504-0039,22-avr-2025 11:10:00,M05,TI6AL4V,USINAGE,MATIN,FOUR_A,49.761,124.751,8.098,313.123,0.916,12.925,34.247,1.26,4.936,69.879,364.7,75.833,14.518,226.504,17.381,45.07,0
AERO-000399,LOT-2504-0226,01-avr-2025 01:30:00,M01,TI6AL4V,USINAGE,SOIR,FOUR_B,50.033,124.564,8.071,315.937,1.248,20.452,32.205,1.28,5.345,67.828,419.1,80.409,14.6321,240.227,18.085,43.31,0
AERO-000400,LOT-2601-0025,04-janv-2026 02:19:00,M05,TI6AL4V,CONTROLE,MATIN,FOUR_B,50.847,123.929,7.885,314.65,1.102,36.149,36.925,2.409,6.543,72.043,403.75,82.401,14.59,229.35,18.39,47.89,1
AERO-000401,LOT-2508-0042,24-août-2025 14:31:00,M06,AL7075,TRAITEMENT,NUIT,FOUR_C,49.943,125.07,7.992,305.043,0.988,23.131,35.337,1.404,5.247,67.635,317.62,81.647,14.551,198.898,19.236,53.18,0
AERO-000402,LOT-2510-0228,26-oct-2025 17:01:00,M02,TI6AL4V,USINAGE,MATIN,FOUR_A,49.818,124.688,8.095,313.939,1.374,21.237,33.08,1.384,5.461,74.593,621.42,59.687,14.7811,NaN,18.885,40.79,1
AERO-000403,LOT-2506-0168,08-juin-2025 11:30:00,M04,INCONEL718,CONTROLE,MATIN,FOUR_A,49.906,125.008,7.999,324.608,1.542,25.593,33.046,1.18,5.078,67.234,335.83,77.636,14.6624,255.281,19.777,35.72,0
AERO-000404,LOT-2503-0183,28-mars-2025 03:56:00,M05,AL7075,USINAGE,NUIT,FOUR_A,49.772,124.934,8.106,301.247,1.034,11.012,34.995,1.793,6.333,70.173,430.6,72.33,14.4151,207.301,17.404,47.19,0
AERO-000405,LOT-2603-0188,01-mars-2026 00:50:00,M01,AL7075,USINAGE,SOIR,FOUR_A,50.005,124.655,7.928,303.37,1.139,19.158,31.285,1.723,5.818,67.39,404.94,76.803,14.6379,202.601,18.571,37.53,0
AERO-000406,LOT-2505-0081,17-mai-2025 18:41:00,M02,TI6AL4V,CONTROLE,NUIT,FOUR_D,49.893,124.675,8.077,311.434,0.933,17.877,31.472,1.613,5.979,65.755,339.59,79.323,14.4416,234.904,19.731,40.18,0
AERO-000407,LOT-2508-0038,01-août-2025 20:05:00,M03,TI6AL4V,CONTROLE,SOIR,FOUR_B,50.12,124.964,8.086,317.307,1.167,16.931,29.988,1.346,5.11,70.481,405.96,75.687,14.3818,232.439,19.147,43.12,0
AERO-000408,LOT-2512-0049,24-déc-2025 15:44:00,M06,INCONEL718,USINAGE,MATIN,FOUR_A,49.926,125.458,8.034,316.146,1.033,15.794,35.71,2.481,6.417,72.011,372,74.551,14.6491,253.569,16.315,48.19,0
AERO-000409,LOT-2501-0076,18-janv-2025 07:53:00,M02,AL7075,USINAGE,SOIR,FOUR_D,49.864,124.869,7.881,297.018,1.601,16.149,28.921,1.364,4.126,70.119,382.17,78.633,14.1442,182.272,18.506,49.91,1
AERO-000410,LOT-2501-0022,10-janv-2025 20:33:00,M02,AL7075,USINAGE,MATIN,FOUR_C,49.999,124.333,8.071,300.522,1.011,20.662,32.995,1.457,5.913,69.881,471.22,84.918,14.7207,187.765,18.989,47.15,0
AERO-000411,LOT-2501-0099,19-janv-2025 14:56:00,M05,AL7075,CONTROLE,SOIR,FOUR_D,50.013,125.192,7.865,303.185,1.312,10.987,35.123,1.743,5.563,66.798,497.81,83.522,14.1153,203.124,17.966,57.56,0
AERO-000412,LOT-2506-0200,16-juin-2025 10:38:00,M04,AL7075,USINAGE,MATIN,FOUR_B,50.074,124.878,8.139,298.318,0.917,14.137,31.243,1.323,3.895,63.272,402.21,78.201,14.5429,191.114,18.932,47.09,0
AERO-000413,LOT-2505-0063,16-mai-2025 02:02:00,M01,TI6AL4V,USINAGE,SOIR,FOUR_D,50.348,125.581,7.933,312.771,0.743,37.857,28.499,1.225,5.17,66.756,391.93,75.856,14.764,229.317,19.253,45.83,1
AERO-000414,LOT-2602-0202,18-févr-2026 06:14:00,M04,AL7075,USINAGE,SOIR,FOUR_C,50.182,125.223,8.067,303.519,1.213,20.018,32.958,1.52,4.957,70.862,376.07,75.922,14.4631,206.324,18.999,41.07,0
AERO-000415,LOT-2511-0062,30-nov-2025 13:58:00,M02,AL7075,USINAGE,SOIR,FOUR_C,49.935,124.767,NaN,299.194,1.144,15.645,36.94,1.591,5.516,73.379,398.93,85.023,14.3155,205.956,NaN,52.2,0
AERO-000416,LOT-2601-0146,13-janv-2026 07:13:00,M02,TI6AL4V,CONTROLE,SOIR,FOUR_A,49.804,125.442,7.937,309.089,0.967,18.024,NaN,1.35,4.396,70.827,433.86,79.333,14.4349,215.127,18.803,43.09,0
AERO-000417,LOT-2511-0135,13-nov-2025 11:34:00,M02,TI6AL4V,USINAGE,MATIN,FOUR_A,49.792,125.067,7.967,309.155,1.015,17.743,36.338,3.028,8.476,63.47,377.37,73.853,14.1226,222.826,19.42,46.26,1
AERO-000418,LOT-2505-0173,01-mai-2025 11:18:00,M02,INCONEL718,USINAGE,SOIR,FOUR_C,49.869,125.485,8.013,325.021,1.308,15.524,31.291,1.43,5.774,70.102,405.3,74.084,14.1885,NaN,21.531,45.84,0
AERO-000419,LOT-2505-0132,05-mai-2025 22:59:00,M03,TI6AL4V,CONTROLE,MATIN,FOUR_C,50.136,124.981,8.056,308.287,0.792,23.285,34.939,1.558,4.412,71.213,366.85,73.454,14.1954,226.678,19.893,43.35,0
AERO-000420,LOT-2508-0032,18-août-2025 10:50:00,M06,AL7075,CONTROLE,MATIN,FOUR_A,50.022,124.42,8.048,304.433,1.067,13.756,33.961,1.93,5.969,72.1,404.32,82.263,14.295,205.654,21.917,44.79,0
AERO-000421,LOT-2508-0078,21-août-2025 05:58:00,M04,AL7075,USINAGE,SOIR,FOUR_B,50.06,124.529,7.971,300.854,1.236,18.418,34.656,1.398,5.052,63.501,412.5,78.186,14.4671,217.37,18.126,50.4,0
AERO-000422,LOT-2507-0124,01-juil-2025 01:55:00,M05,TI6AL4V,CONTROLE,SOIR,FOUR_B,50.167,125.335,8.015,310.701,1.31,18.949,35.562,1.842,5.907,66.881,438.03,73.898,14.5234,245.143,19.671,39.91,0
AERO-000423,LOT-2505-0015,28-mai-2025 07:59:00,M05,AL7075,USINAGE,SOIR,FOUR_C,50.162,125.483,8.112,304.109,1.284,13.743,31.966,1.516,5.752,62.717,467.92,86.772,14.3161,196.642,19.977,33.24,0
AERO-000424,LOT-2506-0237,17-juin-2025 20:34:00,M06,INCONEL718,USINAGE,SOIR,FOUR_A,50.02,125.065,7.963,320.033,1.137,22.218,34.905,1.872,5.695,70.876,447.65,75.221,14.5706,254.743,18.388,40.17,0
AERO-000425,LOT-2504-0018,04-avr-2025 21:17:00,M06,TI6AL4V,USINAGE,SOIR,FOUR_D,49.949,124.944,8.026,315.277,1.221,23.507,35.226,1.803,6.05,70.133,450.89,80.619,14.4499,227.414,19.16,39.73,0
AERO-000426,LOT-2509-0049,04-sept-2025 06:54:00,M05,INCONEL718,TRAITEMENT,SOIR,FOUR_B,50.288,125.072,8.022,325.848,0.978,19.578,36.707,1.54,4.947,71.984,394.29,75.467,14.4334,260.759,18.624,47.18,0
AERO-000427,LOT-2601-0198,31-janv-2026 04:09:00,M06,AL7075,USINAGE,MATIN,FOUR_C,49.991,124.894,8.087,307.671,2.371,25.192,42.354,1.926,5.127,68.651,336.69,74.828,14.4743,173.023,17.541,39.18,1
AERO-000428,LOT-2505-0182,26-mai-2025 02:17:00,M04,INCONEL718,USINAGE,SOIR,FOUR_B,50.202,125.416,NaN,324.87,1.074,15.123,33.404,1.042,4.058,71.358,333.54,75.588,14.5175,249.17,21.443,50.98,0
AERO-000429,LOT-2506-0072,12-juin-2025 00:42:00,M01,TI6AL4V,TRAITEMENT,SOIR,FOUR_B,50.22,125.104,7.964,317.72,1.071,23.292,30.131,1.201,5.832,69.694,446.14,78.99,14.8732,241.894,18.855,33.12,0
AERO-000430,LOT-2601-0102,13-janv-2026 13:41:00,M04,AL7075,USINAGE,MATIN,FOUR_B,50.092,125.254,7.897,304.132,0.894,11.209,34.194,1.416,4.587,65.807,400.84,84.29,14.5581,200.438,15.609,33.78,0
AERO-000431,LOT-2507-0034,18-juil-2025 08:54:00,M05,TI6AL4V,USINAGE,MATIN,FOUR_C,NaN,124.661,7.955,311.646,1.218,20.206,35.693,1.535,5.299,69.853,455.49,75.338,14.6523,236.942,18.988,45.67,0
AERO-000432,LOT-2506-0174,16-juin-2025 16:12:00,M04,AL7075,USINAGE,MATIN,FOUR_A,49.867,125.66,8.085,304.389,1.193,19.538,31.834,1.18,5.529,67.504,466.37,81.606,14.7451,193.135,19.524,34.94,0
AERO-000433,LOT-2503-0176,27-mars-2025 14:02:00,M05,AL7075,USINAGE,SOIR,FOUR_C,50.127,124.809,8.031,301.646,1.05,15.232,30.529,1.423,4.944,66.129,429.9,73.071,14.5261,205.519,18.205,42.99,0
AERO-000434,LOT-2601-0188,01-janv-2026 03:59:00,M04,TI6AL4V,USINAGE,NUIT,FOUR_D,49.957,125.127,7.992,317.217,2.628,18.832,33.699,1.561,5.032,71.562,366.34,80.017,14.9699,231.274,19.203,44.33,1
AERO-000435,LOT-2501-0172,01-janv-2025 09:30:00,M03,AL7075,USINAGE,MATIN,FOUR_A,50.018,124.887,8.006,303.691,1.321,16.497,42.125,2.372,7.926,69.843,402.53,82.583,14.3437,210.617,17.656,40.13,1
AERO-000436,LOT-2512-0096,24-déc-2025 07:44:00,M03,TI6AL4V,CONTROLE,NUIT,FOUR_C,50.091,125.219,8.015,314.327,1.098,17.141,36.677,1.533,5.386,70.893,370.73,78.095,14.5156,223.015,18.464,46.92,0
AERO-000437,LOT-2503-0218,29-mars-2025 19:14:00,M04,AL7075,CONTROLE,SOIR,FOUR_B,49.995,124.877,8.106,295.763,1.343,18.913,33.928,1.499,4.925,70.065,353.04,81.093,14.5344,207.426,18.031,43.64,0
AERO-000438,LOT-2507-0129,08-juil-2025 08:57:00,M06,TI6AL4V,USINAGE,SOIR,FOUR_D,50.096,124.712,7.883,311.644,0.839,12.086,35.381,1.638,4.855,71.17,420.06,69.393,14.376,235.152,18.038,48.31,0
AERO-000439,LOT-2505-0183,24-mai-2025 02:07:00,M05,INCONEL718,USINAGE,MATIN,FOUR_B,50.002,124.991,8.025,320.937,NaN,20.743,34.839,1.78,6.022,66.162,424.36,67.168,14.7061,259.904,19.432,37.9,0
AERO-000440,LOT-2504-0045,19-avr-2025 22:33:00,M04,INCONEL718,USINAGE,NUIT,FOUR_A,50.058,125.55,8.022,322.467,1.347,14.106,33.187,1.045,4.59,66.114,431.79,70.934,14.6429,266.622,18.1,49.57,0
AERO-000441,LOT-2501-0206,03-janv-2025 17:21:00,M06,TI6AL4V,TRAITEMENT,MATIN,FOUR_C,50.061,124.831,8.045,313.425,1.034,20.626,39.08,1.755,5.616,69.182,409.77,79.219,14.8233,235.041,19.336,37.24,0
AERO-000442,LOT-2506-0178,09-juin-2025 03:29:00,M03,TI6AL4V,CONTROLE,NUIT,FOUR_B,50.036,124.965,8.068,316.331,0.946,14.036,30.622,1.097,4.464,72.125,401.42,73.261,14.3415,239.662,18.028,48.07,0
AERO-000443,LOT-2601-0109,12-janv-2026 06:06:00,M03,TI6AL4V,CONTROLE,SOIR,FOUR_A,49.833,125.498,8.077,312.063,0.972,22.185,32.53,1.386,5.514,67.578,469.98,79.568,14.724,238.06,19.103,57.67,0
AERO-000444,LOT-2503-0067,08-mars-2025 05:39:00,M05,AL7075,CONTROLE,MATIN,FOUR_A,49.633,124.972,8.07,303.849,1.131,23.622,30.965,1.22,4.868,70.177,439,80.01,NaN,193.51,17.951,45.19,0
AERO-000445,LOT-2509-0006,03-sept-2025 21:41:00,M04,TI6AL4V,USINAGE,SOIR,FOUR_B,50.044,125.031,7.921,317.688,0.992,13.446,34.137,1.303,4.609,63.187,420.12,78.977,14.1136,242.942,19.096,44.57,0
AERO-000446,LOT-2602-0139,09-févr-2026 20:29:00,M02,AL7075,USINAGE,NUIT,FOUR_D,50.036,124.756,7.908,303.635,0.766,16.658,27.576,0.905,4.748,72.125,370.3,80.995,14.5601,194.052,17.085,41.34,0
AERO-000447,LOT-2509-0130,26-sept-2025 05:47:00,M06,AL7075,USINAGE,MATIN,FOUR_D,49.961,NaN,7.993,301.352,1.182,18.206,37.21,1.921,6.048,71.257,387.12,80.645,14.7614,209.845,17.996,38.12,0
AERO-000448,LOT-2504-0010,27-avr-2025 23:57:00,M04,AL7075,CONTROLE,SOIR,FOUR_A,49.729,124.739,8.063,300.585,1.122,16.245,31.974,1.199,4.567,70.336,NaN,74.942,14.6181,197.872,17.834,63.18,0
AERO-000449,LOT-2501-0141,24-janv-2025 14:18:00,M02,TI6AL4V,USINAGE,SOIR,FOUR_B,49.857,124.986,7.978,311.635,1.099,21.7,34.678,1.359,6.261,72.668,451.71,77.467,14.5953,NaN,17.968,49.28,0
AERO-000450,LOT-2601-0186,10-janv-2026 17:13:00,M01,TI6AL4V,CONTROLE,SOIR,FOUR_A,50.014,125.091,8.152,313.112,1.084,20.86,34.789,1.387,5.443,68.152,423.8,76.224,14.4574,247.092,18.751,40.78,0
AERO-000451,LOT-2502-0013,20-févr-2025 05:33:00,M05,AL7075,TRAITEMENT,NUIT,FOUR_D,49.813,125.135,8.015,301.314,1.397,19.71,34.89,2.13,6.09,71.315,435.18,79.49,14.8747,209.51,18.506,45.54,0
AERO-000452,LOT-2508-0149,11-août-2025 00:40:00,M04,TI6AL4V,USINAGE,MATIN,FOUR_A,50.068,125.16,8.05,314.333,NaN,18.316,32.532,1.7,6.129,67.519,412.48,74.06,14.5305,225.558,18.737,48.25,0
AERO-000453,LOT-2506-0164,17-juin-2025 10:56:00,M01,AL7075,USINAGE,MATIN,FOUR_B,50.219,124.553,7.968,304.769,1.196,9.781,40.735,1.893,6.566,66.746,363.71,78.768,14.3943,203.898,17.725,47.94,1
AERO-000454,LOT-2601-0039,17-janv-2026 17:05:00,M03,AL7075,USINAGE,NUIT,FOUR_B,49.881,124.92,8.008,297.736,0.975,15.638,26.696,1.438,4.457,65.343,442.61,77.94,14.0728,203.318,18.645,42.33,0
AERO-000455,LOT-2505-0031,28-mai-2025 21:35:00,M05,TI6AL4V,USINAGE,SOIR,FOUR_B,50.105,124.631,7.968,317.684,1.212,15.574,36.006,1.614,5.579,68.507,432.44,79.641,14.1142,241.092,21.484,40.38,0
AERO-000456,LOT-2507-0123,02-juil-2025 01:15:00,M06,AL7075,CONTROLE,MATIN,FOUR_B,49.383,124.606,7.937,300.875,1.059,20.99,34.244,1.706,6.128,67.009,423.08,82.24,14.4037,188.941,18.121,27.54,0
AERO-000457,LOT-2601-0228,23-janv-2026 06:48:00,M06,INCONEL718,TRAITEMENT,NUIT,FOUR_A,49.903,125.29,7.979,NaN,1.154,24.66,37.723,1.783,5.99,NaN,438.23,75.712,14.7214,NaN,20.149,34.39,0
AERO-000458,LOT-2506-0122,14-juin-2025 02:57:00,M04,TI6AL4V,USINAGE,SOIR,FOUR_C,50.053,125.191,8.022,314.604,1.091,26.808,30.705,1.272,5.269,68.678,451.15,75.877,14.7625,228.473,19.235,33.33,0
AERO-000459,LOT-2502-0195,23-févr-2025 19:17:00,M01,TI6AL4V,USINAGE,MATIN,FOUR_B,50.105,125.467,7.903,NaN,1.209,17.188,35.746,1.353,4.659,65.778,364.04,77.649,14.5728,233.033,19.787,44.39,0
AERO-000460,LOT-2502-0047,21-févr-2025 14:24:00,M04,TI6AL4V,TRAITEMENT,MATIN,FOUR_D,50.187,124.568,7.872,310,1.429,15.077,33.452,1.472,5.465,71.158,441.37,86.793,14.4562,228.362,19.163,44.33,0
AERO-000461,LOT-2512-0094,30-déc-2025 20:36:00,M06,AL7075,USINAGE,MATIN,FOUR_A,49.957,125.283,7.968,304.599,1.284,11.204,35.874,2.065,6.088,67.916,NaN,80.251,14.7252,195.751,20.316,43.57,0
AERO-000462,LOT-2504-0121,15-avr-2025 16:08:00,M01,AL7075,USINAGE,NUIT,FOUR_A,50.087,125.482,7.943,300.113,0.571,15.441,28.445,1.632,6.02,70.261,401.04,73.083,14.4936,202.582,19.324,39.61,0
AERO-000463,LOT-2602-0160,18-févr-2026 23:35:00,M06,TI6AL4V,CONTROLE,MATIN,FOUR_A,49.931,125.153,7.975,314.274,1.185,18.615,48.352,3.425,7.255,71.542,427.24,73.226,14.5655,236.29,19.63,43.82,1
AERO-000464,LOT-2504-0108,06-avr-2025 00:21:00,M04,AL7075,TRAITEMENT,SOIR,FOUR_A,50.091,125.146,8.02,302.691,0.907,16.904,34.94,1.453,5.248,66.237,501.52,78.344,13.9994,200.911,19.774,47,0
AERO-000465,LOT-2512-0116,21-déc-2025 15:16:00,M02,AL7075,TRAITEMENT,SOIR,FOUR_C,49.956,124.915,8.017,302.771,0.412,19.053,34.01,1.554,5.427,63.918,438.16,78.909,14.4057,214.529,19.541,55.81,0
AERO-000466,LOT-2511-0181,23-nov-2025 18:21:00,M02,AL7075,USINAGE,MATIN,FOUR_B,49.894,124.733,7.908,308.574,1.58,18.555,33.003,1.267,5.309,69.601,401.81,76.386,14.3822,170.284,17.507,32.34,1
AERO-000467,LOT-2509-0089,24-sept-2025 04:09:00,M01,AL7075,USINAGE,SOIR,FOUR_A,49.921,125.244,8.031,300.006,1.036,29.628,29.774,1.193,4.909,64.898,412.94,77.317,14.6488,206.392,18.952,35.37,0
AERO-000468,LOT-2601-0060,03-janv-2026 07:50:00,M01,AL7075,USINAGE,NUIT,FOUR_B,50.304,125.146,8.009,302.092,0.905,12.246,32.52,1.478,5.049,66.773,442.76,81.223,14.479,196.446,19.714,46.11,0
AERO-000469,LOT-2602-0116,26-févr-2026 22:01:00,M04,INCONEL718,CONTROLE,MATIN,FOUR_A,NaN,124.663,8.011,321.449,0.893,15.276,30.567,0.889,4.264,66.501,NaN,76.531,14.6803,256.574,20.842,38.77,0
AERO-000470,LOT-2509-0044,03-sept-2025 10:59:00,M02,AL7075,USINAGE,SOIR,FOUR_C,49.883,124.935,8.09,301.721,1.055,29.324,26.228,1.324,5.206,68.447,449.91,77.25,14.5217,209.042,20.734,43.94,0
AERO-000471,LOT-2501-0150,07-janv-2025 18:38:00,M06,AL7075,USINAGE,SOIR,FOUR_A,49.797,124.536,8.01,305.229,0.881,7.182,33.711,1.65,5.172,67.439,388.01,85.337,14.3364,205.573,20.507,41.28,0
AERO-000472,LOT-2512-0118,02-déc-2025 18:42:00,M04,INCONEL718,USINAGE,MATIN,FOUR_A,49.928,124.309,7.925,318.9,1.301,22.311,33.301,1.503,5.414,66.17,414.52,70.88,14.5138,251.259,20.133,47.63,0
AERO-000473,LOT-2503-0127,17-mars-2025 11:36:00,M06,TI6AL4V,TRAITEMENT,MATIN,FOUR_C,50.061,125.11,8.017,313.257,1.089,15.598,31.059,1.499,4.979,67.214,441.65,75.389,14.4683,243.006,18.944,43.2,0
AERO-000474,LOT-2510-0224,08-oct-2025 02:24:00,M02,AL7075,TRAITEMENT,SOIR,FOUR_B,49.681,126.477,7.991,302.253,1.113,38.089,36.211,1.112,4.571,67.874,457.33,78.096,14.5262,206.789,20.424,32.51,1
AERO-000475,LOT-2508-0224,14-août-2025 04:11:00,M05,AL7075,USINAGE,SOIR,FOUR_C,50.248,125.146,8.004,306.98,2.537,15.962,32.417,1.698,6.11,76.173,462.85,73.144,14.035,196.328,21.016,42.98,1
AERO-000476,LOT-2602-0182,28-févr-2026 05:37:00,M01,AL7075,USINAGE,MATIN,FOUR_B,49.711,125.056,7.977,301.362,1.122,21.715,29.177,1.76,5.202,70.299,401.98,78.433,14.2619,191.061,17.78,48.16,0
AERO-000477,LOT-2505-0016,13-mai-2025 05:52:00,M04,TI6AL4V,USINAGE,MATIN,FOUR_C,50.119,125.321,7.889,318.567,1.322,19.031,32.433,1.481,4.638,67.211,488.53,80.228,14.6616,219.992,18.516,30.9,0
AERO-000478,LOT-2501-0040,16-janv-2025 09:26:00,M06,TI6AL4V,USINAGE,MATIN,FOUR_C,49.589,124.938,7.965,315.828,1.08,21.479,33.529,1.935,6.027,65.026,476.24,75.031,14.2761,223.202,16.43,30.26,0
AERO-000479,LOT-2509-0038,05-sept-2025 18:29:00,M06,TI6AL4V,CONTROLE,MATIN,FOUR_B,49.948,124.686,7.942,315.155,2.19,13.059,33.115,1.449,4.593,67.038,399.96,79.268,14.6036,240.031,15.84,44.08,1
AERO-000480,LOT-2507-0065,20-juil-2025 07:08:00,M04,AL7075,TRAITEMENT,MATIN,FOUR_B,49.746,125.074,7.992,302.168,0.942,23.108,32.916,1.311,4.892,71.389,424.01,80.093,14.4623,204.05,17.14,39.71,0
AERO-000481,LOT-2512-0091,04-déc-2025 09:37:00,M02,AL7075,TRAITEMENT,SOIR,FOUR_B,50.053,124.855,8.005,302.982,1.27,15.512,34.337,1.304,4.675,70.143,415.48,79.292,14.1667,207.741,20.494,40.36,0
AERO-000482,LOT-2512-0017,06-déc-2025 08:09:00,M05,INCONEL718,USINAGE,SOIR,FOUR_B,49.755,124.641,8.035,323.123,1.138,19.925,34.259,2.018,5.287,71.051,375,70.351,14.269,260.895,20.323,42.18,0
AERO-000483,LOT-2501-0157,20-janv-2025 05:36:00,M03,TI6AL4V,CONTROLE,SOIR,FOUR_C,50.062,124.794,8.005,312.62,1.258,14.337,34.391,1.263,4.904,63.532,452.5,NaN,14.6822,220.178,18.787,39.58,0
AERO-000484,LOT-2508-0170,27-août-2025 19:18:00,M02,TI6AL4V,USINAGE,MATIN,FOUR_A,50.173,125.093,8.122,314.081,1.21,17.636,32.446,1.71,5.171,63.919,433.37,77.12,14.552,240.019,17.548,40.72,0
AERO-000485,LOT-2501-0144,27-janv-2025 10:49:00,M01,TI6AL4V,CONTROLE,MATIN,FOUR_A,50.18,124.68,7.932,312.688,0.86,27.25,30.194,0.893,4.314,66.555,365.66,75.179,14.2999,225.027,21.805,47.21,0
AERO-000486,LOT-2507-0078,17-juil-2025 23:16:00,M01,AL7075,USINAGE,SOIR,FOUR_B,50.129,124.961,7.858,305.999,1.098,20.935,29.898,1.033,4.102,67.494,376.37,81.171,14.437,200.542,16.511,37.21,0
AERO-000487,LOT-2512-0007,23-déc-2025 16:56:00,M05,INCONEL718,TRAITEMENT,MATIN,FOUR_C,50.337,124.883,8.059,324.56,1.048,16.641,34.793,NaN,5.099,64.707,491.72,71.633,14.3918,256.983,18.589,51.1,0
AERO-000488,LOT-2512-0167,18-déc-2025 06:47:00,M05,AL7075,CONTROLE,SOIR,FOUR_B,50.015,125.208,8.029,307.025,1.283,18.534,36.605,1.468,6.069,68.771,485.06,77.873,14.3441,196.039,20.027,43.65,0
AERO-000489,LOT-2501-0164,12-janv-2025 02:33:00,M01,AL7075,USINAGE,SOIR,FOUR_B,49.765,124.353,7.914,299.767,0.99,16.134,33.279,1.745,5.728,68.168,402.25,78.086,14.211,201.309,20.052,46.48,0
AERO-000490,LOT-2602-0075,28-févr-2026 13:56:00,M04,AL7075,USINAGE,SOIR,FOUR_B,49.866,124.377,8.085,299.306,1.399,10.549,32.633,NaN,4.547,64.862,409.2,75.085,14.9217,207.053,5.149,41.66,0
AERO-000491,LOT-2506-0205,14-juin-2025 14:43:00,M04,TI6AL4V,USINAGE,MATIN,FOUR_B,49.986,124.118,NaN,310.519,1.136,11.925,31.155,1.436,5.39,63.487,420.75,80.788,14.6593,235.249,19.323,40.65,0
AERO-000492,LOT-2508-0232,04-août-2025 05:56:00,M01,AL7075,TRAITEMENT,SOIR,FOUR_C,49.764,124.207,7.995,306.906,1.147,20.152,NaN,1.023,4.609,63.994,478.34,82.173,14.5532,195.492,22.602,49.91,0
AERO-000493,LOT-2501-0093,19-janv-2025 05:18:00,M03,INCONEL718,USINAGE,SOIR,FOUR_D,49.942,125.08,8.052,316.076,1.119,21.143,32.535,1.622,5.531,67.727,379.51,70.21,14.8134,249.481,19.797,37.54,0
AERO-000494,LOT-2512-0065,05-déc-2025 10:27:00,M01,AL7075,USINAGE,MATIN,FOUR_B,49.692,125.371,7.918,299.858,0.933,21.657,33.67,1.207,4.283,76.28,602.76,57.034,15.4877,210.635,19.333,47.44,1
AERO-000495,LOT-2511-0081,25-nov-2025 22:11:00,M03,AL7075,USINAGE,SOIR,FOUR_B,49.815,124.942,7.997,309.831,1.503,24.219,35.62,1.258,4.774,65.144,363.35,65.47,14.2531,162.998,18.864,64.45,1
AERO-000496,LOT-2503-0226,21-mars-2025 16:55:00,M02,TI6AL4V,CONTROLE,MATIN,FOUR_A,49.97,124.833,7.915,318.002,0.916,8.851,32.238,0.999,4.88,67.553,464.34,77.165,14.3582,259.774,17.793,60.24,0
AERO-000497,LOT-2504-0170,26-avr-2025 09:59:00,M01,AL7075,CONTROLE,SOIR,FOUR_D,50.158,125.287,8.061,306.583,1.223,14.909,34.016,1.6,5.01,69.622,411.95,78.06,14.5967,207.772,18.972,44.91,0
AERO-000498,LOT-2506-0181,26-juin-2025 21:09:00,M05,TI6AL4V,USINAGE,NUIT,FOUR_B,50.091,124.294,8.022,313.519,1.07,15.199,35.739,1.813,5.868,70.122,404.51,75.906,14.0788,230.902,NaN,39.02,0
AERO-000499,LOT-2502-0182,16-févr-2025 21:58:00,M06,INCONEL718,CONTROLE,NUIT,FOUR_C,50.154,124.652,7.994,322.803,0.564,20.689,34.793,2.332,6.101,84.491,251.43,53.386,15.327,265.122,20.675,51.06,1
AERO-000500,LOT-2509-0035,08-sept-2025 23:01:00,M03,TI6AL4V,CONTROLE,MATIN,FOUR_C,50.093,124.736,7.941,312.42,1.058,12.788,34.677,1.004,3.61,68.526,405.12,75.082,14.5501,224.958,19.101,40.02,0
AERO-000501,LOT-2503-0122,12-mars-2025 22:00:00,M04,AL7075,USINAGE,NUIT,FOUR_D,50.142,125.389,8.05,301.214,1.031,21.432,34.326,1.213,4.613,67.641,346.61,79.968,14.4475,203.944,21.691,41.12,0
AERO-000502,LOT-2501-0118,10-janv-2025 16:58:00,M04,INCONEL718,USINAGE,NUIT,FOUR_A,50.088,124.907,7.884,324.956,0.772,21.328,33.558,1.431,5.216,68.221,395.37,74.825,14.7502,271.442,20.335,24.63,0
AERO-000503,LOT-2511-0004,07-nov-2025 19:39:00,M01,INCONEL718,USINAGE,SOIR,FOUR_A,50.103,125.211,7.993,320.76,0.999,19.407,27.061,1.282,4.755,69.977,383.88,71.703,14.3549,253.972,19.305,32.27,0
AERO-000504,LOT-2511-0171,18-nov-2025 09:01:00,M04,AL7075,CONTROLE,NUIT,FOUR_B,49.989,125.713,8.015,303.11,1.326,16.33,34.192,1.508,5.551,66.905,374.13,82.093,14.6163,205.718,18.632,59.22,0
AERO-000505,LOT-2507-0104,22-juil-2025 18:27:00,M03,AL7075,USINAGE,MATIN,FOUR_A,50.011,125.036,8.011,299.721,0.856,20.268,32.402,1.266,4.482,70.806,370.5,86.202,14.4786,203.335,19.991,33.64,0
AERO-000506,LOT-2503-0183,22-mars-2025 14:57:00,M01,TI6AL4V,USINAGE,SOIR,FOUR_C,50.153,125.217,8.037,315.892,1.308,20.922,34.435,1.068,4.375,66.821,402.71,80.018,14.5313,242.291,19.246,51.45,0
AERO-000507,LOT-2507-0228,17-juil-2025 19:22:00,M05,AL7075,CONTROLE,SOIR,FOUR_A,50.313,125.034,7.911,302.471,1.077,13.592,33.32,1.631,5.434,69.629,398.31,78.17,14.2678,205.627,19.024,50.98,0
AERO-000508,LOT-2507-0096,05-juil-2025 10:44:00,M02,AL7075,TRAITEMENT,SOIR,FOUR_B,49.976,125.056,7.981,298.899,0.914,14.413,36.853,1.233,4.95,73.195,450.78,NaN,14.4524,203.86,18.235,52.98,0
AERO-000509,LOT-2506-0123,17-juin-2025 13:49:00,M02,AL7075,TRAITEMENT,MATIN,FOUR_A,48.707,125.305,8.242,303.189,0.813,22.195,37.277,1.384,4.18,66.79,466.46,81.053,14.4815,205.268,17.613,49.46,0
AERO-000510,LOT-2502-0145,19-févr-2025 11:35:00,M05,TI6AL4V,CONTROLE,MATIN,FOUR_A,49.674,125.649,7.817,313.308,0.705,16.291,34.705,1.333,4.351,79.724,554.03,51.447,15.3603,216.945,18.685,37.71,1
AERO-000511,LOT-2602-0129,12-févr-2026 16:03:00,M06,INCONEL718,CONTROLE,SOIR,FOUR_A,50.221,124.728,8.054,327.868,0.896,22.811,NaN,2.186,5.95,63.749,470.54,65.53,14.6168,258.92,19.098,59.68,0
AERO-000512,LOT-2602-0058,19-févr-2026 04:17:00,M02,AL7075,TRAITEMENT,SOIR,FOUR_D,50.17,124.869,7.997,304.386,1.241,19.896,42.116,0.527,8.984,68.744,402.89,82.017,14.4708,217.85,19.11,42.89,1
AERO-000513,LOT-2506-0105,14-juin-2025 02:06:00,M01,TI6AL4V,USINAGE,NUIT,FOUR_B,49.881,124.968,7.946,313.76,0.86,15.177,35.907,1.034,4.034,66.682,461.43,76.691,14.4041,230.485,16.505,48.67,0
AERO-000514,LOT-2507-0004,30-juil-2025 20:33:00,M02,AL7075,USINAGE,SOIR,FOUR_A,49.855,124.717,7.988,304.502,1.327,23.957,35.265,1.455,5.496,74.511,436.64,78.456,14.1444,202.382,19.489,46.73,0
AERO-000515,LOT-2501-0018,28-janv-2025 00:09:00,M01,TI6AL4V,CONTROLE,MATIN,FOUR_B,50.029,125.402,7.96,317.192,1.389,17.798,34.725,1.31,4.935,68.887,437.8,77.517,14.7708,232.243,17.751,40.71,0
AERO-000516,LOT-2501-0148,20-janv-2025 01:15:00,M06,AL7075,CONTROLE,MATIN,FOUR_C,49.911,125.178,7.833,305.117,1.275,16.93,35.795,1.671,5.191,72.848,384.45,88.524,14.3793,197.994,20.301,43.12,0
AERO-000517,LOT-2504-0091,02-avr-2025 23:01:00,M04,AL7075,USINAGE,SOIR,FOUR_A,50.213,125.418,8.045,292.003,1.965,17.416,27.84,1.963,5.62,64.716,427.55,80.866,14.55,177.951,17.73,56.19,1
AERO-000518,LOT-2511-0124,10-nov-2025 04:37:00,M06,AL7075,USINAGE,SOIR,,49.654,124.789,7.937,309.582,2.534,23,43.967,NaN,5.986,67.133,417.4,84.166,14.5911,202.074,14.903,48.89,1
AERO-000519,LOT-2602-0034,03-févr-2026 00:59:00,M01,AL7075,USINAGE,SOIR,FOUR_B,49.82,125.726,8.085,302.146,0.731,22.105,33.954,0.906,4.219,68.806,378.49,86.469,14.6565,193.797,18.696,44,0
AERO-000520,LOT-2501-0089,17-janv-2025 19:42:00,M01,INCONEL718,TRAITEMENT,MATIN,FOUR_C,49.905,125.593,8.029,325.903,1.204,24.077,32.636,1.29,3.821,69.193,397.15,72.572,14.6336,261.596,19.515,41.12,0
AERO-000521,LOT-2601-0004,03-janv-2026 05:43:00,M06,AL7075,USINAGE,NUIT,FOUR_B,49.856,125.14,8.111,305.767,0.949,14.226,36.703,2.218,6.208,67.979,415.11,85.369,14.7491,207.759,19.964,35.7,0
AERO-000522,LOT-2510-0109,26-oct-2025 21:11:00,M03,TI6AL4V,USINAGE,SOIR,FOUR_D,49.372,123.915,8.033,312.876,1.044,42.467,31.602,1.667,5.959,60.934,413.23,72.151,14.9562,243.066,16.806,52.19,1
AERO-000523,LOT-2502-0197,27-févr-2025 01:01:00,M06,TI6AL4V,USINAGE,NUIT,FOUR_D,49.805,125.134,8.116,312.883,1.464,21.237,50.472,3.165,8.605,68.874,431.36,74.178,14.978,233.425,20.26,37.04,1
AERO-000524,LOT-2505-0204,13-mai-2025 10:46:00,M04,AL7075,TRAITEMENT,SOIR,FOUR_C,49.707,124.762,7.991,303.84,1.24,19.968,33.585,1.017,4.199,70.588,443.2,81.459,14.2696,206.636,17.617,33.02,0
AERO-000525,LOT-2510-0189,15-oct-2025 08:43:00,M04,INCONEL718,TRAITEMENT,SOIR,FOUR_C,49.885,124.744,7.941,326.052,1.208,14.301,34.579,1.377,6.298,69.252,385.93,73.164,14.2339,252.984,16.949,47.4,0
AERO-000526,LOT-2501-0035,13-janv-2025 20:53:00,M02,INCONEL718,USINAGE,SOIR,FOUR_C,50.077,124.798,7.983,328.629,1.906,18.88,32.407,0.696,4.948,64.993,443.39,66.534,14.6181,NaN,19.624,23.31,1
AERO-000527,LOT-2507-0168,02-juil-2025 20:21:00,M03,TI6AL4V,USINAGE,MATIN,FOUR_A,49.727,125.682,7.891,309.161,0.745,15.628,38.171,1.287,5.68,71.58,446.97,79.094,14.2083,240.928,18.304,42.99,0
AERO-000528,LOT-2509-0177,29-sept-2025 23:07:00,M03,TI6AL4V,USINAGE,MATIN,FOUR_B,50.013,124.588,8.031,314.429,1.021,19.216,33.112,1.007,4.249,69.49,387.46,79.199,14.4369,235.931,20.201,44.44,0
AERO-000529,LOT-2505-0124,14-mai-2025 00:09:00,M02,INCONEL718,TRAITEMENT,NUIT,FOUR_B,50.027,125.207,7.925,320.883,1.295,18.252,32.239,1.492,5.059,65.928,461.1,72.547,14.6281,258.143,22.643,52.67,0
AERO-000530,LOT-2502-0032,16-févr-2025 03:01:00,M06,AL7075,USINAGE,MATIN,FOUR_C,49.838,124.888,7.968,302.304,1.211,15.79,35.315,1.825,5.993,66.926,468.77,77.12,14.3714,204.441,17.511,48.14,0
AERO-000531,LOT-2511-0237,24-nov-2025 18:48:00,M05,AL7075,USINAGE,MATIN,FOUR_B,50.199,124.997,8.096,306.66,0.874,13.202,34.019,1.675,4.459,71.156,451.79,75.046,14.545,202.524,18.754,50.05,0
AERO-000532,LOT-2504-0163,21-avr-2025 09:23:00,M02,AL7075,CONTROLE,MATIN,FOUR_A,49.655,125.124,8.005,298.754,0.847,16.86,34.447,1.094,4.521,70.155,404.7,81.802,14.5806,206.444,18.853,37.3,0
AERO-000533,LOT-2507-0153,10-juil-2025 05:43:00,M03,TI6AL4V,USINAGE,SOIR,FOUR_C,50,124.677,8.031,314.412,0.854,16.112,34.382,1.156,4.953,70.282,391.78,77.063,14.6199,232.477,18.292,42.61,0
AERO-000534,LOT-2508-0116,17-août-2025 23:58:00,M03,AL7075,TRAITEMENT,MATIN,FOUR_B,50.022,124.84,8.202,301.338,1.216,19.701,29.267,1.278,5.325,67.155,449.87,77.228,13.9687,201.826,18.468,52.84,0
AERO-000535,LOT-2503-0007,11-mars-2025 03:00:00,M01,AL7075,CONTROLE,NUIT,FOUR_B,50.149,124.712,NaN,300.368,NaN,15.639,34.226,0.597,4.042,67.272,368.55,81.817,15.0814,191.63,19.014,34.03,0
AERO-000536,LOT-2511-0187,21-nov-2025 22:34:00,M06,TI6AL4V,USINAGE,NUIT,FOUR_D,50.061,124.504,8.043,310.934,1.441,20.689,34.261,2.067,5.929,72.734,412.48,76.371,14.4612,235.454,17.146,41.62,0
AERO-000537,LOT-2510-0156,08-oct-2025 03:29:00,M04,AL7075,USINAGE,NUIT,FOUR_A,50.037,124.787,7.891,295.024,1.228,16.404,34.635,1.62,5.505,68.764,463.44,77.089,14.1093,200.494,18.299,40.16,0
AERO-000538,LOT-2501-0120,27-janv-2025 01:14:00,M02,AL7075,TRAITEMENT,SOIR,FOUR_A,49.926,125.382,7.933,304.928,1.086,22.74,32.316,1.625,5.499,67.277,401.23,72.423,14.8052,207.314,18.186,42.54,0
AERO-000539,LOT-2509-0196,11-sept-2025 08:10:00,M04,AL7075,USINAGE,MATIN,FOUR_D,49.94,125.242,7.939,301.667,1.195,22.473,34.873,1.239,5.101,70.952,424.46,77.445,14.2684,200.604,19.817,32.25,0
AERO-000540,LOT-2601-0037,31-janv-2026 23:01:00,M04,AL7075,USINAGE,SOIR,FOUR_C,50.097,124.81,8.041,303.176,1.198,18.996,33.208,1.235,5.204,67.967,363.79,77.57,14.7477,206.373,18.125,45.34,0
AERO-000541,LOT-2509-0007,26-sept-2025 06:29:00,M05,TI6AL4V,CONTROLE,SOIR,FOUR_B,50.05,125.257,8.023,313.2,0.721,9.024,40.862,1.241,5.342,67.942,391.56,77.921,14.2739,238.544,20.831,57.48,0
AERO-000542,LOT-2501-0107,06-janv-2025 21:31:00,M03,TI6AL4V,USINAGE,NUIT,FOUR_A,49.954,125.283,7.857,NaN,1.3,23.561,32.514,1.233,4.877,66.542,429.7,80.437,14.6437,239.99,19.977,36.83,0
AERO-000543,LOT-2512-0113,16-déc-2025 15:26:00,M03,TI6AL4V,USINAGE,MATIN,FOUR_A,49.462,123.809,8.058,319.612,0.922,34.503,31.141,1.046,4.989,63.639,433.04,75.888,14.479,237.929,18.751,45.6,1
AERO-000544,LOT-2502-0044,09-févr-2025 05:47:00,M05,AL7075,USINAGE,MATIN,FOUR_B,49.29,126.585,8.004,300.981,1.295,39.107,36.358,2.165,6.279,69.791,399.79,89.492,14.3783,197.249,20.975,40.18,1
AERO-000545,LOT-2602-0160,28-févr-2026 09:30:00,M04,AL7075,CONTROLE,MATIN,FOUR_B,50.087,125.238,7.961,314.908,2.009,24.729,33.089,1.187,4.402,67.554,434.41,74.911,14.5852,167.85,18.692,40.51,1
AERO-000546,LOT-2601-0107,05-janv-2026 09:14:00,M01,INCONEL718,USINAGE,MATIN,FOUR_A,49.859,124.854,7.853,321.814,1.067,12.66,33.012,0.98,5.419,65.591,411.62,70.51,14.7123,246.776,18.445,39.89,0
AERO-000547,LOT-2602-0235,08-févr-2026 03:34:00,M03,AL7075,CONTROLE,SOIR,FOUR_A,49.746,124.575,8.041,303.684,0.817,17.77,32.94,1.498,5.667,70.892,386.79,NaN,14.7129,204.17,17.006,40.5,0
AERO-000548,LOT-2504-0086,18-avr-2025 23:24:00,M01,AL7075,USINAGE,MATIN,FOUR_D,49.773,124.667,NaN,301.205,1.343,18.641,33.889,1.723,5.634,67.888,416.7,80.702,14.7287,199.775,18.87,40.86,0
AERO-000549,LOT-2512-0036,20-déc-2025 02:01:00,M01,AL7075,USINAGE,SOIR,FOUR_B,50.178,124.676,8.195,302.297,1.215,18.515,32.025,1.589,NaN,68.506,407.13,NaN,14.1485,209.437,17.9,44.1,0
AERO-000550,LOT-2505-0107,14-mai-2025 10:04:00,M01,TI6AL4V,CONTROLE,SOIR,FOUR_C,50.245,124.569,7.997,314.085,1.276,21.432,32.7,0.932,4.369,66.095,454.93,76.437,14.674,243.85,17.062,44.86,0
AERO-000551,LOT-2505-0162,04-mai-2025 00:42:00,M04,INCONEL718,USINAGE,MATIN,FOUR_A,49.888,124.276,8.195,323.161,1.503,22.623,35.038,0.921,4.792,71.248,437.93,77.753,14.5179,266.589,19.159,44.13,0
AERO-000552,LOT-2501-0238,24-janv-2025 23:31:00,M06,AL7075,USINAGE,MATIN,FOUR_D,49.938,124.647,8.163,300.905,1.034,NaN,32.694,1.717,5.633,69.59,411.8,80.539,14.8482,199.682,17.807,50.97,0
AERO-000553,LOT-2505-0099,08-mai-2025 23:29:00,M05,TI6AL4V,CONTROLE,SOIR,FOUR_C,49.571,125.739,7.945,312.39,1.321,18.12,33.572,1.189,4.84,67.302,492.31,77.046,14.3083,232.56,21.571,36.47,0
AERO-000554,LOT-2601-0077,20-janv-2026 11:59:00,M02,AL7075,CONTROLE,NUIT,FOUR_C,50.075,124.902,8.046,299.922,1.201,21.659,29.868,1.669,5.549,69.028,453.64,84.809,14.3533,215.698,20.392,63.9,0
AERO-000555,LOT-2602-0054,11-févr-2026 20:21:00,M03,TI6AL4V,USINAGE,SOIR,FOUR_A,49.943,124.565,7.94,312.23,0.947,20.198,34.191,1.097,4.136,83.204,539.16,59.315,15.5232,235.226,NaN,48.07,1
AERO-001906,LOT-2505-0061,23-mai-2025 06:58:00,M06,INCONEL718,USINAGE,SOIR,FOUR_B,50.08,124.94,7.938,324.769,1.175,12.244,34.622,1.081,4.859,68.754,456.62,68.756,14.3569,262.103,18.468,43.77,0
AERO-000557,LOT-2503-0107,24-mars-2025 20:20:00,M06,AL7075,CONTROLE,MATIN,FOUR_A,50.131,124.532,7.94,306.24,0.912,9.194,34.516,1.861,5.227,65.492,365.26,80.901,14.0474,201.034,19.878,42.02,0
AERO-000558,LOT-2601-0078,18-janv-2026 04:19:00,M03,TI6AL4V,USINAGE,MATIN,FOUR_A,49.923,124.632,7.925,316.094,1.482,21.211,30.426,1.409,5.417,70.707,412.01,75.211,14.4695,225.554,20.24,44.16,0
AERO-000559,LOT-2508-0195,24-août-2025 07:46:00,M06,AL7075,CONTROLE,SOIR,FOUR_B,50.027,124.667,8.086,302.017,1.298,23.404,34.099,1.874,5.035,66.556,413.71,76.528,14.3606,207.512,19.041,58.95,0
AERO-000560,LOT-2505-0234,02-mai-2025 01:59:00,M04,AL7075,USINAGE,SOIR,FOUR_A,49.867,124.692,7.936,301.905,1.22,17.582,30.592,1.322,4.879,69.292,396.93,79.377,14.3534,205.125,17.876,47.86,0
AERO-000561,LOT-2507-0192,12-juil-2025 00:51:00,M06,TI6AL4V,USINAGE,NUIT,FOUR_B,49.888,125.24,7.996,311.886,1.278,19.397,36.558,1.802,6.022,69.762,428.44,79.735,14.5287,230.954,17.801,48.14,0
AERO-000562,LOT-2512-0069,11-déc-2025 23:34:00,M06,AL7075,USINAGE,MATIN,FOUR_A,50.246,125.266,8.028,297.302,0.966,26.564,34.052,NaN,5.876,70.517,463.85,75.896,14.6248,203.244,19.44,46.37,0
AERO-000563,LOT-2512-0100,24-déc-2025 02:23:00,M04,AL7075,USINAGE,NUIT,FOUR_B,49.659,125.255,7.9,308.062,0.847,12.551,29.051,1.048,4.223,68.712,394.7,82.113,14.4847,198.374,19.348,51.61,0
AERO-000564,LOT-2510-0194,12-oct-2025 12:15:00,M05,AL7075,USINAGE,SOIR,FOUR_C,50.145,125.292,7.996,305.361,0.862,17.171,36.324,1.487,5.442,65.614,402.31,81.695,14.449,197.665,19.909,65.15,0
AERO-000565,LOT-2602-0120,09-févr-2026 17:26:00,M01,INCONEL718,USINAGE,SOIR,FOUR_B,49.983,124.705,8.064,320.534,NaN,16.512,32.048,1.194,5.13,71.408,412,75.699,14.3841,257.471,19.215,46.35,0
AERO-000566,LOT-2510-0208,21-oct-2025 00:19:00,M03,TI6AL4V,CONTROLE,SOIR,FOUR_A,50.057,124.947,7.946,316.424,1.095,21.953,31.985,0.773,3.858,72.608,439.32,80.076,14.7824,236.895,20.205,43.28,0
AERO-000567,LOT-2511-0204,14-nov-2025 07:07:00,M05,TI6AL4V,CONTROLE,SOIR,FOUR_B,50.483,125.932,7.964,315.173,1.306,24.918,36.906,2.011,NaN,66.014,414.4,74.872,14.7894,228.787,18.395,32.31,1
AERO-000568,LOT-2602-0048,17-févr-2026 23:24:00,M01,INCONEL718,USINAGE,NUIT,FOUR_B,49.84,125.396,8.083,318.471,1.235,16.196,30.965,1.223,4.966,68.012,474.21,74.468,14.8291,252.397,18.087,47.95,0
AERO-000569,LOT-2505-0207,29-mai-2025 06:58:00,M06,AL7075,USINAGE,NUIT,FOUR_C,49.871,125.596,8.041,302.384,0.759,14.132,36.837,2.201,6.343,66.433,415.23,82.965,14.4037,210.914,16.946,43.86,0
AERO-000570,LOT-2512-0151,20-déc-2025 23:17:00,M04,TI6AL4V,CONTROLE,MATIN,FOUR_C,50.169,124.999,7.922,312.397,1.236,23.258,34.714,1.253,4.887,71.877,385.32,73.905,14.3296,237.645,20.389,43.97,0
AERO-000571,LOT-2509-0196,24-sept-2025 01:07:00,M01,AL7075,CONTROLE,NUIT,FOUR_A,49.872,124.814,7.945,300.369,1.289,20.045,35.17,1.618,5.2,67.92,438.24,76.409,14.5736,206.734,19.525,36.46,0
AERO-000572,LOT-2505-0120,02-mai-2025 21:56:00,M02,AL7075,USINAGE,NUIT,FOUR_C,49.998,NaN,7.941,299.667,1.569,21.965,33.988,-1.736,4.85,69.307,444.6,88.937,14.2553,204.426,17.639,57.21,0
AERO-000573,LOT-2512-0109,05-déc-2025 14:13:00,M04,TI6AL4V,USINAGE,NUIT,FOUR_A,50.131,125.097,8.042,314.745,0.954,16.645,32.043,0.804,3.552,68.055,422.69,76.893,14.3039,230.869,16.691,42.07,0
AERO-000574,LOT-2511-0050,29-nov-2025 18:55:00,M06,TI6AL4V,CONTROLE,MATIN,FOUR_D,50.122,125.295,8.09,315.999,1.013,19.765,37.29,1.725,5.192,70.919,363.45,75.936,14.3726,220.658,18.673,46.38,0
AERO-000575,LOT-2506-0134,09-juin-2025 14:42:00,M04,INCONEL718,TRAITEMENT,MATIN,FOUR_C,49.802,124.88,8.022,322.554,0.951,13.614,33.642,1.101,4.371,69.126,363.57,73.815,NaN,245.221,20.931,34.61,0
AERO-000576,LOT-2512-0159,14-déc-2025 09:17:00,M06,TI6AL4V,USINAGE,MATIN,FOUR_C,50.05,125.609,8.176,NaN,0.978,19.214,34.393,1.911,6.071,71.577,487.46,79.104,14.6212,243.301,16.511,56.59,0
AERO-000577,LOT-2510-0142,17-oct-2025 07:50:00,M03,TI6AL4V,TRAITEMENT,MATIN,FOUR_C,50.366,124.766,7.965,311.382,1.134,34.777,32.041,1.362,5.04,71.621,428.61,78.745,14.4625,232.385,17.979,29.45,1
AERO-000578,LOT-2510-0219,27-oct-2025 11:05:00,M03,TI6AL4V,USINAGE,SOIR,FOUR_D,50,124.259,8.053,308.788,1.182,31.954,30.904,1.569,5.576,69.635,375.58,77.661,14.3356,236.564,21.151,47.27,1
AERO-000579,LOT-2503-0067,27-mars-2025 09:01:00,M05,AL7075,TRAITEMENT,MATIN,FOUR_B,50.297,125.042,7.971,304.679,1.112,14.689,32.659,1.643,4.617,65.388,435.39,81.803,14.1804,208.838,19.311,38.11,0
AERO-000580,LOT-2508-0213,06-août-2025 06:58:00,M04,INCONEL718,CONTROLE,SOIR,FOUR_B,49.883,124.6,7.878,321.251,1.04,18.529,32.286,1.285,5.705,74.601,448.04,74.101,14.6076,271.379,19.461,41.4,0
AERO-000581,LOT-2507-0071,18-juil-2025 12:30:00,M06,TI6AL4V,CONTROLE,MATIN,FOUR_D,50.107,125.027,7.986,312.223,1.288,19.484,34.899,2.011,5.591,69.234,419.04,74.905,14.751,228.54,19.326,42.83,0
AERO-000582,LOT-2503-0171,23-mars-2025 20:23:00,M05,AL7075,TRAITEMENT,MATIN,FOUR_A,49.972,125.353,7.967,309.333,1.949,21.854,30.263,1.458,4.888,68.388,401.26,63.779,14.4504,171.724,18.382,41.52,1
AERO-000583,LOT-2503-0102,27-mars-2025 02:32:00,M02,TI6AL4V,USINAGE,MATIN,FOUR_C,49.973,124.956,8.059,311.72,2.542,19.843,36.086,1.812,5.683,66.252,372.1,80.58,14.2432,232.443,15.015,55.44,1
AERO-000584,LOT-2502-0124,09-févr-2025 21:18:00,M04,TI6AL4V,USINAGE,NUIT,FOUR_D,50.154,126.016,7.992,315.044,1.036,17.769,30.373,1.516,5.569,72.699,473.19,77.149,14.4259,224.75,17.303,59.34,0
AERO-000585,LOT-2502-0046,21-févr-2025 06:21:00,M06,AL7075,CONTROLE,MATIN,FOUR_C,49.928,124.966,8.075,304.22,1.323,16.728,35.525,1.694,5.421,69.496,438.64,78.596,14.641,201.251,18.48,36.5,0
AERO-000586,LOT-2502-0191,03-févr-2025 20:12:00,M05,AL7075,USINAGE,MATIN,FOUR_C,49.783,125.155,8.115,306.1,0.982,13.178,48.744,3.084,8.218,68.844,463,81.717,14.4537,197.575,20.163,49.24,1
AERO-000587,LOT-2510-0169,04-oct-2025 22:43:00,M03,TI6AL4V,CONTROLE,MATIN,FOUR_D,50.104,124.891,8.052,313.139,0.938,12.685,35.199,1.567,5.838,70.578,507.17,76.542,14.6258,224.85,16.993,43.15,0
AERO-000588,LOT-2505-0042,01-mai-2025 09:36:00,M04,TI6AL4V,CONTROLE,SOIR,FOUR_A,50.186,124.527,8.186,316.547,1.058,16.839,28.984,1.499,5.513,70.737,416.69,78.438,14.3914,238.352,18.906,29.53,0
AERO-000589,LOT-2511-0114,18-nov-2025 21:12:00,M02,TI6AL4V,USINAGE,MATIN,FOUR_C,49.941,124.956,7.9,315.476,1.165,19.829,35.019,1.451,5.544,68.762,439.49,76.559,14.8253,233.692,17.815,41.66,0
AERO-000590,LOT-2507-0147,06-juil-2025 16:44:00,M05,TI6AL4V,CONTROLE,SOIR,FOUR_C,49.937,124.775,7.956,317.594,0.826,16.264,31.744,1.369,5.06,68.369,466.61,76.256,14.1435,243.089,18.385,42.32,0
AERO-000591,LOT-2512-0147,12-déc-2025 16:54:00,M06,AL7075,USINAGE,NUIT,FOUR_C,50.103,125.635,8.084,298.394,0.983,18.131,35.775,2.097,6.013,69.498,405.82,82.28,14.4883,197.686,18.643,50.02,0
AERO-000592,LOT-2602-0151,06-févr-2026 08:53:00,M02,TI6AL4V,CONTROLE,SOIR,FOUR_B,50.032,125.355,8.047,315,1.13,16.187,32.774,1.684,5.037,70.513,461.81,80.452,14.5643,232.051,20.005,54.36,0
AERO-000593,LOT-2509-0080,11-sept-2025 10:41:00,M01,AL7075,USINAGE,NUIT,FOUR_C,49.899,125.278,8.044,303.01,0.997,13.439,32.197,1.186,5,70.011,413.52,81.396,14.1619,212.643,19.407,41.74,0
AERO-000594,LOT-2501-0175,24-janv-2025 06:09:00,M03,TI6AL4V,USINAGE,MATIN,FOUR_C,50.065,124.291,8.008,313.946,1.445,17.877,31.052,1.597,5.635,66.616,377.76,77.666,14.455,221.813,19.011,51.77,0
AERO-000595,LOT-2507-0063,15-juil-2025 06:19:00,M05,AL7075,USINAGE,SOIR,FOUR_A,50.188,124.495,8.121,306.019,1.264,20.026,34.135,1.63,5.093,69.667,414.13,81.973,14.5146,203.799,19.013,41.58,0
AERO-000596,LOT-2510-0045,30-oct-2025 15:13:00,M04,TI6AL4V,USINAGE,MATIN,FOUR_A,49.852,125.424,7.951,314.762,1.302,13.204,31.018,1.479,5.506,67.595,396.24,80.013,14.397,249.473,17.411,38.84,0
AERO-000597,LOT-2509-0225,21-sept-2025 17:30:00,M05,TI6AL4V,USINAGE,NUIT,FOUR_C,50.168,124.865,8.064,311.729,0.829,23.189,37.227,1.817,5.571,64.999,424.41,82.99,14.6458,239.336,20.777,43.09,0
AERO-000598,LOT-2509-0209,20-sept-2025 05:20:00,M04,TI6AL4V,USINAGE,NUIT,FOUR_C,49.829,124.565,7.994,319.506,0.938,25.935,32.091,1.368,4.5,72.743,425.94,77.661,14.498,223.285,18.706,39.2,0
AERO-000599,LOT-2504-0213,30-avr-2025 04:55:00,M06,INCONEL718,USINAGE,SOIR,FOUR_B,50.07,124.63,8.023,320.011,1.163,18.788,37.36,1.911,5.764,68.338,351.02,73.321,14.7183,230.902,18.555,41.35,0
AERO-000600,LOT-2507-0045,30-juil-2025 16:27:00,M01,TI6AL4V,USINAGE,MATIN,FOUR_B,49.67,123.872,7.819,313.213,1.469,21.363,32.657,1.603,5.358,60.513,395.72,75.824,14.8321,225.561,17.245,43.36,0
AERO-000601,LOT-2511-0061,25-nov-2025 18:29:00,M04,AL7075,CONTROLE,NUIT,FOUR_A,49.939,125.023,8.032,298.043,1.463,17.845,34.881,0.858,4.308,68.366,438.18,83.704,14.6113,208.275,20.269,40.39,0
AERO-000602,LOT-2505-0224,06-mai-2025 00:03:00,M01,TI6AL4V,USINAGE,SOIR,FOUR_C,49.927,124.849,8.033,319.008,NaN,25.822,30.295,1.183,4.953,77.442,214.32,59.076,14.815,243.673,21.345,52.49,1
AERO-000603,LOT-2506-0186,01-juin-2025 03:28:00,M06,AL7075,USINAGE,MATIN,FOUR_D,50.095,124.299,7.898,302.333,1.221,15.661,36.03,1.439,5.635,69.939,427.9,82.783,14.6029,197.885,19.027,52.53,0
AERO-000604,LOT-2601-0155,24-janv-2026 21:38:00,M06,AL7075,USINAGE,SOIR,FOUR_A,50.143,124.479,7.976,303.171,1.073,21.806,38.334,1.819,5.641,68.135,470.65,81.282,14.3241,199.183,18.07,38.53,0
AERO-000605,LOT-2502-0072,05-févr-2025 23:35:00,M05,AL7075,CONTROLE,MATIN,FOUR_B,50.013,125.079,7.916,302.765,1.104,19.893,36.617,1.966,5.838,67.117,406.89,83.708,14.4853,205.556,18.582,49.06,0
AERO-000606,LOT-2510-0019,13-oct-2025 16:57:00,M02,TI6AL4V,TRAITEMENT,MATIN,FOUR_D,50.189,125.274,8.138,319.293,1.289,14.025,36.201,NaN,6.42,70.007,364.93,71.607,14.6021,239.577,19.213,49.95,0
AERO-000607,LOT-2602-0108,25-févr-2026 07:20:00,M05,INCONEL718,USINAGE,MATIN,FOUR_B,49.953,124.926,8.112,320.015,1.019,16.737,39.488,2.163,6.803,69.054,421.94,76.265,14.5904,262.13,20.386,35.58,0
AERO-000608,LOT-2508-0177,21-août-2025 19:12:00,M02,INCONEL718,TRAITEMENT,MATIN,FOUR_C,50.006,124.889,7.924,322.574,0.979,21.93,29.913,1.039,4.106,67.096,392.12,75.129,14.663,248.496,18.802,53.63,0
AERO-000609,LOT-2504-0103,23-avr-2025 00:02:00,M03,INCONEL718,USINAGE,MATIN,FOUR_A,49.704,125.564,8.013,314.151,1.22,17.262,32.815,1.39,5.661,68.764,445.99,76.657,14.7217,269.962,20.286,45.66,0
AERO-000610,LOT-2601-0223,21-janv-2026 02:30:00,M04,INCONEL718,CONTROLE,NUIT,FOUR_D,49.787,124.873,8.024,320.344,1.033,15.364,33.584,1.972,6.223,72.124,373.18,75.981,14.701,266.181,19.264,37.57,0
AERO-000611,LOT-2511-0203,17-nov-2025 03:05:00,M06,AL7075,CONTROLE,MATIN,FOUR_A,50.164,125.045,8.024,303.395,1.244,29.169,38.537,2.279,5.714,85.95,549.16,57.376,15.438,206.374,21.029,60.61,1
AERO-000612,LOT-2504-0060,17-avr-2025 01:00:00,M02,AL7075,TRAITEMENT,NUIT,FOUR_D,49.928,NaN,7.987,305.471,1.075,17.034,33.703,1.671,5.934,69.809,474.15,76.3,14.4775,202.648,NaN,53.82,0
AERO-000613,LOT-2509-0186,22-sept-2025 18:39:00,M01,AL7075,CONTROLE,MATIN,FOUR_B,49.921,125.093,7.986,300.819,1.286,12.265,30.321,1.535,5.554,75.125,489.8,83.347,14.14,207.229,17.973,51.3,0
AERO-000614,LOT-2509-0011,14-sept-2025 08:15:00,M04,INCONEL718,CONTROLE,SOIR,FOUR_C,50.12,125.093,7.944,321.878,1.073,21.029,34.114,1.332,4.614,69.743,399.39,72.233,14.7199,260.096,16.373,42.45,0
AERO-000615,LOT-2512-0053,24-déc-2025 01:43:00,M01,AL7075,CONTROLE,MATIN,FOUR_B,50.574,125.445,7.903,300.175,1.079,33.168,34.755,0.784,4.365,68.086,410.86,79.916,14.2348,198.509,17.129,46.55,1
AERO-000616,LOT-2504-0108,09-avr-2025 13:11:00,M01,AL7075,USINAGE,SOIR,FOUR_A,50.199,125.01,7.954,302.78,1.222,18.098,29.148,NaN,4.414,62.629,414.12,80.114,14.0906,204.111,19.627,44.63,0
AERO-000617,LOT-2505-0026,25-mai-2025 16:03:00,M05,TI6AL4V,CONTROLE,MATIN,FOUR_A,50.026,124.926,7.941,311.499,1.099,17.063,35.753,1.7,5.532,70.264,413.63,75.935,14.8612,229.841,16.586,43.01,0
AERO-000618,LOT-2512-0199,04-déc-2025 23:25:00,M02,TI6AL4V,USINAGE,SOIR,FOUR_B,50.486,123.488,8.039,311.315,1.237,41.978,28.094,1.224,4.571,70.387,390.27,77.02,14.6065,230.472,16.652,58.23,1
AERO-000619,LOT-2505-0144,10-mai-2025 06:34:00,M04,AL7075,USINAGE,SOIR,FOUR_B,49.965,124.917,7.965,304.878,1.049,19.336,34.665,1.225,3.738,70.529,443.46,83.301,14.4686,212.471,18.509,41.33,0
AERO-000620,LOT-2509-0138,21-sept-2025 08:52:00,M06,TI6AL4V,CONTROLE,MATIN,FOUR_B,50.106,125.076,8.065,314.481,1.031,22.523,34.814,1.413,4.788,71.382,450.63,74.812,14.3961,237.714,18.157,49.9,0
AERO-000621,LOT-2509-0034,28-sept-2025 11:22:00,M06,TI6AL4V,CONTROLE,SOIR,FOUR_B,49.677,124.874,7.903,316.209,1.678,13.682,32.42,2.121,5.597,64.994,427.88,70.531,14.4033,216.634,16.586,50.39,1
AERO-000622,LOT-2503-0127,09-mars-2025 02:01:00,M05,TI6AL4V,CONTROLE,MATIN,FOUR_D,50.058,125.128,8.003,314.792,1.14,19.677,35.245,1.597,5.329,72.039,459.83,77.408,14.5245,231.458,16.606,50.07,0
AERO-000623,LOT-2503-0117,09-mars-2025 16:36:00,M05,TI6AL4V,USINAGE,SOIR,FOUR_A,50.28,124.182,7.893,310.894,1.16,17.403,34.452,1.426,4.726,70.24,408.44,81.076,14.5714,246.417,19.873,46.64,0
AERO-000624,LOT-2501-0139,28-janv-2025 16:08:00,M03,AL7075,TRAITEMENT,NUIT,FOUR_A,49.933,124.259,8.077,301.732,1.12,15.877,32.891,1.787,5.621,62.348,439.29,84.501,14.5357,198.424,19.454,28.79,0
AERO-000625,LOT-2512-0236,20-déc-2025 15:58:00,M01,AL7075,USINAGE,SOIR,FOUR_B,49.688,125.497,8.05,301.992,0.921,10.189,32.756,1.441,6.221,67.419,442.05,78.896,14.3352,201.928,20.064,58.66,0
AERO-000626,LOT-2508-0131,17-août-2025 04:01:00,M01,TI6AL4V,USINAGE,MATIN,FOUR_A,50.074,125.247,7.869,319.372,1.072,15.974,32.648,1.344,4.599,68.557,414.64,76.04,14.4775,225.831,18.478,NaN,0
AERO-000627,LOT-2507-0039,30-juil-2025 16:26:00,M02,TI6AL4V,USINAGE,NUIT,FOUR_C,49.866,125.561,8.038,316.35,2.666,12.102,37.853,1.256,5.066,69.372,433.07,82.415,14.6502,237.22,16.265,23.87,1
AERO-000628,LOT-2510-0197,02-oct-2025 17:09:00,M02,AL7075,USINAGE,SOIR,FOUR_A,49.844,125.043,7.894,304.456,1.217,8.858,34.445,1.576,6.159,68.204,402.62,81.75,14.1257,190.817,19.07,50.52,0
AERO-000629,LOT-2507-0017,14-juil-2025 13:19:00,M03,AL7075,USINAGE,NUIT,FOUR_A,49.919,125.002,8.033,301.012,0.96,14.399,32.687,1.798,5.56,71.282,395.57,80.253,14.1737,201.846,15.744,47.06,0
AERO-000630,LOT-2511-0223,24-nov-2025 06:12:00,M06,AL7075,USINAGE,SOIR,FOUR_B,50.02,125.168,7.902,300.493,0.841,19.668,38.484,2.072,5.514,68.148,487.47,86.83,14.1319,209.46,21.232,45.34,0
AERO-000631,LOT-2509-0176,15-sept-2025 18:12:00,M05,TI6AL4V,TRAITEMENT,NUIT,FOUR_D,50.198,125.552,7.975,310.446,1.124,21.765,30.239,1.664,4.37,65.539,426.9,76.355,14.6702,241.472,18.854,51.65,0
AERO-000632,LOT-2602-0194,27-févr-2026 15:57:00,M03,TI6AL4V,USINAGE,SOIR,FOUR_B,49.996,125.155,8.041,312.484,1.326,22.86,34.575,1.575,5.2,70.659,417.08,72.302,14.3397,230.097,19.419,35.7,0
AERO-000633,LOT-2508-0056,27-août-2025 20:36:00,M06,TI6AL4V,CONTROLE,SOIR,FOUR_C,49.987,124.604,8.086,311.117,1.338,21.922,34.362,1.888,5.391,69.92,427.16,81.279,14.1833,249.884,20.828,39.22,0
AERO-000634,LOT-2512-0234,20-déc-2025 18:11:00,M02,AL7075,USINAGE,NUIT,FOUR_C,49.941,124.358,7.89,300.654,1.178,19.51,33.244,1.533,4.599,70.877,381.4,79.184,14.3882,213.36,15.881,48.43,0
AERO-000635,LOT-2507-0101,18-juil-2025 03:45:00,M04,TI6AL4V,TRAITEMENT,MATIN,FOUR_C,50.024,124.708,8.037,312.786,1.265,17.955,33.413,1.131,5.329,66.45,408.31,75.792,14.3978,251.284,22.153,30.48,0
AERO-000636,LOT-2508-0018,31-août-2025 13:53:00,M02,AL7075,USINAGE,MATIN,FOUR_B,50.211,124.974,7.922,297.451,0.97,17.671,34.89,1.531,5.876,70.822,463.05,82.216,14.4696,198.803,19.487,42.28,0
AERO-000637,LOT-2507-0193,02-juil-2025 08:33:00,M02,AL7075,USINAGE,NUIT,FOUR_D,50.011,125.017,7.95,307.783,2.517,21.836,31.603,1.538,5.159,69.364,448.25,79.753,14.5436,201.299,22.023,41.76,1
AERO-000638,LOT-2602-0176,15-févr-2026 01:01:00,M02,INCONEL718,USINAGE,NUIT,FOUR_B,49.866,125.378,8.07,319.568,1.041,12.219,32.567,1.473,5.099,66.633,406.82,74.005,14.6087,268.658,15.263,41.67,0
AERO-000639,LOT-2505-0016,07-mai-2025 11:32:00,M03,INCONEL718,USINAGE,NUIT,FOUR_D,50.252,125.604,7.994,323.245,0.976,17.508,34.437,0.827,3.816,62.813,324.88,76.94,14.5927,258.011,17.378,39.57,0
AERO-000640,LOT-2601-0076,19-janv-2026 04:13:00,M05,AL7075,CONTROLE,MATIN,FOUR_A,50.012,124.777,7.84,297.528,1.332,13.99,37.745,2.171,5.229,70.19,356.87,79.485,14.2314,195.951,16.913,43.77,0
AERO-000641,LOT-2511-0197,09-nov-2025 05:34:00,M03,INCONEL718,USINAGE,MATIN,FOUR_B,50.045,125.212,7.934,323.986,1.234,15.046,32.245,1.392,5.736,65.733,390.26,76.801,14.5957,258.975,18.639,53.98,0
AERO-000642,LOT-2501-0192,28-janv-2025 01:14:00,M06,AL7075,USINAGE,SOIR,FOUR_D,49.968,125.123,8.021,301.598,1.546,17.452,38.291,1.836,5.959,67.432,388.6,85.229,NaN,193.167,19.273,35.96,0
AERO-000643,LOT-2508-0106,19-août-2025 05:16:00,M03,AL7075,USINAGE,MATIN,FOUR_B,50.117,125.135,7.996,302.958,0.768,15.205,29.869,1.445,5.17,65.934,487.28,82.614,14.2834,205.873,19.477,47.91,0
AERO-000644,LOT-2502-0096,12-févr-2025 23:40:00,M02,TI6AL4V,CONTROLE,MATIN,FOUR_B,49.993,124.911,7.907,312.318,0.743,10.83,28.969,0.722,3.559,67.733,381.98,77.015,14.4368,225.663,16.861,42.28,0
AERO-000645,LOT-2603-0134,02-mars-2026 02:48:00,M03,TI6AL4V,USINAGE,NUIT,FOUR_B,50.09,124.637,8.041,314.817,1.566,33.415,33.161,1.834,5.195,63.587,462.55,76.646,14.7764,230.851,20.193,43.09,1
AERO-000646,LOT-2501-0216,25-janv-2025 10:14:00,M04,TI6AL4V,USINAGE,NUIT,FOUR_B,50.043,124.731,8.079,309.543,0.892,12.776,31.461,0.899,4.657,68.54,457.76,74.556,14.4647,233.974,19.029,39,0
AERO-000647,LOT-2502-0054,08-févr-2025 23:17:00,M05,INCONEL718,USINAGE,MATIN,FOUR_C,49.989,125.546,7.999,322.594,1.114,19.972,34.444,1.501,5.351,72.209,420.05,75.701,NaN,267.059,20.636,36.54,0
AERO-000648,LOT-2508-0135,29-août-2025 00:36:00,M06,TI6AL4V,CONTROLE,SOIR,FOUR_C,49.891,124.703,7.949,315.84,2.158,21.827,34.711,2.023,5.431,NaN,415.1,77.06,14.3016,235.133,19.366,31.03,1
AERO-000649,LOT-2601-0108,24-janv-2026 23:01:00,M01,INCONEL718,CONTROLE,SOIR,FOUR_D,49.977,125.289,7.948,322.35,1.028,21.648,34.362,NaN,5.664,66.611,444.5,75.343,14.4875,260.127,17.61,55.87,0
AERO-000650,LOT-2601-0130,07-janv-2026 21:47:00,M03,INCONEL718,USINAGE,MATIN,FOUR_B,50.138,125.169,8.021,313.67,1.038,25.126,34.873,1.477,5.742,70.664,398.79,72.838,14.5391,245.381,17.961,39.37,0
AERO-000651,LOT-2512-0006,03-déc-2025 07:20:00,M01,TI6AL4V,CONTROLE,SOIR,FOUR_A,50.066,124.848,7.973,313.99,0.972,16.891,31.295,1.182,4.676,66.259,472.51,78.226,14.373,231.352,16.96,49.99,0
AERO-000652,LOT-2602-0233,06-févr-2026 01:01:00,M03,AL7075,CONTROLE,MATIN,FOUR_D,50.123,125.099,7.923,305.835,0.883,25.391,35.229,1.309,5.142,65.349,464.2,88.22,14.4556,194.972,18.786,49.26,0
AERO-000653,LOT-2503-0215,13-mars-2025 05:38:00,M02,TI6AL4V,USINAGE,SOIR,FOUR_C,49.981,124.556,7.895,320.043,0.837,20.413,30.435,1.077,4.096,68.365,483.91,72.31,14.4607,226.647,17.596,53.3,0
AERO-000654,LOT-2507-0225,22-juil-2025 21:26:00,M01,AL7075,CONTROLE,MATIN,FOUR_B,50.254,124.74,7.95,305.848,0.982,16.279,35.404,1.498,5.208,67.219,468.13,81.917,14.4165,198.309,17.728,53.21,0
AERO-000655,LOT-2504-0125,06-avr-2025 18:40:00,M04,AL7075,CONTROLE,SOIR,FOUR_B,49.887,125.355,7.995,302.346,1.29,15.482,36.656,1.465,4.701,69.701,387.89,75.758,14.6266,206.657,19.23,49.43,0
AERO-000656,LOT-2508-0074,21-août-2025 08:48:00,M06,AL7075,CONTROLE,MATIN,FOUR_B,50.455,124.885,8.076,300.214,1.066,16.448,32.973,1.707,6.181,72.947,422.27,88.515,14.6826,193.723,19.658,33.31,0
AERO-000657,LOT-2502-0049,27-févr-2025 07:47:00,M06,TI6AL4V,CONTROLE,MATIN,FOUR_B,50.139,125.204,8.298,312.524,0.892,18.466,33.992,1.955,5.004,70.635,360.83,78.758,14.5506,238.811,19.819,48.33,0
AERO-000658,LOT-2509-0239,11-sept-2025 18:52:00,M04,AL7075,CONTROLE,SOIR,FOUR_B,50.16,125.109,7.989,302.243,2.521,14.24,34.298,1.257,5.354,71.08,451.69,85.667,14.4063,196.425,16.728,42.97,1
AERO-000659,LOT-2504-0220,03-avr-2025 18:56:00,M01,INCONEL718,TRAITEMENT,SOIR,FOUR_A,50.08,124.919,7.915,321.968,1.104,18.2,34.542,1.687,5.887,68.673,344.16,78.242,14.7679,243.784,21.045,40,0
AERO-000660,LOT-2503-0145,28-mars-2025 20:49:00,M02,INCONEL718,USINAGE,SOIR,FOUR_A,49.947,124.99,8.01,NaN,1.073,16.384,32.329,1.159,5.025,66.709,411.25,80.14,14.2951,242.094,19.733,43.22,0
AERO-000661,LOT-2506-0119,13-juin-2025 13:30:00,M04,AL7075,CONTROLE,NUIT,FOUR_C,49.758,125.142,8.018,305.446,0.902,19.622,43.835,2.422,7.36,64.917,437.7,80.579,14.1929,199.743,18.804,52.39,1
AERO-000662,LOT-2512-0073,30-déc-2025 05:16:00,M04,INCONEL718,USINAGE,NUIT,FOUR_A,49.97,125.08,8.014,327.384,1.026,15.296,33.845,1.249,4.913,64.495,404.13,74.535,14.8262,256.713,17.942,46.75,0
AERO-000663,LOT-2506-0090,26-juin-2025 20:32:00,M02,AL7075,USINAGE,MATIN,FOUR_A,49.872,124.798,8.097,301.368,1.056,20.885,35.005,1.441,4.735,67.413,407.51,81.852,14.9135,194.213,17.746,53.31,0
AERO-000664,LOT-2503-0211,19-mars-2025 11:20:00,M04,TI6AL4V,USINAGE,MATIN,FOUR_A,49.794,125.171,8.052,316.219,1.192,17.302,33.429,0.743,4.834,69.996,446.01,81.017,14.7611,244.558,18.445,52,0
AERO-000665,LOT-2507-0181,08-juil-2025 07:01:00,M06,AL7075,CONTROLE,MATIN,FOUR_A,49.847,125.011,7.978,300.676,1.122,21.814,34.648,1.717,4.481,68.363,407.52,82.969,14.3813,196.92,18.834,50.76,0
AERO-000666,LOT-2601-0030,03-janv-2026 17:37:00,M05,AL7075,USINAGE,MATIN,FOUR_A,50.253,125.062,8.034,301.708,0.984,15.74,34.542,1.4,4.513,73.425,423.57,88.759,14.4717,206.233,17.289,41.76,0
AERO-000667,LOT-2503-0171,21-mars-2025 09:01:00,M02,AL7075,USINAGE,MATIN,FOUR_D,50.165,124.99,7.957,303.478,1.283,21.696,29.052,1.622,5.138,69.62,409.91,84.655,14.7896,198.215,17.776,29.42,0
AERO-000668,LOT-2511-0027,02-nov-2025 14:06:00,M03,INCONEL718,CONTROLE,MATIN,FOUR_A,50.42,125.057,8.01,319.369,1.563,18.061,33.97,1.397,5.467,65.033,402.26,70.755,14.4031,265.039,19.565,41.29,0
AERO-000669,LOT-2502-0153,15-févr-2025 05:54:00,M01,AL7075,CONTROLE,MATIN,FOUR_B,49.922,125.344,7.871,304.629,1.273,22.544,32.214,1.35,5.021,79.563,221.13,59.801,15.3001,203.323,21.171,46.12,1
AERO-000670,LOT-2502-0201,16-févr-2025 02:25:00,M03,INCONEL718,TRAITEMENT,SOIR,FOUR_C,50.053,125.062,8.003,319.454,1.183,14.879,34.647,1.085,5.118,70.85,415.07,71.415,14.5865,264.079,19.871,40.87,0
AERO-000671,LOT-2507-0220,20-juil-2025 22:55:00,M03,AL7075,TRAITEMENT,SOIR,FOUR_B,49.848,125.597,8.09,297.947,1.032,10.71,34.804,1.026,4.75,68.78,388.63,82.22,14.6044,202.392,18.358,54.99,0
AERO-000672,LOT-2508-0163,31-août-2025 18:12:00,M01,INCONEL718,USINAGE,SOIR,FOUR_A,50.018,125.512,7.992,323.904,1.234,13.108,34.832,NaN,5.233,65.178,420.61,71.935,14.7523,271.18,18.718,37.85,0
AERO-000673,LOT-2601-0163,03-janv-2026 06:07:00,M02,AL7075,USINAGE,SOIR,FOUR_C,49.54,124.679,8.072,303.398,1.536,14.621,30.058,1.587,5.193,68.81,454.47,72.661,14.926,182.673,18.762,37.87,1
AERO-000674,LOT-2505-0100,15-mai-2025 08:55:00,M05,AL7075,CONTROLE,MATIN,FOUR_A,49.983,124.806,7.975,306.618,1.308,17.307,34.24,NaN,5.905,71.987,406.91,75.723,14.3136,204.382,19.13,41.36,0
AERO-000675,LOT-2512-0009,16-déc-2025 06:27:00,M04,AL7075,CONTROLE,SOIR,FOUR_B,50.117,125.384,8.033,304.738,1.156,7.79,34.935,1.401,4.859,65.765,431.72,80.412,14.697,194.974,19.074,36.84,0
AERO-000676,LOT-2512-0017,09-déc-2025 14:12:00,M03,AL7075,CONTROLE,MATIN,FOUR_B,49.863,125.068,7.957,302.293,0.918,19.74,35.227,1.252,NaN,68.409,420.99,88.95,14.1485,203.801,19.251,25.81,0
AERO-000677,LOT-2511-0180,08-nov-2025 22:28:00,M03,TI6AL4V,USINAGE,SOIR,FOUR_A,49.817,124.851,7.983,313.406,1.229,14.635,32.256,1.989,6.853,67.347,479.76,80.005,14.3428,234.011,18.791,27.43,0
AERO-000678,LOT-2501-0083,28-janv-2025 15:09:00,M05,TI6AL4V,USINAGE,MATIN,FOUR_A,50.022,124.864,7.991,313.375,1.095,17.642,31.438,1.745,4.714,69.47,399.79,82.321,14.7095,227.295,19.624,40.83,0
AERO-000679,LOT-2512-0130,16-déc-2025 23:21:00,M04,INCONEL718,USINAGE,MATIN,FOUR_B,49.979,124.879,7.992,318.144,0.947,22.664,42.492,2.665,6.163,68.844,440.74,75.386,14.6312,253.779,18.142,51.81,1
AERO-000680,LOT-2505-0046,22-mai-2025 21:22:00,M05,AL7075,CONTROLE,NUIT,FOUR_A,50.269,125.25,7.914,295.514,1.698,21.668,35.507,0.893,3.648,66.005,414.46,64.481,14.4339,165.867,19.529,38.71,1
AERO-000681,LOT-2601-0003,22-janv-2026 07:55:00,M05,AL7075,USINAGE,SOIR,FOUR_D,49.933,124.883,8.033,303.481,1.135,14.448,38.979,1.764,5.547,68.783,446.9,78.277,14.4502,195.805,20.009,50.21,0
AERO-000682,LOT-2508-0145,20-août-2025 04:09:00,M01,AL7075,CONTROLE,NUIT,FOUR_A,49.85,124.931,7.971,300.885,1.048,14.255,34.308,1.089,4.24,65.248,417.92,89.072,14.472,196.258,18.001,46.83,0
AERO-000683,LOT-2601-0061,21-janv-2026 08:52:00,M02,AL7075,USINAGE,MATIN,FOUR_A,50.13,124.929,7.934,302.868,0.898,19.35,43.965,3.562,8.628,67.119,390.36,80.986,14.3759,201.491,16.881,36.37,1
AERO-000684,LOT-2501-0056,01-janv-2025 07:16:00,M02,INCONEL718,TRAITEMENT,NUIT,FOUR_D,49.794,125.338,7.915,318.772,0.937,20.146,33.349,1.682,5.912,NaN,373.38,80.738,14.6465,259.373,16.465,37.61,0
AERO-000685,LOT-2512-0222,20-déc-2025 18:50:00,M06,AL7075,USINAGE,MATIN,FOUR_B,49.838,124.997,7.932,303.059,1.08,19.857,32.091,2.151,6.344,72.717,373.86,82.219,14.282,210.428,19.947,59.94,0
AERO-000686,LOT-2511-0041,07-nov-2025 18:40:00,M04,TI6AL4V,USINAGE,SOIR,FOUR_A,50.098,125.15,8.105,309.023,1.282,15.972,29.513,1.277,5.177,71.027,449.42,76.645,14.2525,228.6,18.85,36.68,0
AERO-000687,LOT-2507-0008,23-juil-2025 01:03:00,M06,TI6AL4V,USINAGE,MATIN,FOUR_B,50.002,125.277,7.951,316.498,1.699,16.427,34.396,1.814,4.668,76.761,257.12,62.415,15.3848,233.866,17.763,39.96,1
AERO-000688,LOT-2503-0011,22-mars-2025 23:40:00,M01,INCONEL718,CONTROLE,NUIT,FOUR_A,50.13,124.486,8.157,321.799,1.441,24.495,31.015,0.831,4.617,66.816,436.71,66.677,14.5669,250.718,17.58,35.04,0
AERO-000689,LOT-2509-0001,28-sept-2025 02:52:00,M06,TI6AL4V,TRAITEMENT,MATIN,FOUR_A,49.846,124.842,8.018,313.204,1.138,21.989,33.276,1.651,5.919,72.067,454.62,73.604,14.2991,237.843,19.685,38.47,0
AERO-000690,LOT-2512-0153,03-déc-2025 01:40:00,M04,INCONEL718,USINAGE,NUIT,FOUR_D,50.169,125.166,7.941,323.829,0.857,17.545,30.637,1.428,4.347,63.659,365.76,68.136,14.8621,262.567,16.992,36.96,0
AERO-000691,LOT-2503-0074,13-mars-2025 20:50:00,M06,TI6AL4V,CONTROLE,SOIR,FOUR_B,49.946,125.373,8.08,312.955,1.276,20.384,41.509,1.538,5.659,69.342,470.29,77.479,14.5868,230.187,19.841,50.03,0
AERO-000692,LOT-2501-0225,30-janv-2025 07:49:00,M03,AL7075,USINAGE,MATIN,FOUR_D,50.143,125.102,8.005,305.693,1.021,23.597,27.877,1.203,5.532,67.357,389.8,82.647,14.5336,189.938,19.708,42.35,0
AERO-000693,LOT-2502-0038,10-févr-2025 22:14:00,M03,TI6AL4V,USINAGE,NUIT,FOUR_A,49.875,124.575,8.05,311.77,1.106,15.827,34.413,1.094,4.156,65.983,426.77,77.914,14.1313,245.592,NaN,32.73,0
AERO-000694,LOT-2512-0004,03-déc-2025 21:12:00,M03,AL7075,USINAGE,MATIN,FOUR_C,49.952,124.452,7.977,301.739,0.892,18.512,NaN,1.426,4.574,64.93,479.64,81.908,14.2328,196.304,21.067,43.55,0
AERO-000695,LOT-2507-0086,17-juil-2025 12:04:00,M02,AL7075,USINAGE,NUIT,FOUR_C,50.018,124.607,8.034,302.211,1.407,17.235,33.348,1.709,5.355,66.863,405.53,78.943,14.3819,213.87,18.974,44.8,0
AERO-000696,LOT-2501-0021,08-janv-2025 05:20:00,M03,AL7075,CONTROLE,MATIN,FOUR_A,49.934,124.662,8.022,304.764,1.288,17.28,42.25,2.744,6.482,70.973,354.35,83.07,14.5428,200.02,21.135,54.09,1
AERO-000697,LOT-2512-0223,10-déc-2025 07:29:00,M06,INCONEL718,USINAGE,MATIN,FOUR_B,50.015,124.845,7.928,317.702,1.304,20.197,38.481,2.13,6.546,71.246,381.74,77.47,14.4854,245.615,19.786,44.92,0
AERO-000698,LOT-2602-0159,22-févr-2026 20:09:00,M05,INCONEL718,TRAITEMENT,SOIR,FOUR_A,50.216,124.62,7.98,324.471,0.885,16.543,35.301,1.642,4.596,70.722,444.5,74.075,14.3984,252.139,19.799,34.91,0
AERO-000699,LOT-2506-0004,01-juin-2025 18:08:00,M05,AL7075,USINAGE,SOIR,FOUR_C,49.985,125.166,NaN,304.53,1.153,21.718,33.157,1.7,5.669,71.435,387.35,75.94,14.4661,203.077,18.431,49.82,0
AERO-000700,LOT-2504-0005,10-avr-2025 14:32:00,M01,INCONEL718,CONTROLE,SOIR,FOUR_B,49.922,125.8,7.996,326.296,1.163,21.475,NaN,1.42,4.511,79.204,285.79,72.849,15.5452,250.711,20.692,35.58,1
AERO-000701,LOT-2601-0154,12-janv-2026 10:12:00,M04,AL7075,USINAGE,SOIR,FOUR_A,50.115,124.984,7.939,298.391,1.324,10.48,32.738,1.157,5.086,64.952,357.93,85.704,14.3938,203.58,21.18,47.62,0
AERO-000702,LOT-2508-0148,16-août-2025 01:34:00,M03,TI6AL4V,TRAITEMENT,MATIN,FOUR_A,50.077,125.118,7.787,319.98,1.06,25.529,30.306,0.942,4.501,64.235,496.47,71.604,14.7261,240.416,20.206,47.85,0
AERO-000703,LOT-2509-0032,29-sept-2025 02:21:00,M06,TI6AL4V,TRAITEMENT,SOIR,FOUR_D,49.768,124.715,8,314.003,1.039,18.875,32.812,2.004,6.671,72.319,430.18,71.096,14.7756,229.626,19.663,42.49,0
AERO-000704,LOT-2509-0114,11-sept-2025 07:57:00,M06,AL7075,USINAGE,MATIN,FOUR_A,50.125,124.696,8.115,303.415,1.159,10.162,37.287,1.374,5.686,73.102,413.34,79.648,14.7161,185.185,18.789,47.57,0
AERO-000705,LOT-2601-0189,23-janv-2026 05:20:00,M04,TI6AL4V,CONTROLE,MATIN,FOUR_B,50.156,124.644,8.095,311.778,0.935,17.679,34.257,1.53,5.632,68.829,465.98,76.517,14.9392,227.98,20.097,40.65,0
AERO-000706,LOT-2501-0239,22-janv-2025 11:51:00,M01,INCONEL718,USINAGE,MATIN,FOUR_C,49.687,124.745,8.03,322.466,0.981,18.298,31.258,1.354,5.357,64.862,424.55,69.802,14.6044,264.36,19.043,60.64,0
AERO-000707,LOT-2501-0080,08-janv-2025 00:53:00,M06,AL7075,USINAGE,SOIR,FOUR_B,50.346,123.78,7.948,295.699,1.469,10.13,38.944,1.89,6.068,68.426,465.24,82.057,14.4219,198.616,18.825,38.5,0
AERO-000708,LOT-2502-0100,24-févr-2025 10:10:00,M04,AL7075,TRAITEMENT,SOIR,FOUR_B,49.969,124.24,8.068,301.939,0.882,20.613,33.116,1.422,5.035,67.053,485.42,76.797,14.4095,206.161,21.348,28.01,0
AERO-000709,LOT-2508-0198,18-août-2025 10:12:00,M03,AL7075,CONTROLE,MATIN,FOUR_B,50.231,125.203,7.986,301.257,1.304,17.242,36.904,1.372,4.307,66.985,439.53,81.187,14.5312,195.85,23.16,30.42,0
AERO-000710,LOT-2505-0233,03-mai-2025 15:37:00,M02,AL7075,USINAGE,MATIN,FOUR_C,50.11,125.253,8.024,298.729,1.118,18.452,30.553,1.442,5.315,68.23,402.52,84.511,14.4568,198.93,19.588,44.11,0
AERO-000711,LOT-2602-0238,11-févr-2026 01:50:00,M04,INCONEL718,USINAGE,MATIN,FOUR_C,49.994,125.146,8.056,321.392,1.352,15.653,35.424,1.402,5.904,73.633,378.28,72.377,14.5353,254.885,18.364,34.38,0
AERO-000712,LOT-2510-0107,11-oct-2025 22:42:00,M04,TI6AL4V,CONTROLE,MATIN,FOUR_A,50.099,124.741,8.047,313.499,1.375,18.112,31.184,1.352,5.327,71.103,430.26,75.157,14.4401,239.417,17.417,54.87,0
AERO-000713,LOT-2510-0050,12-oct-2025 12:31:00,M02,AL7075,TRAITEMENT,NUIT,FOUR_C,49.878,124.964,8.017,302.827,2.111,23.961,38.97,0.749,4.422,71.441,450.37,82.593,14.4084,190.956,15.93,26.8,1
AERO-000714,LOT-2602-0078,26-févr-2026 07:59:00,M02,TI6AL4V,TRAITEMENT,SOIR,FOUR_C,49.742,124.872,7.897,314.39,1.056,17.242,34.304,1.37,4.743,67.615,429.78,77.134,14.4162,244.134,20.291,44.87,0
AERO-000715,LOT-2505-0004,05-mai-2025 02:36:00,M06,AL7075,TRAITEMENT,MATIN,FOUR_A,50.13,125.401,7.899,306.448,0.933,19.869,31.527,1.292,5.731,72.859,415.91,83.631,14.7011,213.199,18.412,50.53,0
AERO-000716,LOT-2511-0217,03-nov-2025 05:13:00,M02,TI6AL4V,USINAGE,NUIT,FOUR_D,50.162,125.792,7.95,316.698,0.737,17.272,40.405,0.731,4.407,71.576,382.02,75.727,14.6711,233.423,17.255,47.9,0
AERO-000717,LOT-2505-0043,14-mai-2025 14:13:00,M01,AL7075,CONTROLE,NUIT,FOUR_A,50.006,124.893,8.136,305.597,1.249,14.495,33.605,1.333,5.926,68.522,440.35,81.906,14.5454,207.702,22.977,49.53,0
AERO-000718,LOT-2512-0235,18-déc-2025 06:01:00,M01,TI6AL4V,CONTROLE,MATIN,FOUR_D,50.047,124.907,7.861,313.925,1.303,18.511,32.885,1.071,4.682,70.83,420.77,82.105,14.8412,240.443,16.934,41.79,0
AERO-000719,LOT-2507-0191,28-juil-2025 13:10:00,M01,TI6AL4V,TRAITEMENT,SOIR,FOUR_A,49.727,124.994,8.032,314.522,1.025,20.984,33.548,1.004,5.195,68.048,475.9,77.741,14.337,227.993,20.218,39.86,0
AERO-000720,LOT-2504-0129,08-avr-2025 17:57:00,M03,AL7075,CONTROLE,SOIR,FOUR_B,49.899,125.013,7.977,296.994,1.408,23.066,34.863,1.306,5.028,69.244,392.32,81.664,14.2231,194.45,18.27,37.75,0
AERO-000721,LOT-2512-0198,29-déc-2025 04:05:00,M06,AL7075,TRAITEMENT,SOIR,FOUR_B,49.945,124.784,8.105,303.406,1.411,21.899,37.783,2.231,NaN,67.372,425.97,78.39,14.5223,212.061,20.498,46.33,0
AERO-000722,LOT-2503-0229,01-mars-2025 05:29:00,M02,TI6AL4V,USINAGE,SOIR,FOUR_B,49.973,125.345,8.042,310.367,2.783,16.882,31.513,1.131,4.741,67.104,406.05,77.603,14.5133,207.036,14.443,46.04,1
AERO-000723,LOT-2510-0026,19-oct-2025 06:25:00,M03,TI6AL4V,TRAITEMENT,SOIR,FOUR_A,49.744,125.242,7.825,NaN,1.31,8.717,33.123,1.577,5.198,63.682,372.5,82.092,14.4913,224.544,19.016,43.95,0
AERO-000724,LOT-2601-0238,28-janv-2026 03:35:00,M01,INCONEL718,CONTROLE,MATIN,FOUR_B,50.168,125.325,7.938,322.981,1.04,16.687,34.006,1.553,5.204,73.482,505.26,66.792,14.2668,269.789,21.598,40.2,0
AERO-000725,LOT-2506-0213,19-juin-2025 17:53:00,M06,AL7075,CONTROLE,MATIN,FOUR_D,50.098,124.399,8.091,306.94,0.678,19.724,43.584,2.662,6.444,72.556,464.9,81.726,14.671,208.201,18.586,44.68,1
AERO-000726,LOT-2512-0139,07-déc-2025 06:45:00,M03,TI6AL4V,USINAGE,NUIT,FOUR_C,49.698,124.762,8.026,317.982,1.204,24.252,32.84,1.801,5.002,66.012,450.23,78.4,14.7362,240.402,17.056,49.9,0
AERO-000727,LOT-2508-0077,11-août-2025 09:13:00,M04,AL7075,USINAGE,MATIN,FOUR_A,50.097,125.304,8.091,299.2,2.306,16.369,31.882,1.196,5.451,66.005,470.54,75.67,14.1776,204.794,20.638,36.4,1
AERO-000728,LOT-2503-0186,07-mars-2025 21:03:00,M03,TI6AL4V,CONTROLE,NUIT,FOUR_C,50.219,125.088,8.024,312.295,1.258,7.898,36.301,1.654,5.417,NaN,438.69,80.056,14.4876,232.468,17.333,62.67,0
AERO-000729,LOT-2509-0136,26-sept-2025 20:03:00,M05,INCONEL718,USINAGE,SOIR,FOUR_A,49.957,124.547,7.905,328.278,1.214,18.912,32.056,1.588,6.108,66.393,435.14,69.313,14.7167,261.628,20.754,38.74,0
AERO-000730,LOT-2510-0074,12-oct-2025 05:29:00,M06,AL7075,USINAGE,MATIN,FOUR_A,49.754,125.119,7.966,301.971,1.291,15.773,34.337,2.191,6.302,66.479,476.85,78.514,14.1652,201.051,19.411,32.54,0
AERO-000731,LOT-2506-0080,18-juin-2025 01:58:00,M05,TI6AL4V,USINAGE,NUIT,FOUR_A,50.11,125.217,7.979,319.22,1.18,16.41,33.708,1.369,5.473,75.797,275.08,56.198,15.1956,229.859,17.913,38.13,1
AERO-000732,LOT-2503-0015,07-mars-2025 20:33:00,M04,TI6AL4V,USINAGE,SOIR,FOUR_B,49.928,124.832,8.028,313.001,1.152,17.898,36.391,1.157,4.215,69.521,413.68,78.412,14.3764,224.323,19.662,45.08,0
AERO-000733,LOT-2512-0086,18-déc-2025 16:33:00,M05,AL7075,USINAGE,MATIN,FOUR_B,50.159,124.807,8.061,303.259,2.177,18.183,37.164,1.709,4.914,76.241,359.85,75.008,14.0668,206.881,23.85,42.12,1
AERO-000734,LOT-2501-0133,14-janv-2025 08:03:00,M04,AL7075,USINAGE,MATIN,FOUR_C,50.116,124.927,8.024,306.931,0.864,26.397,36.417,1.53,4.782,63.54,460.79,81.823,14.4182,213.505,19.867,43.13,0
AERO-000735,LOT-2508-0101,10-août-2025 15:58:00,M06,INCONEL718,TRAITEMENT,SOIR,FOUR_B,49.706,125.13,7.842,320.756,0.95,15.307,36.768,1.749,6.26,66.421,476.76,76.954,14.7707,264.74,17.369,46.72,0
AERO-000736,LOT-2504-0238,10-avr-2025 20:16:00,M03,AL7075,TRAITEMENT,SOIR,FOUR_C,49.766,124.812,7.963,301.72,0.916,18.653,30.038,1.169,5.108,66.933,387.63,71.925,14.3793,202.018,20.317,33.87,0
AERO-000737,LOT-2602-0057,19-févr-2026 00:05:00,M03,AL7075,CONTROLE,MATIN,FOUR_A,50.035,124.824,8.032,300.356,1.146,17.967,33.924,1.507,4.782,66.741,435.23,81.482,14.5295,206.344,19.159,47.46,0
AERO-000738,LOT-2507-0182,05-juil-2025 04:51:00,M06,AL7075,CONTROLE,MATIN,FOUR_C,49.897,125.387,7.991,300.097,1.365,9.842,35.971,1.947,5.855,71.146,414.74,84.947,14.4456,215.679,19.708,49.95,0
AERO-000739,LOT-2504-0167,20-avr-2025 18:35:00,M06,INCONEL718,CONTROLE,SOIR,FOUR_A,50.041,125.374,8.051,323.635,1.096,15.595,33.798,1.745,5.647,71.817,453.5,72.672,14.6229,253.02,21.868,28.44,0
AERO-000740,LOT-2512-0173,22-déc-2025 12:10:00,M05,INCONEL718,USINAGE,MATIN,FOUR_A,49.761,124.953,8.074,318.137,0.974,8.409,36.084,1.69,5.387,69.39,381.23,73.455,14.2767,257.348,19.921,50.52,0
AERO-000741,LOT-2505-0039,01-mai-2025 06:12:00,M05,TI6AL4V,TRAITEMENT,SOIR,FOUR_B,49.842,124.832,8.088,314.431,1.421,16.814,35.79,1.334,5.893,66.232,381.31,82.571,14.9986,237.862,19.409,35,0
AERO-000742,LOT-2504-0168,09-avr-2025 14:07:00,M06,AL7075,USINAGE,NUIT,FOUR_A,50.118,125.861,7.963,307.247,1.136,15.45,32.741,1.431,5.52,64.647,421.24,79.785,14.3386,209.682,19.223,38.72,0
AERO-000743,LOT-2511-0158,04-nov-2025 22:01:00,M05,INCONEL718,USINAGE,MATIN,FOUR_C,49.851,125.031,8.042,320.583,1.205,19.694,38.961,1.579,4.998,72.386,467.41,69.353,14.3564,257.896,20.183,44.81,0
AERO-000744,LOT-2601-0026,23-janv-2026 16:34:00,M01,TI6AL4V,TRAITEMENT,SOIR,FOUR_A,50.221,125.367,8.061,315.534,1.013,16.654,34.477,1.561,5.931,65.35,440.33,71.018,14.3379,239.351,18.925,54.45,0
AERO-000745,LOT-2504-0139,14-avr-2025 14:55:00,M05,AL7075,USINAGE,NUIT,FOUR_A,50.132,125.205,7.942,303.763,1.188,17.188,33.219,1.451,5.737,71.467,399.68,80.7,14.6886,218.079,18.315,30.7,0
AERO-000746,LOT-2510-0221,09-oct-2025 15:05:00,M04,AL7075,CONTROLE,NUIT,FOUR_A,50.084,125.218,7.905,304.116,1.298,15.238,36.875,0.893,4.509,65.633,401.76,81.688,14.2165,208.06,16.625,31.55,0
AERO-000747,LOT-2602-0123,09-févr-2026 10:38:00,M04,AL7075,TRAITEMENT,MATIN,FOUR_C,50.154,124.88,8.036,298.041,1.084,18.319,34.536,1.546,5.066,63.593,449.07,80.34,14.3469,205.192,21.483,NaN,0
AERO-000748,LOT-2501-0207,20-janv-2025 17:45:00,M01,TI6AL4V,CONTROLE,MATIN,FOUR_B,50.122,124.659,7.969,316.16,1.502,22.745,40.426,2.754,7.91,67.549,NaN,77.501,14.5934,238.841,18.988,59.33,1
AERO-000749,LOT-2510-0222,24-oct-2025 23:21:00,M05,TI6AL4V,TRAITEMENT,MATIN,FOUR_B,50.036,125.625,8.107,314.769,0.954,14.199,35.792,1.896,5.52,64.719,381.7,73.396,14.5821,230.246,20.508,35.75,0
AERO-000750,LOT-2510-0186,28-oct-2025 16:58:00,M02,AL7075,USINAGE,SOIR,FOUR_C,50.148,125.092,7.986,295.709,0.724,11.401,38.588,1.587,5.038,69.576,483.08,84.511,13.8903,190.769,16.011,44.97,0
AERO-000751,LOT-2601-0003,24-janv-2026 15:27:00,M01,INCONEL718,USINAGE,MATIN,FOUR_B,50.062,125.011,7.971,323.167,0.929,14.022,33.967,1.885,5.865,68.798,385.72,76.249,14.7135,264.135,18.895,53.85,0
AERO-000752,LOT-2510-0075,26-oct-2025 23:46:00,M02,AL7075,CONTROLE,SOIR,FOUR_A,49.946,125.507,7.993,305.323,1.216,15.796,35.667,1.017,4.76,64,438.54,79.615,14.5303,214.815,19.58,47.72,0
AERO-000753,LOT-2512-0190,01-déc-2025 09:31:00,M04,AL7075,CONTROLE,SOIR,FOUR_B,50.125,124.759,8.044,306.697,1.55,10.608,32.273,1.183,3.081,70.94,390.36,77.187,14.219,197.58,19.894,49.69,0
AERO-000754,LOT-2501-0029,09-janv-2025 10:55:00,M06,AL7075,TRAITEMENT,MATIN,FOUR_B,49.922,124.813,8.037,300.825,1.155,21.513,34.96,1.46,4.795,68.054,406.91,79.841,14.3165,193.507,17.672,48.13,0
AERO-000755,LOT-2509-0229,01-sept-2025 12:39:00,M06,AL7075,CONTROLE,SOIR,FOUR_C,50.044,125.3,8.096,302.987,1.279,20.398,37.355,1.847,5.964,69.9,437.35,84.13,14.6113,188.296,16.72,45.42,0
AERO-000756,LOT-2503-0137,11-mars-2025 17:15:00,M01,TI6AL4V,USINAGE,MATIN,FOUR_C,49.952,124.688,8.042,314.493,1.272,23.195,33.79,1.401,5.271,68.432,382.79,73.4,14.5158,233.616,18.582,38.01,0
AERO-000757,LOT-2507-0042,10-juil-2025 22:03:00,M04,INCONEL718,CONTROLE,SOIR,FOUR_B,49.954,125.657,7.916,320.726,1.235,22.944,34.301,1.613,5.673,78.817,664.7,51.997,15.1407,265.265,18.067,51.12,1
AERO-000758,LOT-2504-0154,30-avr-2025 03:51:00,M01,AL7075,USINAGE,NUIT,FOUR_C,50.019,126.01,7.964,303.714,0.857,20.208,33.799,1.585,4.826,70.079,422.69,79.771,14.2451,199.909,22.194,36.98,0
AERO-000759,LOT-2509-0230,14-sept-2025 08:51:00,M03,AL7075,CONTROLE,NUIT,FOUR_B,50.144,125.29,7.937,301.186,0.987,22.613,36.785,1.45,5.535,64.939,387.95,80.78,14.3316,199.135,19.169,34.55,0
AERO-000760,LOT-2506-0026,08-juin-2025 23:05:00,M05,AL7075,CONTROLE,SOIR,FOUR_B,49.912,124.938,8.167,304.893,0.929,18.627,32.954,1.472,4.946,70.23,454.08,78.987,14.7415,196.707,19.818,42.5,0
AERO-000761,LOT-2602-0064,20-févr-2026 20:55:00,M03,AL7075,CONTROLE,SOIR,FOUR_C,50.001,124.545,8.018,303.501,1.336,12.499,37.123,1.455,5.691,65.514,372.26,79.173,14.1666,204.328,22.016,48.29,0
AERO-000762,LOT-2505-0130,04-mai-2025 08:44:00,M02,INCONEL718,USINAGE,MATIN,FOUR_B,50.014,124.977,8.027,330.445,1.33,16.906,32.06,1.809,5.651,70.678,380.02,79.247,14.63,255.935,18.083,46.37,0
AERO-000763,LOT-2506-0136,12-juin-2025 11:23:00,M04,AL7075,USINAGE,MATIN,FOUR_C,49.951,124.921,8.018,305.207,1.276,23.154,33.175,0.972,4.696,72.484,463.85,83.562,14.3417,207.167,19.908,33.44,0
AERO-000764,LOT-2504-0227,22-avr-2025 15:34:00,M01,INCONEL718,USINAGE,SOIR,FOUR_D,50.08,124.813,8.052,321.543,1.21,21.898,29.655,1.284,4.742,64.863,442.2,76.47,14.3303,253.344,19.604,55.49,0
AERO-000765,LOT-2506-0013,16-juin-2025 17:34:00,M03,AL7075,CONTROLE,SOIR,FOUR_A,49.926,124.786,7.944,300.67,1.084,21.488,32.011,1.062,4.739,70.476,409.77,76.126,14.3404,217.549,19.517,53.08,0
AERO-000766,LOT-2502-0084,15-févr-2025 12:24:00,M01,TI6AL4V,CONTROLE,SOIR,FOUR_C,49.904,125.201,7.938,313.196,0.833,24.546,34.522,1.705,5.969,71.11,441.77,76.047,14.5419,236.295,18.318,49.02,0
AERO-000767,LOT-2504-0232,23-avr-2025 14:55:00,M05,INCONEL718,TRAITEMENT,MATIN,FOUR_D,50.149,125.191,7.892,322.694,1.285,16.07,35.615,1.94,5.987,NaN,387.36,69.49,14.8075,267.757,20.824,42.53,0
AERO-000768,LOT-2601-0069,27-janv-2026 14:54:00,M05,TI6AL4V,USINAGE,SOIR,FOUR_A,50.087,124.971,7.968,313.466,1.183,19.109,35.062,2.135,5.881,67.548,424.06,75.842,14.7442,231.408,18.757,51.31,0
AERO-000769,LOT-2509-0062,01-sept-2025 15:37:00,M03,TI6AL4V,CONTROLE,MATIN,FOUR_B,49.954,125.138,8.054,317.675,1.026,12.181,33.214,1.206,4.613,67.81,466.92,79.59,14.3905,237.393,19.911,56.1,0
AERO-000770,LOT-2601-0171,09-janv-2026 19:21:00,M05,AL7075,USINAGE,NUIT,FOUR_A,49.929,124.354,8.055,301.97,0.842,18.011,35.29,1.261,4.28,71.694,407.81,76.772,14.3294,193.612,17.426,48.92,0
AERO-000771,LOT-2512-0234,25-déc-2025 07:29:00,M03,AL7075,USINAGE,SOIR,FOUR_B,49.942,125.758,7.996,301.447,1.077,21.951,35.331,1.389,4.719,69.523,NaN,83.459,14.5983,195.239,21.347,38.71,0
AERO-000772,LOT-2507-0208,24-juil-2025 09:52:00,M03,AL7075,TRAITEMENT,SOIR,FOUR_D,50.009,125.483,8.037,303.73,1.508,20.044,31.732,1.247,5.429,71.02,406.33,80.674,14.5242,205.192,20.14,45.99,0
AERO-000773,LOT-2501-0029,01-janv-2025 16:47:00,M05,AL7075,USINAGE,MATIN,FOUR_A,50.257,124.764,7.973,302.595,0.649,17.67,33.229,1.786,6.246,70.844,335.46,84.584,14.5226,188.977,19.909,41.1,0
AERO-000774,LOT-2503-0042,30-mars-2025 16:39:00,M02,AL7075,TRAITEMENT,SOIR,FOUR_C,50.103,124.495,8.084,304.931,1.162,18.067,36.612,1.797,5.041,68.467,421.06,81.187,14.6434,199.73,18.444,38.87,0
AERO-000775,LOT-2504-0124,22-avr-2025 06:38:00,M03,INCONEL718,CONTROLE,SOIR,FOUR_A,49.758,124.393,8.021,324.137,0.985,11.796,31.555,1.502,5.741,67.06,447.51,73.437,14.527,251.577,20.647,52.19,0
AERO-000776,LOT-2512-0165,09-déc-2025 12:39:00,M04,TI6AL4V,CONTROLE,MATIN,FOUR_A,49.654,125.497,NaN,318.506,2.528,21.027,32.597,0.996,5.125,71.607,469.56,79.912,14.5891,232.342,20.19,28.62,1
AERO-000777,LOT-2504-0106,17-avr-2025 16:21:00,M02,INCONEL718,USINAGE,MATIN,FOUR_A,50.009,125.677,8.078,320.525,0.831,24.402,35.212,1.188,3.978,64.094,432.32,75.789,14.3246,255.653,20.177,40.8,0
AERO-000778,LOT-2510-0193,28-oct-2025 22:18:00,M03,AL7075,USINAGE,NUIT,FOUR_C,49.849,125.127,7.906,295.79,1.44,9.745,33.101,1.236,4.954,66.873,430.51,81.053,14.7373,208.339,21.365,46.73,0
AERO-000779,LOT-2510-0077,11-oct-2025 19:07:00,M04,TI6AL4V,USINAGE,MATIN,FOUR_B,NaN,124.983,7.928,317.34,1.448,28.957,32.212,0.821,3.424,72.114,457.16,75.816,14.4389,235.8,20.397,42.44,0
AERO-000780,LOT-2502-0022,24-févr-2025 02:03:00,M06,TI6AL4V,USINAGE,SOIR,FOUR_C,50.038,124.981,8.036,311.148,1.265,12.028,34.831,1.822,6.015,NaN,414.07,NaN,NaN,223.34,16.813,55.02,0
AERO-000781,LOT-2511-0218,15-nov-2025 07:23:00,M03,AL7075,TRAITEMENT,MATIN,FOUR_D,50.191,125.246,8.037,303.866,1.326,26.319,33.269,1.358,5.245,66.637,468.56,76.065,14.7057,212.159,19.373,38.46,0
AERO-000782,LOT-2510-0112,06-oct-2025 10:33:00,M03,AL7075,USINAGE,NUIT,FOUR_D,49.877,126.019,7.893,302.149,1,38.201,33.06,1.261,5.387,64.502,451.93,81.453,14.2959,192.362,19.152,44.24,1
AERO-000783,LOT-2511-0111,23-nov-2025 12:58:00,M05,AL7075,USINAGE,SOIR,FOUR_D,50.045,124.959,8.077,302.181,1.113,18.522,36.386,1.852,5.138,71.174,479.44,77.973,14.5123,206.133,19.198,31.81,0
AERO-000784,LOT-2511-0209,03-nov-2025 08:41:00,M01,TI6AL4V,CONTROLE,MATIN,FOUR_A,49.793,124.45,8.137,318.894,0.866,15.947,31.296,1.321,4.907,68.015,502.09,74.678,14.6116,244.326,20.81,41.54,0
AERO-000785,LOT-2507-0066,10-juil-2025 18:19:00,M03,TI6AL4V,TRAITEMENT,MATIN,FOUR_D,50.076,125.416,7.899,314.579,1.188,15.645,33.697,1.071,4.959,67.105,463.28,78.374,14.6777,242.766,19.731,48.04,0
AERO-000786,LOT-2507-0229,25-juil-2025 15:23:00,M05,TI6AL4V,CONTROLE,MATIN,FOUR_B,50.337,NaN,8.087,315.106,0.929,10.839,38.068,1.844,5.142,72.269,396.4,74.392,14.6827,217.492,19.549,41.01,0
AERO-000787,LOT-2502-0108,06-févr-2025 15:25:00,M03,AL7075,CONTROLE,MATIN,FOUR_B,50.257,124.139,NaN,302.7,1.294,18.316,30.063,1.397,5.536,70.006,456.2,85.043,14.696,204.759,16.947,24.04,0
AERO-000788,LOT-2503-0122,01-mars-2025 07:33:00,M05,AL7075,CONTROLE,SOIR,FOUR_D,50.323,124.993,8.01,300.003,1.026,18.73,37.37,1.653,5.143,73.32,381.03,79.405,14.5325,195.498,18.619,40.93,0
AERO-000789,LOT-2504-0031,25-avr-2025 21:47:00,M06,AL7075,USINAGE,SOIR,FOUR_B,50.015,126.042,7.975,307.978,1.085,22.266,32.537,1.767,5.745,NaN,450.77,80.094,14.4402,213.235,18.496,38.06,0
AERO-000790,LOT-2510-0044,30-oct-2025 22:30:00,M01,AL7075,USINAGE,MATIN,FOUR_A,50.101,125.171,7.934,302.905,0.809,18.725,29.563,1.483,5.103,74.269,595.16,73.96,15.2956,210.402,20.305,47.6,1
AERO-000791,LOT-2512-0143,01-déc-2025 23:52:00,M06,AL7075,CONTROLE,MATIN,FOUR_A,49.453,123.91,8.067,302.41,1.015,35.06,31.656,2.085,5.528,62.726,363.7,81.318,14.1317,224.337,16.589,52.3,1
AERO-000792,LOT-2511-0213,14-nov-2025 17:40:00,M06,TI6AL4V,USINAGE,SOIR,FOUR_B,49.961,125.229,7.975,312.215,0.947,15.732,35.197,1.76,5.147,74.362,410.48,78.25,14.5939,235.37,19.704,46.31,0
AERO-000793,LOT-2601-0005,09-janv-2026 14:59:00,M03,AL7075,USINAGE,MATIN,FOUR_B,50.058,124.672,8.012,305.284,1.263,24.973,31.715,1.784,5.588,68.486,413.69,73.611,14.4443,205.023,17.79,42.17,0
AERO-000794,LOT-2506-0195,02-juin-2025 02:05:00,M03,AL7075,TRAITEMENT,SOIR,FOUR_B,49.666,124.775,7.927,306.807,1.033,18.217,34.018,1.348,4.752,70.862,401.13,81.594,14.295,213.596,20.456,44.24,0
AERO-000795,LOT-2508-0122,25-août-2025 17:41:00,M02,AL7075,CONTROLE,SOIR,FOUR_D,49.934,124.974,7.855,299.374,1.147,22.47,31.766,1.493,6.144,68.508,440.99,80.247,14.4281,192.351,18.109,39.69,0
AERO-000796,LOT-2503-0049,11-mars-2025 17:41:00,M06,INCONEL718,TRAITEMENT,MATIN,FOUR_A,50.241,125.295,8.065,321.383,1.031,14.791,39.047,1.628,5.016,70.134,410.32,74.74,14.6849,243.251,18.157,39.78,0
AERO-000797,LOT-2512-0012,30-déc-2025 00:23:00,M05,INCONEL718,CONTROLE,NUIT,FOUR_C,50.06,124.821,7.915,314.556,1.057,14.655,35.751,1.846,5.819,72.297,374.15,74.078,14.8002,244.6,16.392,41.01,0
AERO-000798,LOT-2512-0051,16-déc-2025 01:09:00,M02,AL7075,TRAITEMENT,NUIT,FOUR_A,49.934,124.925,7.994,302.811,1.059,18.123,32.862,1.43,4.821,67.732,392.91,77.533,14.6951,211.418,17.925,46.15,0
AERO-000799,LOT-2512-0071,10-déc-2025 11:06:00,M01,TI6AL4V,USINAGE,MATIN,FOUR_B,49.825,124.602,8.112,311.499,1.299,15.239,31.888,1.101,4.214,68.939,442.02,79.043,14.4876,226.245,18.758,42.64,0
AERO-000800,LOT-2505-0004,08-mai-2025 00:59:00,M04,TI6AL4V,TRAITEMENT,MATIN,FOUR_B,49.998,124.788,8.062,313.007,1.221,21.796,35.763,0.951,5.212,66.976,413.52,73.232,14.4862,233.108,18.816,37.69,0
AERO-000801,LOT-2504-0065,08-avr-2025 06:52:00,M03,TI6AL4V,CONTROLE,SOIR,FOUR_B,49.918,124.756,NaN,310.567,1.288,17,46.476,2.977,9.261,69.366,346.75,74.988,14.8658,228.924,18.139,35.2,1
AERO-000802,LOT-2510-0141,21-oct-2025 12:10:00,M02,TI6AL4V,TRAITEMENT,MATIN,FOUR_A,49.676,125.888,7.966,315.849,0.952,36.135,37.811,1.062,5.204,67.751,458.74,68.784,14.4643,238.281,20.079,41.22,1
AERO-000803,LOT-2510-0193,16-oct-2025 20:53:00,M01,TI6AL4V,USINAGE,NUIT,FOUR_B,49.982,125.142,8.024,316.925,1.899,22.049,36.038,1.658,5.835,65.863,NaN,66.332,14.4909,216.445,18.712,34.5,1
AERO-000804,LOT-2511-0120,06-nov-2025 11:22:00,M02,AL7075,USINAGE,MATIN,FOUR_A,49.919,125.118,7.941,305.406,1.191,19.382,31.469,1.663,5.913,67.297,409.02,80.12,14.4386,205.495,14.88,67.87,0
AERO-000805,LOT-2503-0125,17-mars-2025 09:08:00,M06,AL7075,CONTROLE,MATIN,FOUR_C,50.065,125.837,8.08,299.273,1.046,21.424,35.969,1.931,5.524,69.122,407.9,79.954,14.2396,203.727,19.494,48.09,0
AERO-000806,LOT-2501-0191,12-janv-2025 03:34:00,M06,TI6AL4V,CONTROLE,MATIN,FOUR_B,50.037,125.404,7.992,313.373,1.278,23.946,34.252,1.714,5.332,68.57,500.79,80.542,14.2515,228.893,17.573,45.92,0
AERO-000807,LOT-2509-0039,14-sept-2025 11:33:00,M05,INCONEL718,TRAITEMENT,SOIR,FOUR_B,49.78,125.133,8.051,321.335,1.206,18.955,31.935,1.632,5.958,72.119,440.55,78.531,14.2024,258.987,19.267,34.85,0
AERO-000808,LOT-2512-0096,19-déc-2025 03:54:00,M02,TI6AL4V,USINAGE,MATIN,FOUR_C,50.219,124.87,8.134,314.53,1.173,12.627,39.907,1.368,4.931,67.844,384.44,83.691,14.6418,227.178,20.685,39.53,0
AERO-000809,LOT-2501-0033,31-janv-2025 17:55:00,M03,AL7075,USINAGE,NUIT,FOUR_C,49.65,124.702,8.007,300.626,1.543,19.871,36.458,1.647,5.265,69.613,391.74,77.033,14.2334,191.808,18.764,40.94,0
AERO-000810,LOT-2512-0152,02-déc-2025 04:26:00,M02,AL7075,USINAGE,NUIT,FOUR_C,50.125,125.099,8.042,302.818,1.506,18.8,34.195,1.584,5.287,70.872,425.73,80.501,14.4244,206.298,19.459,44.9,0
AERO-000811,LOT-2509-0207,16-sept-2025 19:33:00,M06,INCONEL718,CONTROLE,MATIN,FOUR_C,49.919,124.637,7.967,320.947,0.857,22.94,35.278,1.565,5.911,64.092,447.99,73.706,14.1616,254.381,20.156,39.27,0
AERO-000812,LOT-2503-0032,06-mars-2025 03:23:00,M06,TI6AL4V,USINAGE,MATIN,FOUR_A,50.058,125.651,7.89,314.081,0.978,22.213,35.45,1.613,5.765,68.394,406.36,80.462,14.6164,238.179,18.503,46.24,0
AERO-000813,LOT-2503-0163,12-mars-2025 08:18:00,M01,TI6AL4V,USINAGE,SOIR,FOUR_C,49.805,124.781,8.148,306.745,1.056,19.857,36.206,1.675,5.432,NaN,411.6,83.908,14.3248,220.715,19.08,45.38,0
AERO-000814,LOT-2512-0127,19-déc-2025 04:28:00,M03,AL7075,TRAITEMENT,SOIR,FOUR_B,49.853,124.786,8.143,306.363,1.2,20.927,31.022,1.431,5.632,65.204,430.37,83.392,14.4669,207.702,16.987,53.62,0
AERO-000815,LOT-2503-0073,05-mars-2025 04:58:00,M03,INCONEL718,USINAGE,MATIN,FOUR_D,50.093,124.552,8.028,318.337,0.888,11.242,28.925,1.532,5.081,84.999,548.3,57.209,15.5373,245.424,19.414,37.98,1
AERO-000816,LOT-2507-0096,15-juil-2025 18:35:00,M01,AL7075,USINAGE,SOIR,FOUR_D,50.122,124.825,8.024,298.958,1.508,11.656,29.984,1.795,5.66,71.29,436.64,77.701,14.0925,215.491,18.141,45.94,0
AERO-000817,LOT-2508-0062,30-août-2025 07:25:00,M02,AL7075,TRAITEMENT,SOIR,FOUR_D,49.913,124.592,8.04,301.21,1.243,23.526,33.995,NaN,4.511,74.277,532.8,67.034,15.5224,211.728,18.672,54.79,1
AERO-000818,LOT-2510-0057,11-oct-2025 01:36:00,M03,TI6AL4V,TRAITEMENT,SOIR,FOUR_D,NaN,125.446,8.133,313.636,1.14,20.338,30.539,1.619,5.389,68.16,436.28,75.543,14.4623,225.549,20.174,47.16,0
AERO-000819,LOT-2508-0006,17-août-2025 12:23:00,M05,AL7075,TRAITEMENT,MATIN,FOUR_A,49.986,124.446,7.914,303.03,1.132,16.758,49.878,3.898,9.849,68.912,441.24,84.689,14.3557,196.08,19.091,44.46,1
AERO-000820,LOT-2510-0196,01-oct-2025 11:04:00,M01,AL7075,TRAITEMENT,NUIT,FOUR_A,49.965,NaN,7.985,303.623,1.303,15.051,30.219,1.533,5.693,65.613,424.05,83.857,14.6275,203.443,20.677,47.95,0
AERO-000821,LOT-2506-0078,18-juin-2025 13:17:00,M03,AL7075,TRAITEMENT,SOIR,FOUR_C,49.982,125.372,7.928,307.33,1.421,16.095,30.651,1.97,6.52,60.683,400.5,78.867,14.0639,212.93,18.158,45.59,0
AERO-000822,LOT-2601-0201,13-janv-2026 06:17:00,M06,AL7075,USINAGE,NUIT,FOUR_D,49.97,125.186,7.993,301.349,1.024,20.709,31.398,1.91,5.547,67.144,442.91,79.204,14.4056,206.574,18.429,46.07,0
AERO-000823,LOT-2508-0226,11-août-2025 11:47:00,M06,AL7075,USINAGE,NUIT,FOUR_B,50.063,125.003,8.018,303.392,1.29,12.029,36.343,1.779,5.828,70.803,400.17,71.087,14.1744,209.568,17.982,23.76,0
AERO-000824,LOT-2512-0173,05-déc-2025 02:00:00,M06,AL7075,CONTROLE,SOIR,FOUR_C,49.719,124.666,7.875,304.814,1.288,19.371,38.003,1.763,5.288,73.481,453.47,77.872,14.4454,204.879,19.983,56.43,0
AERO-000825,LOT-2507-0032,05-juil-2025 01:55:00,M03,AL7075,CONTROLE,MATIN,FOUR_D,49.86,125.629,8.04,298.872,1.117,16.332,32.347,1.287,5.742,68.112,418.57,81.896,14.4596,203.185,20.031,37.16,0
AERO-000826,LOT-2602-0084,24-févr-2026 13:27:00,M05,AL7075,TRAITEMENT,MATIN,FOUR_C,50.012,124.609,7.966,306.393,1.377,10.609,39.986,1.493,4.978,NaN,388.34,75,14.2085,195.928,18.55,40.78,0
AERO-000827,LOT-2506-0212,05-juin-2025 21:43:00,M04,AL7075,CONTROLE,MATIN,FOUR_A,50.196,124.951,7.953,299.635,1.06,15.864,31.632,1.494,4.796,68.445,481.52,77.497,14.6034,210.472,16.096,49.47,0
AERO-000828,LOT-2602-0043,25-févr-2026 14:00:00,M06,INCONEL718,USINAGE,MATIN,FOUR_C,50.21,125.042,8.033,319.451,1.065,22.234,38.24,2.45,6.484,68.287,415.38,74.23,14.7787,257.385,16.214,40.67,0
AERO-000829,LOT-2506-0096,13-juin-2025 17:43:00,M04,AL7075,USINAGE,MATIN,FOUR_A,50.09,125.028,7.987,302.921,0.807,11.408,35.223,1.095,4.404,65.937,495.92,81.334,14.4463,209.02,20.696,42.06,0
AERO-000830,LOT-2502-0057,07-févr-2025 21:19:00,M02,INCONEL718,USINAGE,NUIT,FOUR_A,50.002,124.358,8.242,326.406,1.516,16.335,32.04,1.601,5.601,69.712,420.18,62.584,14.9312,213.311,20.467,39.55,1
AERO-000831,LOT-2506-0072,28-juin-2025 01:55:00,M05,AL7075,TRAITEMENT,SOIR,FOUR_A,49.906,124.628,7.942,304.459,1.336,16.173,35.3,1.749,5.749,69.116,439.7,78.084,14.6821,209.689,19.756,50.37,0
AERO-000832,LOT-2601-0081,25-janv-2026 15:28:00,M04,INCONEL718,USINAGE,SOIR,FOUR_A,NaN,125.21,8.025,316.548,1.091,17.655,33.929,1.444,4.854,68.323,399.66,70.881,14.4547,245.451,18.094,37.47,0
AERO-000833,LOT-2502-0098,06-févr-2025 11:28:00,M04,AL7075,CONTROLE,MATIN,FOUR_B,49.839,125.23,7.87,304.775,1.762,12.978,32.877,1.132,3.859,69.519,408.09,79.878,14.2575,203.115,20.579,47.95,0
AERO-000834,LOT-2509-0045,09-sept-2025 21:47:00,M03,AL7075,USINAGE,SOIR,FOUR_C,49.759,124.897,8.014,304.594,1.038,19.301,33.389,1.275,4.562,67.554,425.8,80.104,14.281,188.199,19.466,50.45,0
AERO-000835,LOT-2505-0131,08-mai-2025 02:15:00,M04,TI6AL4V,USINAGE,MATIN,FOUR_C,49.94,124.722,8.001,318.654,1.504,17.38,34.325,1.263,4.665,68.99,552.24,75.557,14.1805,239.718,17.819,40.49,0
AERO-000836,LOT-2511-0067,13-nov-2025 05:36:00,M06,TI6AL4V,USINAGE,SOIR,FOUR_B,50.241,124.429,7.984,311.061,0.817,16.162,36.882,1.738,5.61,81.24,588.09,63.344,15.0449,223.245,17.798,43.97,1
AERO-000837,LOT-2504-0147,19-avr-2025 22:12:00,M04,TI6AL4V,CONTROLE,SOIR,FOUR_B,50.139,124.92,7.991,311.789,1.254,17.469,35.272,1.373,4.538,70.245,404.89,77.068,14.4229,227.087,19.138,46.33,0
AERO-000838,LOT-2510-0066,20-oct-2025 14:31:00,M01,INCONEL718,CONTROLE,SOIR,FOUR_A,49.852,124.848,7.982,327.026,1.725,23.599,35.168,1.405,5.011,67.694,407.89,64.186,14.5959,224.624,19.111,42.85,1
AERO-000839,LOT-2502-0232,28-févr-2025 22:09:00,M03,AL7075,USINAGE,MATIN,FOUR_D,49.997,125.215,7.985,300.482,1.177,17.385,29.873,1.376,4.683,66.946,440.76,82.504,14.4928,200.572,18.561,50.09,0
AERO-000840,LOT-2506-0167,11-juin-2025 06:54:00,M03,INCONEL718,USINAGE,MATIN,FOUR_D,50.043,124.444,7.907,331.117,1.263,12.748,33.865,0.787,3.507,69.203,418.49,72.479,14.6427,271.035,15.65,43.9,0
AERO-000841,LOT-2508-0054,12-août-2025 10:14:00,M05,AL7075,TRAITEMENT,MATIN,FOUR_B,50.309,NaN,8.019,304.707,1.097,37.801,35.116,1.87,NaN,66.21,391.94,77.751,14.4355,199.022,19.003,45.62,1
AERO-000842,LOT-2510-0060,31-oct-2025 05:32:00,M03,TI6AL4V,USINAGE,MATIN,FOUR_B,50.115,124.419,8.007,305.655,2.316,18.779,32.507,1.537,5.65,68.355,383.56,70.216,14.4962,195.578,19.12,52.07,1
AERO-000843,LOT-2502-0079,23-févr-2025 02:19:00,M03,INCONEL718,USINAGE,MATIN,FOUR_A,50.613,125.782,8.031,318.846,1.046,36.695,37.155,1.718,6.11,68.807,410.7,73.727,14.5292,244.487,20.005,42.03,1
AERO-000844,LOT-2512-0027,03-déc-2025 23:55:00,M04,AL7075,TRAITEMENT,MATIN,FOUR_A,50.199,125.069,8.113,294.975,1.183,19.201,32.466,1.106,5.025,65.73,355.05,77.129,14.6512,192.706,16.624,35.7,0
AERO-000845,LOT-2508-0142,16-août-2025 01:02:00,M03,AL7075,CONTROLE,MATIN,FOUR_B,49.923,124.253,8.01,300.54,NaN,15.263,32.589,1.114,5.711,66.528,466.56,86.922,14.5627,191.736,18.442,31.89,0
AERO-000846,LOT-2506-0095,26-juin-2025 16:32:00,M02,AL7075,CONTROLE,NUIT,FOUR_D,49.907,124.829,8.038,300.123,1.012,13.92,36.395,1.348,5.746,69.339,415.02,84.444,14.2895,189.06,18.992,53.94,0
AERO-000847,LOT-2503-0006,30-mars-2025 07:52:00,M03,AL7075,USINAGE,SOIR,FOUR_B,49.856,124.852,8.02,305.764,0.865,23.161,31.86,1.546,5.537,72.522,466.81,75.893,14.6864,191.961,20.456,38.77,0
AERO-000848,LOT-2502-0012,15-févr-2025 01:52:00,M02,AL7075,USINAGE,NUIT,FOUR_C,50,125.646,7.978,301.245,1.041,19.022,31.378,1.093,4.769,67.23,402.14,79.878,14.4148,210.527,18.818,51.59,0
AERO-000849,LOT-2508-0141,11-août-2025 12:01:00,M03,TI6AL4V,USINAGE,MATIN,FOUR_D,49.35,123.642,7.894,311.5,1.219,33.146,34.188,1.41,5.416,66.749,373.28,76.979,14.5486,238.418,20.367,37.2,1
AERO-000850,LOT-2509-0196,26-sept-2025 00:42:00,M05,INCONEL718,TRAITEMENT,MATIN,FOUR_C,49.842,124.692,7.892,321.498,1.157,13.254,33.287,1.043,4.744,71.176,414.44,76.327,14.4443,262.437,18.869,53.97,0
AERO-000851,LOT-2509-0158,16-sept-2025 00:35:00,M04,TI6AL4V,CONTROLE,SOIR,FOUR_B,49.965,125.155,8.007,313.579,0.921,16.827,35.991,1.406,5.577,71.127,482.69,77.614,14.3021,230.489,20.876,40.09,0
AERO-000852,LOT-2512-0143,21-déc-2025 17:54:00,M02,TI6AL4V,CONTROLE,NUIT,FOUR_A,50.028,124.876,7.923,310.559,1.147,25.94,NaN,1.397,5.298,68.986,441.96,79.043,14.8097,234.147,15.452,53.14,0
AERO-000853,LOT-2506-0217,07-juin-2025 21:06:00,M06,AL7075,TRAITEMENT,MATIN,FOUR_C,50.023,125.203,7.988,302.832,1.114,12.741,34.127,2.097,5.763,84.93,635.88,63.369,15.0381,205.95,20.208,32.79,1
AERO-000854,LOT-2507-0115,22-juil-2025 22:51:00,M05,INCONEL718,USINAGE,SOIR,FOUR_A,50.002,124.608,7.996,326.133,1.21,NaN,38.671,1.828,6.34,69.941,435.29,73.687,14.6702,248.768,22.638,47.33,0
AERO-000855,LOT-2601-0035,01-janv-2026 16:41:00,M05,INCONEL718,USINAGE,SOIR,FOUR_A,49.899,125.136,8.043,323.819,1.366,16.763,29.908,1.435,5.211,71.472,424.85,68.907,14.5289,270.963,20.252,51.46,0
AERO-000856,LOT-2602-0042,03-févr-2026 18:04:00,M01,TI6AL4V,USINAGE,SOIR,FOUR_A,49.972,124.827,8.045,317.508,1.069,23.147,33.851,1.279,4.308,67.896,394.14,81.43,14.6123,231.54,19.567,39.26,0
AERO-000857,LOT-2502-0058,22-févr-2025 15:30:00,M04,AL7075,CONTROLE,MATIN,FOUR_A,50.056,124.645,7.93,295.718,1.063,13.154,30.928,1.053,4.281,68.765,452.79,81.776,14.5448,206.588,20.454,37.44,0
AERO-000858,LOT-2508-0067,25-août-2025 20:34:00,M02,INCONEL718,USINAGE,SOIR,FOUR_A,50.189,124.878,7.873,322.419,1.165,15.818,31.96,1.3,4.266,67.738,406.51,70.36,14.6956,261.127,18.658,36.56,0
AERO-000859,LOT-2511-0101,02-nov-2025 23:57:00,M03,TI6AL4V,USINAGE,MATIN,FOUR_C,50.196,125.523,8.034,314.915,1.486,17.242,27.073,1.703,5.603,66.818,384.35,85.054,14.4137,232.437,18.639,49.44,0
AERO-000860,LOT-2501-0178,22-janv-2025 03:28:00,M05,TI6AL4V,CONTROLE,MATIN,FOUR_A,49.855,124.762,7.938,316.903,0.983,21.95,33.009,1.216,4.493,68.548,375.59,79.276,14.6101,236.189,18.712,63.9,0
AERO-000861,LOT-2509-0164,15-sept-2025 19:04:00,M06,AL7075,TRAITEMENT,NUIT,FOUR_B,50.106,124.92,8.055,302.072,1.201,13.549,36.755,1.889,6.637,69.147,504.42,80.999,14.2664,221.492,20.091,39.78,0
AERO-000862,LOT-2602-0192,26-févr-2026 20:02:00,M04,AL7075,USINAGE,NUIT,FOUR_D,50.23,NaN,8.119,299.45,1.157,21.507,29.444,1.082,4.651,68.753,479.35,81.78,14.5594,196.253,16.098,34.66,0
AERO-000863,LOT-2505-0231,25-mai-2025 07:00:00,M03,INCONEL718,CONTROLE,SOIR,FOUR_A,50.157,125.367,8.073,323.551,1.054,19.701,33.051,1.339,5.48,70.913,403.07,68.677,14.121,266.342,19.283,60.06,0
AERO-000864,LOT-2512-0217,15-déc-2025 20:55:00,M01,TI6AL4V,CONTROLE,NUIT,FOUR_B,50.139,124.897,8.042,313.79,1.061,21.02,31.053,1.239,5.837,86.668,357.71,68.489,14.9865,235.978,16.342,39.48,1
AERO-000865,LOT-2601-0217,20-janv-2026 20:33:00,M01,TI6AL4V,TRAITEMENT,MATIN,FOUR_B,49.871,125.233,7.951,314.276,1.33,18.496,33.729,1.476,5.519,68.852,428.37,78.095,14.5583,239.059,16.972,44.56,0
AERO-000701,LOT-2601-0154,12-janv-2026 10:12:00,M04,AL7075,USINAGE,SOIR,FOUR_A,50.115,124.984,7.939,298.391,1.324,10.48,32.738,1.157,5.086,64.952,357.93,85.704,14.3938,203.58,21.18,47.62,0
AERO-000867,LOT-2510-0008,10-oct-2025 11:15:00,M01,AL7075,USINAGE,MATIN,FOUR_A,49.89,124.929,7.95,295.894,0.996,23.944,32.422,1.325,5.849,68.09,360.36,78.895,14.293,198.903,18.573,37.15,0
AERO-000868,LOT-2511-0074,26-nov-2025 01:29:00,M04,TI6AL4V,TRAITEMENT,NUIT,FOUR_A,49.893,124.669,8.096,320.01,1.234,28.413,33.014,1.462,5.118,69.155,410.37,82.04,14.6426,233.626,19.876,48.69,0
AERO-000869,LOT-2507-0046,04-juil-2025 12:09:00,M04,AL7075,USINAGE,MATIN,FOUR_D,49.916,125.093,7.904,299.985,1.039,18.439,36.635,0.975,4.522,69.91,472.77,81.166,14.0271,197.912,18.379,45.31,0
AERO-000870,LOT-2510-0066,20-oct-2025 15:31:00,M06,AL7075,CONTROLE,MATIN,FOUR_D,49.778,125.428,8.023,305.847,1.008,12.228,37.453,1.516,5.562,65.401,429.14,83.531,14.5239,196.711,18.789,50,0
AERO-000871,LOT-2512-0025,21-déc-2025 03:11:00,M02,TI6AL4V,USINAGE,MATIN,FOUR_D,50.136,125.656,8.088,308.89,0.99,17.728,NaN,NaN,4.783,70.779,443.16,76.553,14.317,238.152,20.642,54,0
AERO-000872,LOT-2507-0155,05-juil-2025 17:36:00,M05,AL7075,CONTROLE,SOIR,FOUR_C,50.139,124.918,7.883,304.014,1.151,20.311,36.518,1.875,5.842,68.804,403.56,78.237,14.4112,209.285,19.069,36.71,0
AERO-000873,LOT-2602-0168,01-févr-2026 09:47:00,M01,AL7075,USINAGE,SOIR,FOUR_B,49.914,125.014,8.082,292.765,1.921,19.094,32.125,0.949,5.463,74.521,430.53,69.43,14.6554,179.28,19.509,44.95,1
AERO-000874,LOT-2507-0173,26-juil-2025 12:55:00,M01,INCONEL718,USINAGE,MATIN,FOUR_B,49.887,125.377,7.947,322.006,0.876,16.311,28.501,NaN,5.207,65.459,518.22,79.908,14.4347,253.522,18.811,51.29,0
AERO-000875,LOT-2507-0164,14-juil-2025 12:31:00,M01,AL7075,USINAGE,NUIT,FOUR_C,49.929,125.156,8.042,303.624,1.27,21.986,33.722,1.138,5.023,67.383,429.8,80.202,14.532,190.706,20.895,48.38,0
AERO-000876,LOT-2602-0026,02-févr-2026 17:17:00,M04,AL7075,USINAGE,SOIR,FOUR_B,50.203,124.626,8.183,302.742,1.136,11.207,35.312,1.518,5.847,68.535,429.28,77.752,14.5384,200.046,18.025,27.34,0
AERO-000877,LOT-2502-0192,20-févr-2025 19:02:00,M03,AL7075,TRAITEMENT,MATIN,FOUR_C,49.961,124.934,8.006,302.914,1.251,14.256,29.692,1.174,4.594,67.049,428.73,78.452,14.8387,203.506,23.273,33.9,0
AERO-000878,LOT-2510-0154,09-oct-2025 13:05:00,M02,AL7075,CONTROLE,SOIR,FOUR_B,50.068,125.177,8.036,296.185,1.308,20.704,32.587,1.476,5.591,65.725,408.98,84.149,13.9982,204.037,20.196,44.35,0
AERO-000879,LOT-2509-0053,21-sept-2025 23:50:00,M04,AL7075,USINAGE,SOIR,FOUR_C,50.035,125.554,8.159,297.677,1.188,24.221,31.54,1.005,5.493,65.844,434.72,78.042,14.5402,213.092,17.554,37.36,0
AERO-000880,LOT-2504-0210,22-avr-2025 04:30:00,M02,AL7075,TRAITEMENT,MATIN,FOUR_A,49.951,124.784,7.944,300.92,0.949,18.046,31.519,1.761,5.221,67.765,428.39,73.39,14.3828,188.68,17.091,43.06,0
AERO-000881,LOT-2509-0102,18-sept-2025 05:33:00,M03,INCONEL718,USINAGE,MATIN,FOUR_A,49.877,124.891,7.984,323.292,1.149,17.064,37.262,1.276,4.955,68.028,419.98,80.622,14.1561,274.377,18.951,42.57,0
AERO-000882,LOT-2508-0130,29-août-2025 14:11:00,M01,TI6AL4V,USINAGE,MATIN,FOUR_D,49.819,124.942,NaN,312.447,1.227,15.728,31.12,1.584,NaN,66.157,422.96,77.4,14.529,244.053,20.371,49.45,0
AERO-000883,LOT-2507-0199,26-juil-2025 11:48:00,M03,TI6AL4V,CONTROLE,MATIN,FOUR_A,50.094,125.081,8.11,316.621,1.299,13.05,33.618,1.019,4.667,71.517,373.83,75.108,14.5327,244.381,17.689,42.39,0
AERO-000884,LOT-2507-0064,21-juil-2025 08:34:00,M03,AL7075,USINAGE,MATIN,FOUR_B,49.814,125.021,8.032,302.421,1.215,13.396,36.652,1.777,5.123,67.269,384.43,84.513,14.2982,208.792,17.692,45.62,0
AERO-000885,LOT-2509-0162,30-sept-2025 09:19:00,M02,TI6AL4V,TRAITEMENT,MATIN,FOUR_A,NaN,125.704,8.034,310.061,1.547,10.894,28.585,1.098,4.657,67.201,473.08,78.94,14.3206,231.782,19.461,40,0
AERO-000886,LOT-2506-0082,13-juin-2025 19:14:00,M04,AL7075,USINAGE,MATIN,FOUR_B,49.695,124.686,8.037,301.741,1.3,14.827,35.842,1.228,5.226,68.38,486.88,84.838,14.3839,198.72,19.784,30.21,0
AERO-000887,LOT-2507-0018,05-juil-2025 03:11:00,M04,TI6AL4V,TRAITEMENT,NUIT,FOUR_C,50.162,125.33,8.134,311.894,1.226,21.515,34.596,1.247,4.442,64.352,440.42,82.334,14.1464,247.085,18.735,44.35,0
AERO-000888,LOT-2509-0118,05-sept-2025 14:35:00,M05,AL7075,USINAGE,SOIR,FOUR_D,49.839,124.033,7.997,302.707,0.945,16.404,32.197,1.888,4.973,65.361,391.16,79.796,14.4759,NaN,16.628,41.23,0
AERO-000889,LOT-2503-0091,30-mars-2025 18:22:00,M05,AL7075,CONTROLE,NUIT,FOUR_C,49.796,125.783,7.914,302.044,0.881,13.699,32.792,1.611,4.993,68.676,430.72,81.776,14.4792,205.067,21.14,32.06,0
AERO-000890,LOT-2504-0223,28-avr-2025 09:32:00,M06,TI6AL4V,USINAGE,NUIT,FOUR_A,49.95,125.156,8.118,311.548,1.285,18.032,32.83,1.3,5.229,65.341,437.55,79.141,14.4873,230.084,19.053,46.37,0
AERO-000891,LOT-2503-0116,16-mars-2025 20:14:00,M01,AL7075,USINAGE,NUIT,FOUR_C,49.969,124.487,8.078,302.431,0.82,25.682,32.645,1.352,4.908,66.642,436.89,80,14.8359,204.087,17.979,45.22,0
AERO-000892,LOT-2508-0049,25-août-2025 16:27:00,M02,AL7075,CONTROLE,SOIR,FOUR_A,49.859,125.397,8.128,302.877,1.45,21.367,32.491,1.232,4.767,71.662,348.27,82.321,14.7384,200.577,21.305,48.5,0
AERO-000893,LOT-2509-0100,27-sept-2025 00:18:00,M02,AL7075,TRAITEMENT,NUIT,FOUR_B,49.966,125.121,7.849,299.126,0.923,16.14,33.211,1.202,5.046,67.222,373.13,80.723,14.467,216.886,19.631,51.43,0
AERO-000894,LOT-2502-0179,14-févr-2025 00:36:00,M06,TI6AL4V,USINAGE,NUIT,FOUR_C,49.869,124.937,7.928,317.783,1.008,15.459,37.661,3.089,7.523,72.039,459.84,76.901,14.5836,229.221,19.989,41.49,1
AERO-000895,LOT-2512-0072,19-déc-2025 04:56:00,M03,INCONEL718,TRAITEMENT,MATIN,FOUR_C,49.918,124.498,8.149,324.465,0.916,21.608,38.509,1.255,5.104,68.453,456.98,79.835,14.5261,248.166,18.125,30.38,0
AERO-000896,LOT-2506-0104,19-juin-2025 08:36:00,M06,AL7075,USINAGE,SOIR,FOUR_D,50.116,125.182,7.839,299.842,1.298,21.646,37.967,1.973,6.672,71.527,416.14,85.085,13.9785,195.044,21.397,45.65,0
AERO-000897,LOT-2512-0124,19-déc-2025 13:44:00,M04,TI6AL4V,CONTROLE,MATIN,FOUR_A,50.102,124.674,7.892,314.77,1.131,22.274,34.022,1.657,5.75,68.811,436.76,73.054,14.4597,237.288,18.387,47.43,0
AERO-000898,LOT-2501-0040,06-janv-2025 23:22:00,M01,AL7075,USINAGE,SOIR,FOUR_B,49.839,124.837,7.982,300.65,1.243,15.222,27.792,1.164,4.711,73.079,441.38,86.729,14.4359,195.615,19.395,49.39,0
AERO-000899,LOT-2510-0010,17-oct-2025 05:33:00,M03,AL7075,USINAGE,MATIN,FOUR_A,49.97,124.641,NaN,300.298,1.091,21.891,33.779,1.552,6.013,68.799,400.35,77.147,14.5045,189.121,17.927,39.94,0
AERO-000900,LOT-2601-0178,19-janv-2026 10:06:00,M05,AL7075,TRAITEMENT,NUIT,FOUR_D,49.955,124.3,7.844,301.558,0.982,13.649,27.515,1.813,5.068,69.471,487.6,84.114,14.0291,213.168,17.79,30.14,0
AERO-000901,LOT-2504-0173,23-avr-2025 04:11:00,M05,AL7075,TRAITEMENT,SOIR,FOUR_C,50.005,125.278,8.067,299.987,2.249,14.068,34.918,1.691,4.667,69.057,406.45,80.564,14.3742,213.263,22.482,45.38,1
AERO-000902,LOT-2503-0145,27-mars-2025 14:47:00,M04,TI6AL4V,USINAGE,MATIN,FOUR_A,50.059,125.027,7.963,NaN,1.123,21.972,36.016,1.013,4.955,67.074,444.65,NaN,14.4059,228.868,NaN,47.31,0
AERO-000903,LOT-2601-0202,15-janv-2026 09:04:00,M02,AL7075,CONTROLE,NUIT,FOUR_C,50.08,124.639,8.084,302.989,1.349,22.302,43.858,2.08,7.499,70.815,404.57,81.756,14.3293,196.17,17.023,32.57,1
AERO-000904,LOT-2510-0063,07-oct-2025 23:26:00,M06,AL7075,CONTROLE,SOIR,FOUR_C,49.952,124.876,7.974,300.229,1.033,17.707,35.61,1.553,5.056,70.574,422.3,82.988,14.4471,208.647,20.939,NaN,0
AERO-000905,LOT-2506-0064,26-juin-2025 21:29:00,M03,INCONEL718,USINAGE,MATIN,FOUR_A,50.245,125.238,8,317.948,0.895,17.07,32.672,1.448,4.533,84.65,516.91,66.447,15.6757,253.123,19.288,48.86,1
AERO-000906,LOT-2510-0137,31-oct-2025 04:01:00,M04,INCONEL718,USINAGE,SOIR,FOUR_D,49.849,124.255,8.018,327.41,1.555,20.764,40.129,1.287,4.392,70.322,412.78,72.612,14.7683,255.184,19.76,40.72,0
AERO-000907,LOT-2505-0199,20-mai-2025 15:49:00,M02,AL7075,CONTROLE,MATIN,FOUR_C,50.202,125.738,7.924,301.538,1.202,16.314,35.433,1.615,5.121,78.45,257.61,66.598,14.9269,193.959,19.579,26.14,1
AERO-000908,LOT-2504-0128,23-avr-2025 16:54:00,M04,AL7075,TRAITEMENT,SOIR,FOUR_C,49.989,125.024,8.074,304.465,1.289,17.316,36.025,1.282,5.784,70.365,434.65,75.775,14.3206,200.739,17.879,50.26,0
AERO-000909,LOT-2504-0180,05-avr-2025 05:04:00,M03,AL7075,USINAGE,NUIT,FOUR_A,50.092,124.754,7.961,299.797,1.608,20.947,31.014,0.922,5.037,63.606,487.71,79.48,14.2917,188.362,18.147,47.88,0
AERO-000910,LOT-2501-0153,10-janv-2025 00:48:00,M05,TI6AL4V,USINAGE,SOIR,FOUR_D,50.108,125.207,7.977,313.438,1.225,20.464,36.334,1.545,4.783,69.228,402.97,77.127,14.2092,226.756,20.062,47.78,0
AERO-000911,LOT-2602-0078,09-févr-2026 09:25:00,M03,TI6AL4V,USINAGE,NUIT,FOUR_C,50.242,124.673,8.078,320.464,0.942,15.956,30.302,1.232,5.136,67.211,387.56,76.394,14.471,240.81,21.453,40.2,0
AERO-000912,LOT-2508-0185,09-août-2025 08:05:00,M02,AL7075,USINAGE,MATIN,FOUR_D,50.055,124.471,7.906,299.114,1.501,20.898,34.215,1.363,4.81,65.802,316.86,83.881,14.4152,199.916,19.006,53.56,0
AERO-000913,LOT-2509-0002,11-sept-2025 09:39:00,M04,TI6AL4V,CONTROLE,SOIR,FOUR_A,50.195,124.912,7.953,314.6,1.322,18.868,32.67,1.459,5.984,79.018,228.79,73.022,15.0461,229.192,18.902,62.84,1
AERO-000914,LOT-2501-0172,12-janv-2025 23:27:00,M05,TI6AL4V,CONTROLE,SOIR,FOUR_A,49.811,122.997,7.945,313.456,1.314,40.521,34.788,1.885,6.144,67.808,427.47,76.306,14.2879,235.698,17.083,45.67,1
AERO-000915,LOT-2508-0209,12-août-2025 21:36:00,M02,AL7075,USINAGE,SOIR,FOUR_A,50.019,124.991,8.025,300.448,0.991,23.432,34.712,1.513,5.484,67.228,428.31,83.927,14.3669,197.457,19.144,47.04,0
AERO-000916,LOT-2503-0201,21-mars-2025 05:01:00,M06,AL7075,CONTROLE,NUIT,FOUR_C,49.792,125.851,8.043,302.597,1.123,25.424,44.221,3.743,8.965,69.242,444.27,80.443,14.4702,188.214,19.62,49.03,1
AERO-000917,LOT-2503-0044,30-mars-2025 03:51:00,M01,INCONEL718,USINAGE,MATIN,FOUR_D,50.247,125.015,7.989,320.263,1.104,16.453,31.913,1.644,5.345,64.816,433.65,68.125,14.5004,251.363,20.155,43.61,0
AERO-000918,LOT-2508-0209,29-août-2025 13:00:00,M03,TI6AL4V,TRAITEMENT,SOIR,FOUR_B,49.886,124.962,8.075,311.426,0.955,23.461,31.545,0.583,4.404,64.568,399.82,79.366,14.6393,232.394,15.769,37.91,0
AERO-000919,LOT-2503-0012,19-mars-2025 10:10:00,M03,TI6AL4V,TRAITEMENT,NUIT,FOUR_A,50.256,124.729,7.982,NaN,0.954,16.313,31.74,1.445,5.889,65.824,456.02,79.848,14.3247,240.686,16.986,34.11,0
AERO-000920,LOT-2506-0144,10-juin-2025 01:46:00,M02,AL7075,TRAITEMENT,SOIR,FOUR_A,49.79,124.912,7.84,300.268,1.399,20.017,34.369,1.344,4.96,65.693,423.87,79.608,14.4615,205.164,18.807,46.99,0
AERO-000921,LOT-2602-0005,27-févr-2026 01:02:00,M01,TI6AL4V,USINAGE,MATIN,FOUR_B,49.973,125.126,8.056,313.247,1.142,20.131,33.335,0.985,5.247,69.415,394.03,74.248,14.5299,238.289,19.094,43.37,0
AERO-000922,LOT-2507-0072,08-juil-2025 12:01:00,M06,INCONEL718,TRAITEMENT,MATIN,FOUR_C,50.213,124.584,8.04,313.072,1.923,22.513,37.181,1.61,5.535,70.688,431.42,67.158,14.8067,238.528,19.356,36.76,1
AERO-000923,LOT-2504-0197,09-avr-2025 04:22:00,M05,AL7075,USINAGE,NUIT,FOUR_D,50.274,125.029,8.029,303.394,1.36,15.679,28.735,1.603,5.686,65.132,411.52,72.171,14.3402,200.402,20.488,42.71,0
AERO-000924,LOT-2511-0061,15-nov-2025 13:17:00,M06,AL7075,TRAITEMENT,NUIT,FOUR_A,50.013,124.559,8.063,303.6,1.14,23.269,41.53,2.212,6.336,71.978,436,80.957,14.1309,204.87,18.437,45.47,0
AERO-000925,LOT-2503-0188,29-mars-2025 09:30:00,M03,AL7075,CONTROLE,MATIN,FOUR_A,49.697,124.875,7.996,301.735,1.121,14.858,30.205,1.623,6.059,72.766,431.81,NaN,14.632,207.335,18.576,35.26,0
AERO-000926,LOT-2504-0190,14-avr-2025 10:08:00,M05,AL7075,TRAITEMENT,SOIR,FOUR_C,50.299,124.307,7.898,301.155,1.16,16.193,35.286,1.436,5.263,66.77,429.24,81.981,14.3604,196.945,19.629,46.2,0
AERO-000927,LOT-2602-0128,14-févr-2026 11:07:00,M02,AL7075,CONTROLE,MATIN,FOUR_A,49.888,125.593,8.025,301.023,0.907,26.052,31.65,1.368,5.305,63.09,397.4,81.089,14.5134,195.321,18.948,28.04,0
AERO-000928,LOT-2501-0161,14-janv-2025 01:27:00,M03,INCONEL718,CONTROLE,MATIN,FOUR_A,50.571,126.069,7.995,322.973,1.47,33.4,32.25,1.071,4.444,69.156,436.2,72.833,16.602,264.145,19.547,37.78,1
AERO-000929,LOT-2503-0212,29-mars-2025 23:55:00,M03,TI6AL4V,TRAITEMENT,MATIN,FOUR_B,50.007,125.068,7.871,317.397,1.154,15.968,35.509,0.739,4.374,68.754,402.35,81.136,14.4301,249.711,17.765,48.87,0
AERO-000930,LOT-2505-0149,30-mai-2025 08:47:00,M06,AL7075,TRAITEMENT,MATIN,FOUR_C,49.942,124.56,8.008,293.35,1.856,20.877,37.416,1.519,4.125,70.792,376.7,NaN,14.4463,175.325,18.462,27.33,1
AERO-000931,LOT-2510-0118,06-oct-2025 14:51:00,M05,AL7075,TRAITEMENT,MATIN,FOUR_A,50.111,125.472,7.966,302.293,2.162,20.627,35.272,2.065,6.452,63.263,452.93,77.209,14.4807,193.051,31.315,40.9,1
AERO-000932,LOT-2509-0234,02-sept-2025 00:04:00,M06,TI6AL4V,TRAITEMENT,MATIN,FOUR_A,50.154,124.952,7.999,313.041,0.941,15,34.379,1.468,5.255,63.964,360.96,76.915,14.6639,235.849,19.949,29.33,0
AERO-000933,LOT-2505-0158,06-mai-2025 01:43:00,M01,INCONEL718,CONTROLE,MATIN,FOUR_D,49.602,125.668,7.922,317.116,0.792,13.111,38.276,1.202,4.62,69.377,450.82,69.845,14.1361,261.277,18.426,55.05,0
AERO-000934,LOT-2506-0036,23-juin-2025 12:44:00,M01,TI6AL4V,CONTROLE,MATIN,FOUR_A,50.077,125.67,7.984,307.434,1.399,21.603,35.133,1.016,5.179,66.139,437.16,69.523,14.3899,231.862,18.835,38.31,0
AERO-000935,LOT-2501-0067,02-janv-2025 05:40:00,M06,AL7075,CONTROLE,SOIR,FOUR_B,50.038,125.235,7.999,302.443,0.92,18.053,33.521,1.74,6.135,70.81,465.94,77.339,14.271,197.101,18.768,46.5,0
AERO-000936,LOT-2601-0206,04-janv-2026 10:59:00,M04,INCONEL718,USINAGE,SOIR,FOUR_B,50.069,125.508,7.955,325.282,1.046,20.365,34.219,1.548,5.162,63.145,461.42,67.949,14.55,267.78,17.62,49.79,0
AERO-000937,LOT-2505-0122,20-mai-2025 13:48:00,M03,AL7075,TRAITEMENT,MATIN,FOUR_B,50.147,125.356,7.882,304.679,1.177,17.935,34.94,0.52,3.68,69.53,374.29,77.468,14.5545,204.989,18.804,54.39,0
AERO-000938,LOT-2601-0109,10-janv-2026 13:05:00,M05,INCONEL718,TRAITEMENT,MATIN,FOUR_B,50.276,125.187,7.803,319.5,0.935,19.302,35.245,1.824,5.857,68.972,476.05,78.949,14.4725,263.808,17.078,49.79,0
AERO-000939,LOT-2501-0222,06-janv-2025 22:49:00,M01,AL7075,CONTROLE,MATIN,FOUR_C,49.695,125.13,8.005,302.035,0.803,17.422,NaN,1.364,5.168,69.64,392.1,78.551,14.8477,196.576,19.127,42.85,0
AERO-000940,LOT-2511-0114,10-nov-2025 22:19:00,M02,INCONEL718,USINAGE,NUIT,FOUR_B,49.843,125.347,8.067,324.076,1.06,14.828,28.444,1.708,5.561,67.666,384.19,69.824,14.5201,262.564,19.392,49.54,0
AERO-000941,LOT-2506-0162,19-juin-2025 05:27:00,M02,AL7075,USINAGE,MATIN,FOUR_A,50.241,125.546,8.02,302.419,1.263,21.917,35.604,0.773,5.422,65.762,463.16,81.947,14.6131,211.29,18.236,51.11,0
AERO-001799,LOT-2506-0143,14-juin-2025 08:01:00,M02,AL7075,CONTROLE,NUIT,FOUR_C,50.135,124.703,8.069,305.849,0.954,17.098,38.095,1.543,5.648,68.462,424.01,79.25,14.7089,204.8,19.818,40.38,0
AERO-000943,LOT-2510-0206,11-oct-2025 18:55:00,M03,AL7075,CONTROLE,SOIR,FOUR_C,49.943,125.148,8.089,298.721,1.026,18.543,30.317,1.002,3.81,65.445,376.95,78.753,14.4702,192.359,20.897,44.44,0
AERO-000944,LOT-2510-0068,25-oct-2025 10:59:00,M01,TI6AL4V,USINAGE,MATIN,FOUR_D,49.793,123.903,8.049,315.074,1.192,16.676,38.946,1.47,5.213,70.313,430.17,77.313,14.7257,244.753,19.111,56.86,0
AERO-000945,LOT-2602-0109,09-févr-2026 10:24:00,M02,AL7075,USINAGE,SOIR,FOUR_A,49.6,124.975,8.036,305.068,1.05,15.488,33.145,1.103,4.785,69.893,355.7,77.474,14.5037,193.809,17.99,45.08,0
AERO-000946,LOT-2511-0192,01-nov-2025 17:29:00,M01,AL7075,TRAITEMENT,MATIN,FOUR_C,50.006,124.941,7.904,307.105,1.115,21.404,28.224,1.079,5.191,66.993,392.88,80.611,14.2663,195.944,18.474,47.53,0
AERO-000947,LOT-2507-0119,24-juil-2025 23:18:00,M01,AL7075,USINAGE,NUIT,FOUR_A,49.702,124.959,8.011,301.862,0.982,20.184,29.076,1.096,4.849,69.356,375.23,80.227,14.6133,199.065,18.45,32.82,0
AERO-001749,LOT-2501-0156,10-janv-2025 23:45:00,M03,AL7075,USINAGE,SOIR,FOUR_D,49.856,125.194,8.02,302.977,0.971,13.839,30.599,1.579,4.818,70.401,368.07,80.759,14.7374,198.54,18.178,33.19,0
AERO-000949,LOT-2503-0142,02-mars-2025 03:36:00,M05,AL7075,CONTROLE,MATIN,FOUR_D,50.073,124.628,8.116,299.079,1.133,12.146,30.227,1.441,4.996,68.483,354.12,79.154,14.5069,198.478,17.092,52.25,0
AERO-000950,LOT-2509-0090,08-sept-2025 21:48:00,M03,AL7075,USINAGE,MATIN,FOUR_B,50.089,124.846,8.082,305.475,1.008,14.757,30.01,1.436,5.365,70.81,448.35,80.508,14.3823,204.559,20.503,33.62,0
AERO-000951,LOT-2602-0027,24-févr-2026 02:29:00,M06,AL7075,CONTROLE,SOIR,FOUR_A,50.016,125.36,NaN,302.655,1.245,13.402,34.136,1.76,4.883,72.212,422.92,82.136,14.5811,196.005,19.984,41.64,0
AERO-000952,LOT-2503-0024,27-mars-2025 20:32:00,M06,AL7075,USINAGE,MATIN,FOUR_C,49.992,125.379,8.03,303.294,0.893,17.393,32.701,1.56,5.267,63.445,486.47,81.287,14.5041,207.272,19.5,53.5,0
AERO-000953,LOT-2503-0047,30-mars-2025 15:14:00,M04,AL7075,USINAGE,MATIN,FOUR_B,49.906,124.771,8,302.434,0.822,14.887,31.624,1.316,5.551,77.04,546.75,70.069,15.2001,201.439,21.128,61.09,1
AERO-000954,LOT-2506-0098,26-juin-2025 09:51:00,M06,TI6AL4V,CONTROLE,SOIR,FOUR_A,50.064,125.461,8.005,318.375,1.016,15.17,30.966,1.587,5.3,79.772,319.73,53.416,15.0761,241.484,18.54,44.12,1
AERO-000955,LOT-2504-0161,10-avr-2025 12:00:00,M01,INCONEL718,TRAITEMENT,MATIN,FOUR_B,49.893,125.041,8.077,320.783,1.01,15.678,31.518,1.224,4.981,73.046,411.67,72.108,14.4315,263.121,16.581,34.11,0
AERO-000956,LOT-2510-0058,18-oct-2025 06:31:00,M01,TI6AL4V,USINAGE,NUIT,FOUR_D,50.018,125.506,7.968,316.218,0.901,16.209,33.024,1.377,5.732,68.387,493.26,79.964,NaN,236.638,18.433,28.25,0
AERO-000957,LOT-2509-0097,10-sept-2025 10:23:00,M03,TI6AL4V,TRAITEMENT,SOIR,FOUR_A,49.681,124.908,7.996,310.3,1.093,12.877,32.392,1.198,5.201,62.562,459.27,80.372,14.4518,236.351,18.251,38.54,0
AERO-000958,LOT-2603-0236,01-mars-2026 18:28:00,M03,AL7075,TRAITEMENT,SOIR,FOUR_A,50.082,124.64,8.009,302.568,1.376,17.808,30.096,1.471,5.437,67.188,396.46,80.135,14.3269,201.582,19.873,41.81,0
AERO-000959,LOT-2501-0214,30-janv-2025 02:38:00,M04,TI6AL4V,CONTROLE,MATIN,FOUR_B,50.177,125.217,7.94,321.604,2.235,21.719,29.339,1.037,4.769,67.517,386.66,72.303,14.5357,205.002,20.418,29.51,1
AERO-000960,LOT-2511-0083,14-nov-2025 18:29:00,M04,AL7075,CONTROLE,NUIT,FOUR_A,50.095,124.721,7.889,303.458,1.048,16.342,36.947,0.889,4.178,78.155,539.91,67.937,15.7791,185.857,18.367,43.49,1
AERO-000961,LOT-2501-0238,16-janv-2025 14:05:00,M03,TI6AL4V,USINAGE,NUIT,FOUR_B,49.792,125.403,7.95,315.159,0.636,23.423,34.793,NaN,3.604,65.877,480.6,72.536,14.6524,239.422,18.958,43.02,0
AERO-000962,LOT-2509-0188,06-sept-2025 18:38:00,M03,AL7075,USINAGE,NUIT,FOUR_B,49.751,124.298,7.991,301.9,1.467,15.765,30.718,0.771,4.369,79.369,553.67,61.461,15.3307,195.874,18.212,44.68,1
AERO-000963,LOT-2508-0174,22-août-2025 08:24:00,M02,AL7075,USINAGE,MATIN,FOUR_B,49.969,125.616,7.868,300.757,1.188,10.803,40.674,3.215,6.954,67.098,424.94,80.924,14.6081,191.677,18.954,48.44,1
AERO-000964,LOT-2509-0097,01-sept-2025 18:19:00,M01,INCONEL718,USINAGE,MATIN,FOUR_C,49.849,124.632,7.903,317.778,1.181,18.942,34.489,1.168,4.828,71.397,394.3,75.309,14.8006,251.366,19.193,47.31,0
AERO-000965,LOT-2504-0205,07-avr-2025 14:41:00,M03,TI6AL4V,USINAGE,MATIN,FOUR_C,50.241,124.149,NaN,313.105,1.023,12.357,35.517,1.761,5.582,66.629,421.52,75.08,14.4564,228.135,20.91,33.12,0
AERO-000966,LOT-2506-0176,29-juin-2025 02:51:00,M02,TI6AL4V,TRAITEMENT,MATIN,FOUR_A,50.006,125.678,8.08,312.538,1.078,12.059,32.457,0.949,4.142,66.664,446.56,77.249,14.4808,243.186,22.125,20.65,0
AERO-000967,LOT-2503-0118,09-mars-2025 12:04:00,M06,INCONEL718,USINAGE,SOIR,FOUR_A,49.772,124.79,7.914,322.424,1.128,17.626,37.397,1.556,4.548,68.803,446.65,78.727,14.4727,255.385,20.022,61.85,0
AERO-000968,LOT-2507-0086,30-juil-2025 00:07:00,M01,INCONEL718,USINAGE,MATIN,FOUR_D,50.097,125.233,8.006,323.831,1.004,25.327,32.295,1.202,5.011,73.238,435.6,72.87,14.6412,244.003,17.398,40.9,0
AERO-000969,LOT-2502-0194,24-févr-2025 00:25:00,M05,AL7075,CONTROLE,MATIN,FOUR_D,50.005,124.8,8.051,304.17,1.323,20.864,34.927,1.539,5.464,70.169,394.95,85.61,14.243,199.528,18.269,32.9,0
AERO-000970,LOT-2506-0106,16-juin-2025 15:47:00,M04,AL7075,USINAGE,MATIN,FOUR_D,50.017,125.472,8.044,306.709,1.342,17.912,34.56,1.233,4.685,70.462,450.21,79.087,14.6132,196.257,19.214,45.01,0
AERO-000971,LOT-2602-0142,10-févr-2026 23:37:00,M04,AL7075,USINAGE,MATIN,,50.102,124.413,7.977,300.461,1.071,19.344,31.006,1.682,5.61,60.692,395.87,83.092,14.457,184.462,18.465,40.82,0
AERO-000972,LOT-2502-0219,17-févr-2025 19:27:00,M04,AL7075,USINAGE,NUIT,FOUR_A,50.745,125.703,7.961,306.949,0.986,31.512,32.514,1.479,5.325,72.249,418.92,81.119,14.6758,200.193,19.343,43.59,1
AERO-000973,LOT-2508-0195,10-août-2025 09:48:00,M04,AL7075,CONTROLE,SOIR,FOUR_A,50.101,125.512,7.974,298.391,0.904,20.291,31.6,1.192,4.973,66.479,454.35,83.627,14.6379,205.051,19.095,38.83,0
AERO-000974,LOT-2508-0065,13-août-2025 09:28:00,M04,AL7075,USINAGE,MATIN,FOUR_B,49.908,125.056,7.937,301.849,1.13,10.919,25.833,1.277,5.89,65.795,478.89,90.073,14.4868,204.96,21.344,17.66,0
AERO-000975,LOT-2501-0193,19-janv-2025 17:54:00,M05,TI6AL4V,USINAGE,SOIR,FOUR_A,50.196,125.026,7.934,316.558,1.435,16.542,44.698,3.218,9.125,70.928,420.08,80.315,14.6184,231.877,17.149,34.03,1
AERO-000976,LOT-2510-0080,20-oct-2025 04:04:00,M01,AL7075,CONTROLE,MATIN,FOUR_C,49.957,124.814,7.959,304.709,0.803,19.213,30.857,1.861,5.196,70.418,355.34,86.031,14.6741,196.672,20.742,44.54,0
AERO-000977,LOT-2511-0156,09-nov-2025 01:10:00,M05,INCONEL718,TRAITEMENT,NUIT,FOUR_D,49.913,125.074,8.106,320.597,0.913,13.701,44.401,3.216,8.881,66.249,464.19,73.039,14.6302,256.06,19.47,31.11,1
AERO-000978,LOT-2504-0158,13-avr-2025 15:50:00,M06,INCONEL718,CONTROLE,NUIT,FOUR_D,49.776,124.841,8.078,325.38,1.136,20.454,33.435,2.017,6.201,71.127,413.93,81.979,14.249,266.96,20.029,46.49,0
AERO-000979,LOT-2602-0134,24-févr-2026 23:50:00,M04,TI6AL4V,CONTROLE,MATIN,FOUR_A,49.899,125.427,8.028,315.812,2.019,18.009,33.637,1.306,4.928,67.235,409.57,76.042,14.5282,243.937,22.148,42.51,1
AERO-000980,LOT-2512-0069,02-déc-2025 22:58:00,M04,AL7075,TRAITEMENT,MATIN,FOUR_A,50.02,125.385,8.051,302.426,1.019,19.717,38.556,1.767,6.166,66.773,461.3,85.37,14.6485,191.013,19.619,48.84,0
AERO-000981,LOT-2507-0151,27-juil-2025 01:30:00,M04,AL7075,USINAGE,MATIN,FOUR_A,50.041,124.871,8.102,302.315,0.914,26.866,30.098,1.525,5.746,65.002,406.9,85.311,14.7096,197.461,20.294,48.05,0
AERO-000982,LOT-2505-0024,25-mai-2025 05:48:00,M06,AL7075,USINAGE,SOIR,FOUR_A,49.777,124.519,7.907,300.253,1.263,10.305,34.476,1.829,5.57,67.666,457.84,83.53,14.4542,218.616,17.156,35.25,0
AERO-000983,LOT-2502-0178,27-févr-2025 00:45:00,M03,AL7075,TRAITEMENT,SOIR,FOUR_C,49.973,125.132,7.989,304.815,1.319,16.292,32.803,1.71,5.725,73.968,435.57,80.717,14.5196,206.965,17.928,45.15,0
AERO-000984,LOT-2503-0161,24-mars-2025 05:20:00,M04,AL7075,CONTROLE,MATIN,FOUR_A,50.176,125.849,8.025,296.163,1.308,10.591,47.129,2.658,7.555,72.572,388.35,82.043,14.169,202.813,17.534,35.87,1
AERO-000985,LOT-2503-0202,20-mars-2025 22:20:00,M05,INCONEL718,USINAGE,SOIR,FOUR_D,49.963,124.746,7.856,326.051,1.043,12.761,37.845,1.688,5.422,85.159,641.98,50.62,15.4652,252.97,19.821,38.43,1
AERO-000986,LOT-2502-0074,02-févr-2025 19:48:00,M02,TI6AL4V,USINAGE,NUIT,FOUR_C,49.94,125.189,8.004,309.43,1.451,17.626,29.203,1.365,5.56,71.955,463.74,78.356,14.4194,235.37,20.999,NaN,0
AERO-000987,LOT-2509-0131,19-sept-2025 02:32:00,M04,TI6AL4V,CONTROLE,NUIT,FOUR_A,49.919,125.429,7.744,318.893,0.974,20.257,29.414,1.282,5.342,82.792,303.55,NaN,15.2808,228.418,19.012,38.97,1
AERO-000988,LOT-2503-0240,02-mars-2025 15:16:00,M05,AL7075,USINAGE,MATIN,FOUR_A,50.069,125.221,7.932,303.223,1.199,19.129,36.239,1.288,4.478,68.586,438.18,87.724,14.3743,205.91,16.831,43.56,0
AERO-000989,LOT-2502-0108,17-févr-2025 18:03:00,M01,AL7075,CONTROLE,MATIN,FOUR_C,49.96,125.452,7.971,305.132,1.071,18.28,35.286,1.435,4.518,67.964,470.13,81.536,14.2398,208.534,19.392,39.74,0
AERO-000990,LOT-2603-0202,02-mars-2026 04:20:00,M04,AL7075,USINAGE,SOIR,FOUR_D,50.234,125.099,7.975,302.423,1.086,17.776,31.68,1.144,5.21,66.17,398.03,86.154,14.3414,200.521,19.188,39.49,0
AERO-000991,LOT-2510-0216,28-oct-2025 03:37:00,M01,TI6AL4V,USINAGE,NUIT,FOUR_C,50.119,125.677,8.052,313.818,1.101,22.536,32.483,1.145,5.291,70.415,494.27,76.931,14.7007,239.036,17.766,37.16,0
AERO-000992,LOT-2503-0157,19-mars-2025 06:19:00,M01,INCONEL718,USINAGE,SOIR,FOUR_A,49.95,125.235,8.1,321.381,1.306,16.865,31.362,1.028,3.816,69.474,440.72,73.573,14.3437,256.594,17.566,53.39,0
AERO-000993,LOT-2503-0057,31-mars-2025 09:58:00,M02,AL7075,TRAITEMENT,SOIR,FOUR_B,49.909,125.268,8.101,303.128,1.503,22.31,30.755,1.593,5.529,70.522,438.23,77.834,13.9381,184.847,18.844,45.1,0
AERO-000994,LOT-2512-0096,27-déc-2025 15:49:00,M05,TI6AL4V,TRAITEMENT,MATIN,FOUR_A,49.965,125.469,7.939,312.569,1.161,23.772,33.843,1.455,4.497,73.384,446.2,NaN,14.6775,218.316,18.211,43.6,0
AERO-000995,LOT-2511-0009,15-nov-2025 17:53:00,M01,AL7075,USINAGE,MATIN,FOUR_D,49.876,124.912,8.026,300.482,1.116,23.237,34.771,1.24,4.672,72.265,425.21,79.676,14.018,196.972,17.468,46.28,0
AERO-000996,LOT-2602-0204,23-févr-2026 00:14:00,M03,INCONEL718,USINAGE,NUIT,FOUR_A,50.105,124.45,8.007,328.586,1.884,23.774,30.906,1.226,4.72,68.417,456.9,64.958,14.3831,238.175,19.641,30.92,1
AERO-000997,LOT-2502-0053,02-févr-2025 00:40:00,M01,AL7075,USINAGE,MATIN,FOUR_B,49.838,125.4,7.861,300.886,0.952,19.338,34.637,1.004,4.95,69.294,435.42,79.224,13.9632,203.841,20.953,44.47,0
AERO-000998,LOT-2503-0114,23-mars-2025 02:53:00,M04,TI6AL4V,CONTROLE,SOIR,FOUR_B,50.214,125.351,7.947,311.906,1.081,20.874,34.793,1.453,5.13,65.896,400.96,79.017,14.5997,236.181,19.604,32.6,0
AERO-000999,LOT-2505-0168,21-mai-2025 23:00:00,M06,AL7075,CONTROLE,SOIR,FOUR_B,50.083,124.605,8.05,296.307,0.935,19.746,30.512,2.161,6.482,72.425,446.22,80.58,14.4742,213.858,18.09,60.41,0
AERO-001000,LOT-2503-0126,25-mars-2025 16:37:00,M06,TI6AL4V,USINAGE,MATIN,FOUR_B,49.956,125.173,8.008,312.963,1.206,18.758,37.635,1.577,5.005,68.922,386.7,75.921,14.601,225.938,19.51,46.95,0
AERO-001001,LOT-2508-0181,15-août-2025 14:26:00,M05,AL7075,TRAITEMENT,MATIN,FOUR_A,50.045,125.033,8.033,305.55,1.23,18.789,35.83,1.775,5.538,81.09,318.93,64.474,14.8769,NaN,18.771,48.94,1
AERO-001002,LOT-2507-0019,04-juil-2025 04:28:00,M06,INCONEL718,USINAGE,SOIR,FOUR_D,50.063,125.019,8.04,322.722,1.318,12.944,31.958,1.898,5.097,70.693,496.21,69.514,14.7544,263.304,18.648,28.1,0
AERO-001003,LOT-2508-0172,30-août-2025 12:37:00,M02,AL7075,USINAGE,SOIR,FOUR_D,49.893,125.299,7.981,301.608,2.248,11.87,32.675,1.795,6.14,67.305,407.9,82.537,14.5748,189.411,15.37,37.19,1
AERO-001004,LOT-2501-0165,08-janv-2025 13:28:00,M05,INCONEL718,CONTROLE,SOIR,FOUR_A,50.03,124.755,7.995,319.792,1.111,18.072,35.236,1.493,5.035,73.727,570.25,58.73,14.9161,251.538,19.734,46.26,1
AERO-001005,LOT-2601-0038,08-janv-2026 07:15:00,M06,AL7075,USINAGE,MATIN,FOUR_B,49.853,124.457,7.887,301.827,2.398,21.947,34.17,1.733,5.986,73.382,370.26,81.244,14.5873,189.957,15.454,57.03,1
AERO-001006,LOT-2509-0210,04-sept-2025 12:11:00,M05,TI6AL4V,USINAGE,SOIR,FOUR_A,49.897,124.444,8.194,312.41,1.451,16.347,38.488,1.506,5.416,82.757,481.56,68.467,15.2824,228.645,18.114,47.37,1
AERO-001007,LOT-2507-0174,31-juil-2025 06:45:00,M01,TI6AL4V,CONTROLE,SOIR,FOUR_B,49.832,124.598,7.953,314.391,0.729,20.114,33.07,1.446,5.098,63.891,408.28,77.215,14.8247,234.958,21.515,38.46,0
AERO-001008,LOT-2509-0110,21-sept-2025 19:16:00,M06,AL7075,USINAGE,MATIN,FOUR_C,50.512,125.58,7.997,307.113,1.028,32.809,33.791,NaN,5.08,66.862,406.53,83.853,14.2904,197.855,20.327,39.64,1
AERO-001009,LOT-2505-0029,27-mai-2025 20:29:00,M03,TI6AL4V,TRAITEMENT,MATIN,FOUR_C,50.021,124.978,8.035,319.108,1.087,15.767,32.381,1.427,5.321,67.827,394.85,82.415,14.2967,238.767,19.402,37.99,0
AERO-001010,LOT-2506-0018,06-juin-2025 23:14:00,M01,AL7075,USINAGE,SOIR,FOUR_B,49.899,124.779,7.95,298.927,1.053,18.648,29.633,1.348,5.039,64.049,475.81,78.737,14.3486,190.962,19.736,46.19,0
AERO-001011,LOT-2511-0044,20-nov-2025 20:48:00,M06,INCONEL718,CONTROLE,MATIN,FOUR_B,49.825,124.788,7.995,320.962,1.065,20.515,37.3,1.891,5.941,68.167,413.43,74.359,14.5583,253.873,18.121,44.49,0
AERO-001012,LOT-2510-0171,29-oct-2025 00:50:00,M04,AL7075,USINAGE,MATIN,FOUR_A,50.033,124.971,7.948,305.759,0.877,17.626,32.176,1.56,4.522,66.944,384.76,80.743,14.6819,200.847,19.474,51.47,0
AERO-001013,LOT-2506-0018,22-juin-2025 13:45:00,M04,TI6AL4V,USINAGE,SOIR,FOUR_B,49.976,125.367,7.975,314.691,1.015,22.118,31.715,1.318,5.386,66.696,433.81,75.608,14.5147,226.687,20.743,47.25,0
AERO-001014,LOT-2503-0127,30-mars-2025 03:05:00,M01,AL7075,USINAGE,NUIT,FOUR_A,50.121,125.301,8.088,301.934,1.079,17.064,32.857,1.705,5.552,70.748,442.31,83.788,14.6847,205.759,17.965,48.36,0
AERO-001015,LOT-2509-0022,09-sept-2025 03:31:00,M05,TI6AL4V,USINAGE,SOIR,FOUR_A,49.957,124.81,7.987,309.567,1.223,19.797,40.071,3.533,9.125,65.397,352.91,70.301,14.2886,239.228,19.995,36.74,1
AERO-001016,LOT-2504-0119,10-avr-2025 22:45:00,M05,AL7075,TRAITEMENT,MATIN,FOUR_D,49.995,125.687,7.972,299.536,0.851,17.114,47.764,3.568,9.342,68.737,443.15,70.777,14.6625,217.979,20.052,37.67,1
AERO-001017,LOT-2506-0045,02-juin-2025 10:35:00,M02,AL7075,TRAITEMENT,MATIN,FOUR_A,49.922,124.877,8.037,302.554,2.747,16.282,32.703,0.947,4.568,68.477,431.4,77.213,14.3568,208.75,23.077,19.68,1
AERO-001018,LOT-2602-0069,10-févr-2026 14:45:00,M01,AL7075,USINAGE,SOIR,FOUR_C,49.99,125.156,7.963,300.849,0.796,18.365,31.933,1.656,6.38,71.077,355.98,79.851,14.9099,204.198,17.607,36.48,0
AERO-001019,LOT-2512-0098,07-déc-2025 03:59:00,M05,INCONEL718,USINAGE,NUIT,FOUR_A,49.849,124.785,8.03,326.733,0.937,20.121,34.487,1.785,5.239,67.965,425.95,68.033,14.7995,258.431,NaN,47.63,0
AERO-001020,LOT-2601-0220,31-janv-2026 11:02:00,M05,AL7075,USINAGE,MATIN,FOUR_D,50.013,NaN,8.127,296.333,1.182,17.14,36.797,1.725,5.735,71.314,407.18,80.451,14.7394,197.347,19.086,43.52,0
AERO-001021,LOT-2506-0202,05-juin-2025 22:28:00,M06,AL7075,USINAGE,MATIN,FOUR_B,49.942,NaN,7.86,300.833,0.977,16.219,39.334,1.736,5.832,69.953,433.62,81.991,14.222,206.237,20.76,54.34,0
AERO-001022,LOT-2506-0204,06-juin-2025 00:41:00,M04,TI6AL4V,USINAGE,MATIN,FOUR_A,49.896,124.644,8.05,309.024,0.927,20.972,30.251,1.453,5.264,71.689,429.34,68.973,14.6782,218.147,NaN,33.67,0
AERO-001023,LOT-2504-0164,23-avr-2025 20:11:00,M02,AL7075,CONTROLE,MATIN,FOUR_B,49.98,124.86,8.091,300.069,1.17,15.702,34.354,1.399,4.807,70.504,466.05,83.187,14.3898,207.04,19.613,40.99,0
AERO-001024,LOT-2508-0083,19-août-2025 05:17:00,M03,INCONEL718,USINAGE,MATIN,FOUR_C,49.991,125.289,8.026,321.404,1.185,15.723,43.122,2.701,6.954,69.25,486.59,73.898,14.5695,258.421,18.615,48.05,1
AERO-001025,LOT-2510-0121,21-oct-2025 23:55:00,M03,AL7075,TRAITEMENT,MATIN,FOUR_C,49.878,125.737,7.953,300.382,1.046,17.261,31.787,1.608,5.515,65.704,403.06,80.541,14.7659,199.682,20.02,39.96,0
AERO-001026,LOT-2512-0022,08-déc-2025 18:16:00,M01,AL7075,CONTROLE,NUIT,FOUR_D,49.923,125.433,8.009,302.197,NaN,18.446,33.24,1.27,5.266,69.409,472.3,83.146,14.5572,204.838,19.699,NaN,0
AERO-001027,LOT-2510-0022,01-oct-2025 12:29:00,M04,AL7075,USINAGE,MATIN,FOUR_A,50.077,125.102,8.045,302.539,1.304,16.463,34.515,1.523,5.183,68.329,495.77,79.367,14.5926,206.483,20.97,34.84,0
AERO-001028,LOT-2602-0193,09-févr-2026 08:27:00,M01,AL7075,USINAGE,MATIN,FOUR_A,49.798,125.129,7.948,308.879,1.166,13.273,30.527,1.526,4.876,66.185,476.14,80.827,14.6184,204.912,18.602,43.53,0
AERO-001029,LOT-2501-0101,04-janv-2025 16:15:00,M05,TI6AL4V,USINAGE,MATIN,FOUR_A,49.785,125.217,8.005,312.687,0.796,19.843,32.738,1.763,5.673,67.763,445.86,79.537,14.6658,241.853,19.404,41.98,0
AERO-001030,LOT-2510-0222,04-oct-2025 14:23:00,M03,AL7075,USINAGE,MATIN,FOUR_B,49.799,125.371,8.052,303.502,2.209,18.637,35.795,1.505,5.163,70.445,457.2,79.056,14.5154,210.579,18.853,30.32,1
AERO-001031,LOT-2511-0025,12-nov-2025 02:31:00,M04,INCONEL718,USINAGE,SOIR,FOUR_D,49.911,124.858,8.085,322.522,2.482,21.601,33.498,1.484,5.604,67.162,439.34,76.368,14.5492,256.017,16.923,39.53,1
AERO-001032,LOT-2511-0019,20-nov-2025 12:46:00,M05,AL7075,TRAITEMENT,MATIN,FOUR_A,50.065,125.359,8.055,300.428,1.765,16.632,32.123,2.23,5.098,73.405,434.99,82.449,14.2065,NaN,17.743,37.94,1
AERO-001033,LOT-2507-0026,04-juil-2025 14:50:00,M05,AL7075,CONTROLE,MATIN,FOUR_A,50.119,125.24,8.08,298.545,1.09,15.604,35.558,1.292,5.267,69.386,362.11,79.292,14.4678,203.738,18.593,39.06,0
AERO-001034,LOT-2510-0161,18-oct-2025 12:39:00,M03,AL7075,CONTROLE,MATIN,FOUR_D,50.021,125.033,7.827,298.201,0.984,12.999,43.404,2.277,7.21,65.937,378.34,77.735,14.3926,199.2,17.836,55.76,1
AERO-001035,LOT-2511-0108,06-nov-2025 12:04:00,M06,TI6AL4V,CONTROLE,SOIR,FOUR_D,50.045,125.382,7.863,318.237,1.109,13.461,41.678,2.118,5.792,63.833,353.96,76.753,14.4777,237.601,20.71,41.31,0
AERO-001036,LOT-2602-0098,14-févr-2026 18:02:00,M04,TI6AL4V,TRAITEMENT,SOIR,FOUR_B,50.107,124.732,8.021,311.491,1.112,15.664,31.238,1.533,5.637,65.904,380.19,76.949,14.6124,220.106,20.253,44.11,0
AERO-001037,LOT-2506-0001,05-juin-2025 00:12:00,M02,TI6AL4V,USINAGE,SOIR,FOUR_B,49.868,124.435,8.685,316.013,2.536,18.459,35.603,1.774,6.139,68.794,364.27,76.06,14.4603,233.657,16.273,44.78,1
AERO-001038,LOT-2510-0222,07-oct-2025 22:05:00,M02,TI6AL4V,USINAGE,MATIN,FOUR_B,49.83,124.951,7.997,318.044,1.125,4.142,35.135,1.6,5.516,64.802,499.91,74.149,14.1407,236.691,19.093,37.33,0
AERO-001039,LOT-2510-0072,19-oct-2025 06:27:00,M02,INCONEL718,USINAGE,MATIN,FOUR_B,50.086,124.825,7.964,323.936,0.83,16.667,35.018,1.083,4.623,68.704,410.73,67.754,14.6604,257.869,16.727,42.51,0
AERO-001040,LOT-2504-0103,07-avr-2025 10:03:00,M05,INCONEL718,TRAITEMENT,NUIT,FOUR_B,NaN,124.938,7.955,318.401,1.027,11.791,33.398,1.498,5.104,67.556,398.86,77.892,14.4973,246.092,18.742,52.81,0
AERO-001041,LOT-2509-0225,10-sept-2025 20:40:00,M01,TI6AL4V,CONTROLE,SOIR,FOUR_A,49.828,124.635,7.968,315.208,0.858,18.486,29.592,1.18,4.052,67.799,446.19,79.153,14.2752,235.84,19.637,42.87,0
AERO-001042,LOT-2509-0169,04-sept-2025 14:13:00,M01,TI6AL4V,CONTROLE,NUIT,FOUR_A,49.872,124.614,8.068,312.254,0.876,19.57,35.51,1.335,4.297,66.601,466.05,73.421,14.4513,249.989,19.331,49.95,0
AERO-001043,LOT-2511-0016,26-nov-2025 19:13:00,M06,TI6AL4V,TRAITEMENT,MATIN,FOUR_A,50.076,124.629,7.993,317.554,1.143,21.527,34.609,1.71,5.011,67.435,467.68,73.684,14.4599,239.212,17.336,48.75,0
AERO-001044,LOT-2503-0010,13-mars-2025 09:36:00,M05,AL7075,USINAGE,SOIR,FOUR_B,50.132,125.242,7.992,303.098,1.381,21.636,36.677,1.764,5.264,76.608,545.39,67.208,15.1569,206.788,19.203,38.58,1
AERO-001045,LOT-2503-0219,14-mars-2025 14:19:00,M03,AL7075,TRAITEMENT,SOIR,FOUR_D,49.944,124.775,8.033,303.073,1.009,21.033,34.866,1.271,4.118,66.94,410.62,79.574,14.1718,205.149,17.94,35.07,0
AERO-001046,LOT-2505-0022,29-mai-2025 15:36:00,M04,AL7075,CONTROLE,MATIN,FOUR_D,49.844,124.686,8.103,303.98,0.881,11.634,33.36,1.596,5.501,67.368,412.77,77.752,14.2294,191.22,17.621,43.83,0
AERO-001047,LOT-2509-0002,26-sept-2025 14:48:00,M04,AL7075,TRAITEMENT,MATIN,FOUR_C,49.94,125.02,8.01,306.746,1.137,20.977,29.102,1.292,NaN,65.662,450.63,81.998,14.3466,208.38,21.074,34.42,0
AERO-001048,LOT-2501-0145,28-janv-2025 12:46:00,M03,TI6AL4V,USINAGE,MATIN,FOUR_A,50.024,124.972,8.038,311.924,1.215,15.211,31.662,1.582,5.515,66.981,429.12,75.457,14.6002,237.328,19.438,47.6,0
AERO-001049,LOT-2510-0212,22-oct-2025 20:53:00,M01,TI6AL4V,CONTROLE,SOIR,FOUR_A,49.896,124.253,8.048,315.546,1.239,12.127,33.235,1.494,4.95,68.407,455.48,75.72,14.5208,231.873,18.642,42.82,0
AERO-001050,LOT-2506-0111,30-juin-2025 10:22:00,M02,AL7075,CONTROLE,NUIT,FOUR_A,50.128,124.309,8.014,304.551,0.636,28.538,34.425,1.217,4.856,69.254,401.88,83.386,14.377,197.227,19.875,43.05,0
AERO-001051,LOT-2511-0065,09-nov-2025 05:13:00,M04,INCONEL718,CONTROLE,NUIT,FOUR_C,49.478,123.319,8.083,320.166,1.176,30.474,33.123,1.226,4.829,67.984,451.07,77.606,14.5199,256.281,NaN,49.53,1
AERO-001052,LOT-2509-0206,17-sept-2025 03:29:00,M02,TI6AL4V,TRAITEMENT,SOIR,FOUR_C,50.492,125.285,7.938,314.524,0.939,12.775,37.419,1.044,4.541,65.039,435.33,74.874,14.314,237.411,20.748,40.72,0
AERO-001053,LOT-2504-0009,03-avr-2025 19:54:00,M04,AL7075,USINAGE,NUIT,FOUR_C,50.124,124.271,8.013,302.038,0.849,17.552,30.935,1.3,4.965,66.941,377.71,80.991,14.3313,190.793,18.379,51.01,0
AERO-001054,LOT-2502-0030,19-févr-2025 06:19:00,M01,INCONEL718,CONTROLE,NUIT,FOUR_D,49.91,124.709,8.185,323.427,0.792,13.919,33.35,1.32,5.046,61.437,433.09,80.293,14.6065,256.407,16.353,47.86,0
AERO-001055,LOT-2510-0145,30-oct-2025 21:16:00,M05,AL7075,TRAITEMENT,NUIT,FOUR_A,50.142,125.606,7.959,303.632,1.207,24.098,36.955,2.434,6.38,69.398,357.63,80.758,14.3564,203.902,16.846,35.48,0
AERO-001056,LOT-2512-0093,16-déc-2025 19:34:00,M06,AL7075,TRAITEMENT,MATIN,FOUR_A,49.847,125.129,7.975,299.04,0.715,20.174,35.533,1.98,5.292,67.038,460.81,80.036,14.7443,199.688,19.135,43.13,0
AERO-001057,LOT-2509-0170,10-sept-2025 12:30:00,M02,AL7075,TRAITEMENT,MATIN,FOUR_A,49.968,124.896,7.913,300.971,1.083,10.333,32.738,1.136,5.409,NaN,NaN,84.967,14.1919,205.102,18.409,50.12,0
AERO-001058,LOT-2503-0238,11-mars-2025 09:00:00,M03,TI6AL4V,USINAGE,MATIN,FOUR_C,49.971,125.186,8.087,310.594,1.446,21.492,33.842,0.997,5.191,69.815,378.96,77.131,14.3367,233.823,18.47,56.17,0
AERO-001059,LOT-2511-0230,23-nov-2025 20:28:00,M05,AL7075,CONTROLE,MATIN,FOUR_C,50.149,124.747,8.052,299.812,2.313,11.033,37.423,1.674,5.027,74.168,417.67,78.974,14.4771,210.167,15.237,47.78,1
AERO-001060,LOT-2510-0021,16-oct-2025 20:48:00,M01,TI6AL4V,USINAGE,NUIT,FOUR_B,49.919,125.289,8.091,317.317,1.539,21.884,35.415,1.368,4.843,66.983,424.39,77.918,14.653,241.804,19.694,51.85,0
AERO-001061,LOT-2510-0154,22-oct-2025 19:56:00,M05,AL7075,TRAITEMENT,MATIN,FOUR_B,49.999,NaN,7.962,295.344,1.041,10.195,33.547,1.647,5.223,84.324,338.88,65.686,15.1818,194.183,17.402,39.51,1
AERO-001062,LOT-2507-0178,11-juil-2025 05:30:00,M01,TI6AL4V,CONTROLE,MATIN,FOUR_C,50.216,124.826,7.98,310.651,1.223,14.436,35.435,1.515,5.71,69.925,454.85,75.396,14.5971,229.362,21.862,39.99,0
AERO-001063,LOT-2512-0148,14-déc-2025 02:16:00,M04,AL7075,TRAITEMENT,NUIT,FOUR_A,50.261,124.943,7.953,305.121,1.427,15.476,29.434,1.249,4.991,68.35,412.06,81.756,14.1762,201,20.961,39.95,0
AERO-001064,LOT-2509-0062,23-sept-2025 07:55:00,M01,AL7075,TRAITEMENT,MATIN,FOUR_B,49.678,124.76,7.93,299.331,0.6,16.792,30.888,1.844,5.858,76.091,482.28,63.852,15.2321,197.242,18.66,44.13,1
AERO-001065,LOT-2502-0066,03-févr-2025 12:05:00,M05,AL7075,CONTROLE,SOIR,FOUR_C,49.895,124.113,8.02,301.714,0.788,21.834,32.082,1.475,5.043,66.025,425.35,82.077,14.6254,204.809,18.29,50.16,0
AERO-001066,LOT-2502-0240,18-févr-2025 07:30:00,M05,TI6AL4V,TRAITEMENT,MATIN,FOUR_A,50.132,125.173,7.935,318.098,0.656,21.383,35.988,1.328,5.079,68.142,370.85,67.109,15.0082,238.055,18.941,44.24,0
AERO-001067,LOT-2502-0117,17-févr-2025 12:42:00,M06,AL7075,USINAGE,MATIN,FOUR_A,49.976,124.831,8.067,300.008,1.338,18.905,38.83,1.795,5.579,66.597,473.35,81.567,14.4107,208.281,21.837,39.03,0
AERO-001068,LOT-2501-0124,10-janv-2025 09:36:00,M06,INCONEL718,TRAITEMENT,MATIN,FOUR_C,50.013,125.013,7.956,320.023,1.202,25.074,37.244,1.887,6.081,70.491,412.83,69.073,14.8138,238.771,18.734,36.46,0
AERO-001069,LOT-2510-0002,08-oct-2025 06:37:00,M03,INCONEL718,USINAGE,MATIN,FOUR_B,49.9,124.948,8.021,306.427,1.881,17.996,32.511,1.612,5.542,65.822,386.43,66.487,14.5522,231.215,20.105,45.5,1
AERO-001070,LOT-2509-0143,14-sept-2025 17:35:00,M04,AL7075,USINAGE,SOIR,FOUR_B,49.635,125.386,7.939,304.796,0.872,19.355,45.581,2.17,8.203,66.138,394.23,77.105,14.6103,212.544,20.928,42.87,1
AERO-000082,LOT-2507-0089,16-juil-2025 20:19:00,M04,INCONEL718,CONTROLE,MATIN,FOUR_B,50.136,125.123,8.139,325.059,1.081,18.941,47.796,3.346,10.34,64.992,385.45,75.415,14.3286,255.813,18.996,33.18,1
AERO-001072,LOT-2503-0154,21-mars-2025 23:48:00,M06,TI6AL4V,USINAGE,SOIR,FOUR_B,50.299,125.613,7.895,313.957,0.916,21.422,33.242,2.012,5.989,68.301,455.73,72.803,14.447,237.173,18.749,47.35,0
AERO-001073,LOT-2507-0189,15-juil-2025 17:14:00,M05,TI6AL4V,CONTROLE,MATIN,FOUR_C,50.348,125.198,7.826,315.639,0.727,15.842,33.582,1.662,5.751,66.135,405.49,75.561,14.4286,240.785,22.432,34.83,0
AERO-001074,LOT-2512-0232,11-déc-2025 09:03:00,M06,AL7075,CONTROLE,SOIR,FOUR_D,49.973,124.555,8.03,302.575,1.337,22.563,32.546,1.906,5.436,72.166,383.78,78.867,14.3075,208.121,19.97,35.55,0
AERO-001075,LOT-2505-0212,15-mai-2025 12:54:00,M03,AL7075,CONTROLE,NUIT,FOUR_A,50.195,124.553,7.86,297.541,1.092,15.37,32.672,1.262,5.153,70.594,372.52,75.239,14.5759,205.094,19.787,38.02,0
AERO-001076,LOT-2510-0069,30-oct-2025 13:58:00,M02,TI6AL4V,CONTROLE,SOIR,FOUR_A,49.913,125.384,7.949,303.598,2.004,20.86,30.691,1.407,5.249,65.657,451.33,73.933,14.9677,194.505,19.043,47.26,1
AERO-001077,LOT-2602-0054,07-févr-2026 13:35:00,M05,AL7075,USINAGE,SOIR,FOUR_A,50.209,124.586,7.973,298.57,0.634,20.85,32.954,1.597,4.593,72.144,410.15,84.958,14.4154,192.075,15.808,31.73,0
AERO-001078,LOT-2502-0156,11-févr-2025 13:42:00,M06,AL7075,CONTROLE,NUIT,FOUR_A,49.838,125.181,7.985,303.715,1.158,16.556,34.418,1.767,6.023,66.114,472.71,82.159,14.2196,204.077,18.743,55.11,0
AERO-001079,LOT-2502-0126,24-févr-2025 10:02:00,M02,AL7075,TRAITEMENT,SOIR,FOUR_D,49.867,124.469,8.099,301.344,1.052,17.936,31.065,1.32,5.469,64.096,489.35,74.833,14.5233,208.949,19.942,46.41,0
AERO-001080,LOT-2504-0161,20-avr-2025 17:23:00,M06,AL7075,USINAGE,NUIT,FOUR_C,49.896,125.217,7.97,300.38,1.118,11.998,36.87,1.979,NaN,91.816,557.55,66.551,15.16,198.217,18.887,27.05,1
AERO-001081,LOT-2601-0163,04-janv-2026 02:01:00,M05,TI6AL4V,USINAGE,MATIN,FOUR_D,50.164,125.068,8.098,316.853,1.517,28.372,36.049,1.852,6.22,69.081,352.23,78.935,14.3896,231.488,18.738,55.75,0
AERO-001082,LOT-2510-0007,10-oct-2025 09:36:00,M05,TI6AL4V,CONTROLE,MATIN,FOUR_A,50.536,126.116,7.956,318.4,1.012,45.252,31.622,1.831,6.126,63.974,429.06,68.835,14.4737,246.011,21.225,52.24,1
AERO-001083,LOT-2502-0172,11-févr-2025 14:06:00,M06,INCONEL718,USINAGE,NUIT,FOUR_A,49.809,125.173,7.9,326.668,0.969,19.806,33.131,1.856,6.463,68.446,360.06,77.302,14.2398,250.271,20.196,40.15,0
AERO-001084,LOT-2509-0234,23-sept-2025 10:51:00,M05,AL7075,TRAITEMENT,MATIN,FOUR_A,50.006,124.647,8.036,301.477,1.009,20.427,34.213,1.738,5.509,66.953,417.91,75.34,14.1702,201.52,19.762,31.89,0
AERO-001085,LOT-2511-0149,24-nov-2025 17:16:00,M01,INCONEL718,CONTROLE,MATIN,FOUR_A,49.8,125.054,7.963,322.755,0.652,14.284,31.668,1.257,4.488,67.336,424.94,76.284,14.8715,262.911,21.06,53.21,0
AERO-001086,LOT-2506-0096,27-juin-2025 01:11:00,M02,AL7075,USINAGE,MATIN,FOUR_D,50.029,124.656,8.009,305.806,1.366,16.591,34.411,1.067,3.869,68.164,422.37,76.386,14.6407,207.959,18.173,43.68,0
AERO-001087,LOT-2510-0150,21-oct-2025 11:10:00,M04,AL7075,USINAGE,MATIN,FOUR_C,50.167,124.879,8.085,301.527,1.242,20.302,38.02,1.784,5.397,65.897,501.58,76.872,14.4937,198.343,19.326,34.98,0
AERO-001088,LOT-2507-0046,15-juil-2025 00:17:00,M01,TI6AL4V,USINAGE,SOIR,FOUR_C,49.356,123.277,8.133,315.563,1.09,48.379,34.258,1.337,5.116,72.315,392.38,78.742,14.5272,221.582,18.756,40.32,1
AERO-001089,LOT-2512-0016,26-déc-2025 03:55:00,M04,AL7075,TRAITEMENT,MATIN,FOUR_A,50.026,125.085,8.243,304.502,1.07,18.529,32.864,1.768,4.684,71.058,440.47,80.102,14.3543,213.25,17.772,39.98,0
AERO-001090,LOT-2504-0190,27-avr-2025 16:29:00,M01,AL7075,USINAGE,MATIN,FOUR_A,50.075,124.902,7.951,303.943,1.034,18.232,34.966,1.667,5.537,68.581,491.07,75.864,14.5412,209.498,18.302,47.67,0
AERO-001091,LOT-2601-0068,17-janv-2026 13:00:00,M03,AL7075,TRAITEMENT,SOIR,FOUR_A,49.639,125.497,7.972,306.404,0.737,17.372,33.194,1.676,5.032,70.518,403.95,82.314,14.2163,208.774,16.148,44.96,0
AERO-001092,LOT-2503-0114,13-mars-2025 18:43:00,M04,AL7075,USINAGE,NUIT,FOUR_B,49.96,124.978,8.069,306.059,0.787,15.55,34.58,1.244,5.294,68.736,424.72,78.128,14.6421,190.619,NaN,33.73,0
AERO-001093,LOT-2510-0003,12-oct-2025 19:53:00,M03,TI6AL4V,TRAITEMENT,MATIN,FOUR_B,50.198,125.301,7.891,316.203,1.166,20.191,32.844,0.726,4.623,70.242,370.87,79.392,14.4049,239.88,18.528,44.3,0
AERO-001094,LOT-2511-0204,22-nov-2025 23:30:00,M05,AL7075,CONTROLE,MATIN,FOUR_C,50.247,124.565,8.017,299.923,0.971,15.851,35.672,1.855,4.76,70.194,438.09,84.835,14.3277,196.673,20.688,43.21,0
AERO-001095,LOT-2509-0090,19-sept-2025 14:51:00,M01,AL7075,USINAGE,SOIR,FOUR_A,49.885,125.083,8.164,303.702,0.962,18.211,32.257,0.818,5.204,71.172,429.97,85.282,NaN,214.367,21.147,27,0
AERO-001096,LOT-2601-0181,25-janv-2026 12:55:00,M06,AL7075,TRAITEMENT,MATIN,FOUR_C,49.938,124.928,7.979,299.932,1.204,11.091,40.645,2.131,5.97,63.505,435.23,81.242,14.3645,194.551,19.27,42.62,0
AERO-001097,LOT-2505-0102,26-mai-2025 19:21:00,M06,TI6AL4V,USINAGE,SOIR,FOUR_D,50.182,124.972,8.015,311.828,1.248,18.729,36.376,2.013,6.47,66.044,369.56,80.353,14.3634,236.141,21.05,48.24,0
AERO-001098,LOT-2504-0086,08-avr-2025 01:20:00,M02,TI6AL4V,USINAGE,MATIN,FOUR_B,49.93,125.13,8.037,314.319,0.865,14.628,30.361,1.782,NaN,69.164,446.83,76.467,14.6716,228.978,21.23,56.63,0
AERO-001099,LOT-2601-0033,19-janv-2026 22:56:00,M02,AL7075,TRAITEMENT,NUIT,FOUR_D,49.993,125.623,7.931,304.366,NaN,18.895,32.356,1.21,4.633,64.616,427.96,81.708,14.4172,202.949,20.676,41.86,0
AERO-001100,LOT-2512-0181,01-déc-2025 19:13:00,M05,INCONEL718,USINAGE,NUIT,FOUR_B,49.953,125.007,8.034,322.83,1.079,16.731,33.465,1.977,5.089,72.32,423.69,77.029,14.4073,258.521,16.76,45.93,0
AERO-001101,LOT-2511-0098,16-nov-2025 18:56:00,M03,INCONEL718,USINAGE,NUIT,FOUR_A,49.888,125.339,7.888,322.424,0.748,20.884,33.012,1.753,5.801,68.529,352.63,66.917,14.2597,272.225,18.732,32.94,0
AERO-001102,LOT-2502-0031,21-févr-2025 07:47:00,M05,AL7075,TRAITEMENT,NUIT,FOUR_B,49.957,124.998,8.036,308.478,2.821,18.548,31.089,1.809,6.165,66.417,393.25,79.465,14.445,196.035,24.757,30.52,1
AERO-001103,LOT-2502-0034,20-févr-2025 20:55:00,M04,INCONEL718,CONTROLE,NUIT,FOUR_C,49.807,124.949,7.962,314.958,1.676,19.711,40.289,1.436,4.718,65.463,434.08,63.763,14.3172,NaN,18.106,48.55,1
AERO-001104,LOT-2509-0080,12-sept-2025 14:56:00,M02,TI6AL4V,USINAGE,MATIN,FOUR_B,49.817,125.192,8.027,312.726,0.847,17.715,31.13,1.727,6.041,69.204,417.14,76.415,14.4917,236.152,19.233,48.02,0
AERO-001105,LOT-2503-0195,12-mars-2025 17:06:00,M05,AL7075,USINAGE,SOIR,FOUR_B,50.158,NaN,7.998,296.011,1.205,16.388,NaN,1.811,5.847,67.63,431.29,73.797,14.4273,198.007,19.403,38,0
AERO-001106,LOT-2509-0001,20-sept-2025 11:03:00,M05,INCONEL718,CONTROLE,NUIT,FOUR_D,50.032,125.507,8.057,321.545,1.275,17.3,38.205,1.479,5.867,68.482,366.07,73.259,14.6219,258.126,17.374,45.58,0
AERO-001107,LOT-2508-0162,24-août-2025 06:51:00,M04,AL7075,CONTROLE,SOIR,FOUR_A,50.05,124.7,7.857,301.537,0.674,12.626,28.048,1.889,5.791,63.626,420.87,82.794,14.5458,210.805,18.824,46.69,0
AERO-001108,LOT-2507-0231,29-juil-2025 05:02:00,M01,TI6AL4V,CONTROLE,MATIN,FOUR_B,50.064,125.22,8.033,314.823,0.945,16.976,34.963,1.065,4.518,70.319,429.08,74.099,14.4512,235.447,NaN,54.33,0
AERO-001109,LOT-2507-0213,21-juil-2025 20:27:00,M03,INCONEL718,CONTROLE,SOIR,FOUR_B,49.72,125.462,7.897,323.31,1.259,21.336,31.98,1.446,4.767,NaN,296.47,52.708,14.4551,263.765,18.971,50.31,1
AERO-001110,LOT-2512-0223,04-déc-2025 01:25:00,M05,AL7075,CONTROLE,MATIN,FOUR_D,50.19,124.715,7.944,298.491,1.186,NaN,49.099,3.542,7.611,71.565,424.64,78.323,14.3893,NaN,18.73,43.74,1
AERO-001111,LOT-2511-0204,21-nov-2025 02:52:00,M01,INCONEL718,USINAGE,NUIT,FOUR_D,49.989,124.784,8.081,329.724,1.256,16.674,36.477,1.512,5.214,69.298,405.38,75.496,14.6053,260.365,19.698,49.26,0
AERO-001112,LOT-2601-0093,20-janv-2026 02:35:00,M06,TI6AL4V,CONTROLE,SOIR,FOUR_C,50.073,124.884,7.994,318.625,2.485,20.09,36.689,2.535,6.147,71.247,479.94,76.072,14.4203,235.041,16.764,49.77,1
AERO-001113,LOT-2507-0155,08-juil-2025 21:31:00,M01,AL7075,USINAGE,SOIR,FOUR_B,49.966,125.253,8.049,307.154,1.199,17.768,33.95,1.747,5.933,67.053,412.19,75.433,14.322,202.455,17.466,54.05,0
AERO-001114,LOT-2503-0218,27-mars-2025 03:51:00,M01,INCONEL718,USINAGE,NUIT,FOUR_B,NaN,124.761,7.929,319.136,0.663,9.631,30.868,1.272,5.532,69.524,468.31,79.569,14.4992,247.039,17.597,25.4,0
AERO-001115,LOT-2505-0130,30-mai-2025 14:07:00,M03,TI6AL4V,TRAITEMENT,MATIN,FOUR_D,49.956,124.604,8.086,315.066,1.011,20.605,28.06,1.902,6.13,NaN,401.95,NaN,14.3028,234.992,18.997,52.71,0
AERO-001116,LOT-2502-0202,06-févr-2025 09:37:00,M02,TI6AL4V,CONTROLE,NUIT,FOUR_A,49.96,125.322,8.021,316.487,1.098,20.269,33.824,1.547,5.156,66.727,429.29,76.295,14.1743,238.187,18.801,38.56,0
AERO-001117,LOT-2512-0079,10-déc-2025 09:56:00,M03,AL7075,TRAITEMENT,SOIR,FOUR_D,49.549,124.589,7.896,297.415,2.712,17.898,37.027,1.31,5.587,66.94,453.28,79.42,14.4084,218.371,21.893,57.34,1
AERO-001118,LOT-2508-0188,16-août-2025 01:38:00,M02,AL7075,TRAITEMENT,MATIN,FOUR_A,50.431,124.631,8.007,298.748,1.048,18.177,34.092,1.53,5.103,59.534,386.29,79.811,14.5058,203.828,18.84,38.84,0
AERO-001119,LOT-2502-0091,08-févr-2025 19:09:00,M06,TI6AL4V,USINAGE,SOIR,FOUR_B,50.124,125.444,8.025,316.591,0.996,17.754,33.859,1.691,5.604,73.091,438.4,77.106,14.3676,245.419,17.772,38.06,0
AERO-001120,LOT-2502-0109,28-févr-2025 01:02:00,M04,TI6AL4V,CONTROLE,NUIT,FOUR_C,49.695,124.59,7.981,311.733,0.711,13.246,34.486,1.205,4.34,80.153,566.31,63.407,14.9414,214.625,15.291,NaN,1
AERO-001121,LOT-2512-0026,19-déc-2025 14:10:00,M04,TI6AL4V,TRAITEMENT,MATIN,FOUR_A,49.758,125.303,8.049,316.02,0.917,17.015,32.292,0.966,4.299,65.512,401.55,77.298,14.4655,NaN,18.946,36.11,0
AERO-001122,LOT-2503-0181,18-mars-2025 07:54:00,M05,AL7075,CONTROLE,MATIN,FOUR_A,50.076,124.523,7.988,300.034,0.825,18.7,35.192,1.18,5.557,66.592,412.23,80.596,14.3941,203.339,22.761,45.29,0
AERO-001123,LOT-2507-0181,22-juil-2025 07:35:00,M02,AL7075,USINAGE,SOIR,FOUR_B,49.816,125.499,7.96,298.795,1.33,10.807,34.997,1.522,5.441,68.579,458.96,82.912,14.2407,188.334,20.055,43.11,0
AERO-001124,LOT-2502-0117,15-févr-2025 16:57:00,M01,AL7075,CONTROLE,NUIT,FOUR_D,49.986,125.295,8.01,301.8,1.098,11.247,35.578,1.054,3.887,65.484,399.63,78.714,14.5651,209.086,21.086,37.41,0
AERO-001125,LOT-2506-0133,17-juin-2025 17:51:00,M03,TI6AL4V,CONTROLE,MATIN,FOUR_D,50.282,125.087,7.922,313.591,1.078,14.489,30.835,1.186,4.623,68.831,398.31,73.143,14.6893,243.198,19.962,44.61,0
AERO-001126,LOT-2502-0237,18-févr-2025 18:56:00,M03,INCONEL718,CONTROLE,SOIR,FOUR_C,49.988,124.561,8.024,320.332,1.333,23.586,33.268,1.497,5.71,61.827,426.59,70.662,14.7662,248.707,19.234,38.56,0
AERO-001127,LOT-2502-0229,07-févr-2025 14:13:00,M04,TI6AL4V,USINAGE,SOIR,FOUR_D,50.11,124.361,7.93,316.272,1.296,17.188,36.694,1.03,4.918,65.738,409.51,73.612,NaN,219.562,20.871,34,0
AERO-001128,LOT-2502-0013,06-févr-2025 09:28:00,M04,AL7075,CONTROLE,NUIT,FOUR_A,49.829,125.087,8.033,301.498,1.25,10.048,30.715,1.174,4.346,63.255,435.69,87.22,14.3337,199.767,18.752,40.85,0
AERO-001129,LOT-2504-0174,21-avr-2025 02:01:00,M02,INCONEL718,USINAGE,SOIR,FOUR_A,49.813,124.982,8.035,325.227,1.326,18.99,32.265,1.606,5.346,77.227,181.81,57.935,15.1178,251.913,20.056,38.21,1
AERO-001130,LOT-2509-0023,01-sept-2025 10:30:00,M06,AL7075,USINAGE,NUIT,FOUR_A,49.834,124.834,8.092,302.107,1.114,17.836,46.141,3.193,10.605,67.461,419.43,78.753,14.3456,192.963,20.039,44.05,1
AERO-001131,LOT-2502-0069,18-févr-2025 16:52:00,M02,AL7075,TRAITEMENT,SOIR,FOUR_A,49.944,125.227,8.059,302.538,1.622,19.531,33.518,1.593,5.051,69.057,467.73,74.47,14.2626,204.181,20.699,32.74,0
AERO-001132,LOT-2601-0081,07-janv-2026 15:33:00,M05,AL7075,USINAGE,NUIT,FOUR_D,50.208,124.713,7.864,300.1,0.885,22.1,34.001,1.936,5.629,72.575,378.85,85.974,14.6816,194.132,18.925,64.55,0
AERO-001133,LOT-2505-0174,21-mai-2025 07:32:00,M02,AL7075,CONTROLE,SOIR,FOUR_A,50.806,125.783,7.923,298.7,1.016,29.419,37.404,1.125,5.372,65.991,464.03,76.288,14.4597,202.353,16.894,48.51,1
AERO-001134,LOT-2510-0007,13-oct-2025 15:02:00,M02,TI6AL4V,USINAGE,SOIR,FOUR_C,49.952,125.031,7.983,315.234,0.847,15.573,33.055,1.312,4.746,64.347,465.35,76.99,14.6346,243.542,20.083,44.67,0
AERO-001135,LOT-2501-0123,13-janv-2025 18:18:00,M05,AL7075,CONTROLE,NUIT,FOUR_C,49.859,124.355,8.14,296.87,1.101,12.284,37.908,1.5,5.787,70.969,368.73,85.134,14.5544,205.558,18.172,35.5,0
AERO-001136,LOT-2503-0077,04-mars-2025 20:59:00,M02,TI6AL4V,TRAITEMENT,MATIN,FOUR_D,50.054,124.795,8.253,311.15,1.337,24.56,32.798,1.464,4.986,66.411,412.89,76.758,14.4541,223.173,19.776,47.88,0
AERO-001137,LOT-2506-0175,30-juin-2025 11:33:00,M01,AL7075,TRAITEMENT,MATIN,FOUR_B,50.011,124.453,8.045,301.745,0.767,19.285,33.762,1.802,5.723,70.957,431.86,82.479,14.4333,210.675,17.743,37.67,0
AERO-001138,LOT-2502-0092,17-févr-2025 06:48:00,M04,AL7075,USINAGE,MATIN,FOUR_C,49.889,125.059,8.111,302.789,1.084,13.629,33.281,1.204,5.311,65.377,458.85,80.891,14.1636,215.805,18.202,32.93,0
AERO-001139,LOT-2510-0084,29-oct-2025 09:56:00,M03,TI6AL4V,USINAGE,MATIN,FOUR_C,50.173,125.417,7.964,317.529,1.187,21.575,36.22,0.973,4.263,72.313,418.52,77.194,14.4179,212.66,20.82,33.84,0
AERO-001140,LOT-2502-0156,08-févr-2025 11:47:00,M04,AL7075,CONTROLE,MATIN,FOUR_D,50.174,125.109,7.989,305.061,1.487,20.733,42.645,2.826,8.291,66.206,NaN,76.302,14.6753,200.786,18.843,49.05,1
AERO-001141,LOT-2508-0052,31-août-2025 18:23:00,M01,AL7075,USINAGE,MATIN,FOUR_B,49.98,125.088,7.988,300.579,1.29,11.864,34.309,0.981,5.18,65.174,426.32,72.489,14.2877,213.792,18.109,48.63,0
AERO-001142,LOT-2501-0121,29-janv-2025 21:21:00,M04,AL7075,USINAGE,MATIN,FOUR_A,49.92,125.913,8.015,299.487,1.183,17.153,32.482,1.252,4.717,66.39,359.12,81.593,14.2809,213.881,21.899,39.41,0
AERO-001143,LOT-2507-0124,06-juil-2025 20:18:00,M01,TI6AL4V,USINAGE,MATIN,FOUR_B,50.217,124.523,8.145,315.903,1.539,13.969,30.567,1.614,5.043,68.774,386.64,82.842,14.5319,234.695,18.099,58.09,0
AERO-001144,LOT-2501-0063,05-janv-2025 17:19:00,M02,TI6AL4V,USINAGE,SOIR,FOUR_D,49.952,124.432,7.989,308.578,1.201,21.188,35.957,1.532,5.55,80.156,489.64,67.328,15.8186,238.637,17.621,35.63,1
AERO-001145,LOT-2511-0203,17-nov-2025 23:01:00,M03,AL7075,USINAGE,NUIT,FOUR_B,49.973,125.023,8.119,299.96,1.046,19.379,33.088,1.323,4.204,NaN,384.41,79.09,14.6688,191.375,18.198,51.82,0
AERO-001146,LOT-2507-0231,29-juil-2025 09:23:00,M03,TI6AL4V,CONTROLE,MATIN,FOUR_A,50.211,125.221,7.951,313.879,1.339,20.186,36.432,1.297,5.469,68.459,390.11,75.34,14.2645,227.391,17.075,48.13,0
AERO-001147,LOT-2501-0101,24-janv-2025 18:08:00,M06,AL7075,TRAITEMENT,MATIN,FOUR_B,49.395,125.584,8.028,301.163,1.3,35.133,34.867,1.853,5.076,69.003,450.48,78.557,14.6654,210.344,17.505,33.41,1
AERO-001148,LOT-2503-0009,17-mars-2025 18:12:00,M03,AL7075,USINAGE,SOIR,FOUR_B,50.142,125.069,8.088,306.249,1.057,9.841,39.002,1.177,4.794,68.151,413.28,80.684,14.3598,201.954,18.219,44.21,0
AERO-001943,LOT-2512-0155,18-déc-2025 18:15:00,M06,AL7075,USINAGE,MATIN,FOUR_B,49.81,124.635,7.996,303.868,0.986,22.518,36.082,2.035,6.068,71.606,417.2,78.798,14.4793,209.859,17.66,50.61,0
AERO-001150,LOT-2508-0184,09-août-2025 15:16:00,M02,INCONEL718,CONTROLE,SOIR,FOUR_A,49.967,125.289,8.092,317.462,0.855,18.818,40.085,3.266,8.764,69.445,491.15,69.438,14.5301,264.206,18.261,50.04,1
AERO-001151,LOT-2503-0014,16-mars-2025 07:56:00,M05,INCONEL718,USINAGE,MATIN,FOUR_C,49.85,126.401,7.893,317.399,0.971,40.025,30.498,1.724,5.274,73.641,440.44,71.611,14.7424,269.422,20.546,37.11,1
AERO-001152,LOT-2502-0076,12-févr-2025 08:28:00,M06,TI6AL4V,TRAITEMENT,SOIR,FOUR_C,50.2,125.252,7.944,316.922,1.417,26.002,33.712,1.743,5.831,69.327,356.22,80.946,14.5522,227.726,19.571,50.12,0
AERO-001153,LOT-2506-0133,17-juin-2025 22:13:00,M02,TI6AL4V,TRAITEMENT,MATIN,FOUR_B,50.241,125.132,8.042,315.772,1.576,26.143,32.906,1.608,5.188,68.958,413.78,76.85,14.8182,231.106,19.136,44.73,0
AERO-001154,LOT-2510-0056,24-oct-2025 03:44:00,M03,AL7075,CONTROLE,NUIT,FOUR_A,50.226,123.15,8.017,302.42,1.105,41.227,30.748,1.084,4.378,68.231,533.71,83.795,14.7113,197.73,19.19,51.02,1
AERO-001155,LOT-2602-0195,27-févr-2026 08:42:00,M05,TI6AL4V,CONTROLE,NUIT,FOUR_B,50.146,125.215,7.922,312.774,1,10.215,36.737,1.858,6.701,69.974,344.12,81.071,14.7231,228.382,19.597,49.38,0
AERO-001156,LOT-2503-0111,01-mars-2025 04:56:00,M05,TI6AL4V,USINAGE,MATIN,FOUR_B,49.955,125.436,8.046,318.311,0.781,19.804,31.183,1.769,5.658,79.52,327.85,60.136,NaN,233.731,21.093,47.35,1
AERO-001157,LOT-2603-0100,02-mars-2026 11:11:00,M01,TI6AL4V,CONTROLE,MATIN,FOUR_B,49.326,123.287,8.053,313.723,0.963,36.525,31.482,1.646,5.277,71.216,518.16,77.344,14.897,238.332,20.084,49.27,1
AERO-001158,LOT-2505-0003,18-mai-2025 06:45:00,M04,AL7075,TRAITEMENT,SOIR,FOUR_A,50.065,125.332,8.044,304.959,2.495,18.545,34.112,1.481,5.187,69.505,429.15,79.561,14.526,197.359,21.802,46.19,1
AERO-001159,LOT-2502-0175,01-févr-2025 04:46:00,M02,AL7075,CONTROLE,SOIR,FOUR_D,49.778,125.201,7.915,299.55,1.228,18.224,30.509,1.382,5.242,67.526,402.23,85.23,14.7132,218.644,19.624,49.07,0
AERO-001160,LOT-2511-0018,26-nov-2025 03:58:00,M04,AL7075,USINAGE,NUIT,FOUR_C,49.9,124.867,8.091,304.771,1.436,10.397,32.773,1.7,6.155,75.966,550.8,52.736,15.3159,202.59,19.934,52.95,1
AERO-001161,LOT-2508-0187,12-août-2025 15:53:00,M03,TI6AL4V,USINAGE,MATIN,FOUR_C,49.859,124.953,8.083,317.245,1.145,NaN,33.616,1.751,5.374,62.956,431.84,78.69,14.2683,246.081,18.404,43.71,0
AERO-001162,LOT-2504-0160,16-avr-2025 23:04:00,M04,TI6AL4V,CONTROLE,SOIR,FOUR_A,49.87,124.644,7.839,306.996,1.857,20.916,29.714,1.657,5.732,66.651,457.67,60.78,14.4585,205.727,17.908,45.29,1
AERO-001163,LOT-2601-0180,07-janv-2026 11:33:00,M02,AL7075,USINAGE,SOIR,FOUR_A,50.284,124.946,7.971,303.461,1.207,18.944,36.961,0.975,4.658,65.539,363.32,80.85,14.3695,194.172,18.119,47.7,0
AERO-001164,LOT-2512-0003,11-déc-2025 05:44:00,M06,TI6AL4V,CONTROLE,MATIN,FOUR_B,49.882,125.596,7.998,314.313,1.302,14.845,37.132,2.003,5.275,69.064,386.86,79.496,14.5902,237.57,21.152,35.62,0
AERO-001165,LOT-2512-0124,20-déc-2025 13:37:00,M06,TI6AL4V,TRAITEMENT,SOIR,FOUR_C,50.201,124.957,8.009,313.28,2.632,16.87,36.606,2.276,5.147,72.632,414.97,82.389,14.7397,238.133,21.121,57.61,1
AERO-001166,LOT-2510-0177,27-oct-2025 08:36:00,M05,TI6AL4V,CONTROLE,NUIT,FOUR_C,50.07,124.979,7.999,316.427,1.208,18.239,30.515,1.733,4.516,67.598,432.45,81.568,14.6495,237.676,19.775,40.13,0
AERO-001167,LOT-2509-0027,17-sept-2025 00:17:00,M05,AL7075,CONTROLE,SOIR,FOUR_B,50.194,124.528,8.112,303.15,1.007,18.872,34.649,1.404,4.825,79.421,186.06,71.7,15.1788,216.673,17.627,42.56,1
AERO-001168,LOT-2511-0157,12-nov-2025 06:28:00,M02,INCONEL718,TRAITEMENT,NUIT,FOUR_B,50.017,124.804,7.944,322.759,1.131,21.979,32.114,1.754,5.431,81.34,488.91,52.876,15.5293,245.544,19.822,56.81,1
AERO-001169,LOT-2501-0057,17-janv-2025 17:22:00,M04,AL7075,USINAGE,MATIN,FOUR_A,50.192,124.303,8.036,299.002,1.113,20.094,30.832,1.467,4.707,71.59,413.91,76.937,14.6779,196.762,19.394,44.05,0
AERO-001170,LOT-2501-0225,13-janv-2025 10:38:00,M03,TI6AL4V,TRAITEMENT,MATIN,FOUR_D,50.377,124.377,8.006,312.629,0.935,16.986,32.756,1.202,4.533,67.905,442.31,79.885,14.5222,246.963,17.276,62.32,0
AERO-001171,LOT-2512-0133,30-déc-2025 06:21:00,M06,TI6AL4V,USINAGE,SOIR,FOUR_C,49.707,124.925,8.12,311.925,1.284,20.303,33.162,1.633,5.307,72.02,423.65,81.258,14.629,219.256,NaN,35.05,0
AERO-001172,LOT-2509-0152,15-sept-2025 22:04:00,M01,AL7075,TRAITEMENT,NUIT,FOUR_C,49.933,124.579,7.912,300.462,0.78,18.064,44.401,2.099,6.861,63.914,418.72,80.015,13.9973,204.514,20.31,49.26,1
AERO-001173,LOT-2502-0165,02-févr-2025 07:42:00,M02,AL7075,TRAITEMENT,MATIN,FOUR_C,49.988,125.036,8.027,305.049,1.335,16.017,36.108,1.392,4.789,67.652,516.11,76.73,14.4792,204.495,20.939,52.45,0
AERO-001174,LOT-2511-0140,22-nov-2025 09:41:00,M01,AL7075,CONTROLE,NUIT,FOUR_B,50.024,125.727,7.982,307.4,1.368,19.086,28.573,1.298,5.758,68.339,450.43,80.054,14.6487,204.403,20.442,43.49,0
AERO-001175,LOT-2501-0190,29-janv-2025 01:19:00,M04,INCONEL718,CONTROLE,MATIN,FOUR_B,50.058,124.823,8.041,316.456,1.05,17.394,34.645,1.694,5.173,79.206,582.29,56.037,15.2594,248.299,18.006,36.21,1
AERO-001176,LOT-2603-0119,02-mars-2026 09:30:00,M04,AL7075,USINAGE,NUIT,FOUR_B,50.028,124.996,7.931,302.905,1.022,16.407,31.535,1.696,6.057,70.28,386.62,79.219,14.6611,196.026,17.61,53.12,0
AERO-001177,LOT-2512-0056,09-déc-2025 04:08:00,M02,AL7075,CONTROLE,SOIR,FOUR_B,49.864,125.757,7.989,297.075,1.636,18.018,31.537,1.637,5.719,67.824,366.06,71.551,14.562,193.161,19.153,46.76,1
AERO-001178,LOT-2501-0117,31-janv-2025 13:41:00,M01,AL7075,CONTROLE,MATIN,FOUR_A,49.947,124.543,8.047,307.01,1.319,20.644,34.965,1.718,5.581,87.973,223.62,66.173,15.4398,195.241,16.688,51,1
AERO-001179,LOT-2601-0044,28-janv-2026 03:25:00,M03,AL7075,USINAGE,MATIN,FOUR_C,49.519,126.51,8.101,301.11,1.328,35.559,30.937,1.815,4.611,68.947,418.76,77.646,14.5784,NaN,17.651,26.7,1
AERO-001180,LOT-2508-0090,24-août-2025 04:40:00,M06,AL7075,USINAGE,MATIN,FOUR_C,50.201,124.577,8.051,302.017,3.347,21.671,31.422,1.914,5.957,69.012,432.48,82.68,NaN,195.885,15.4,41.78,1
AERO-001181,LOT-2507-0099,07-juil-2025 06:07:00,M01,TI6AL4V,USINAGE,MATIN,FOUR_A,49.958,124.444,8.067,315.749,1.147,16.571,32.442,1.221,5.414,70.39,NaN,78.123,14.7792,248.224,18.976,34.21,0
AERO-001182,LOT-2511-0011,22-nov-2025 10:17:00,M04,TI6AL4V,TRAITEMENT,MATIN,FOUR_C,50.002,124.783,8.103,314.785,1.395,19.515,NaN,1.335,5.481,71.954,428.66,76.515,14.8627,225.021,18.08,47.6,0
AERO-001183,LOT-2601-0146,03-janv-2026 13:39:00,M03,AL7075,CONTROLE,SOIR,FOUR_A,49.749,125.189,7.989,302.873,1.365,12.22,34.662,1.382,5.842,69.342,463.88,79.014,14.3364,204.405,17.819,40.3,0
AERO-001184,LOT-2507-0232,31-juil-2025 10:15:00,M02,AL7075,USINAGE,NUIT,FOUR_A,49.908,125.327,7.996,298.288,0.981,15.596,32.728,1.049,4.84,69.69,358.88,81.912,14.7197,203.049,18.789,41.04,0
AERO-001185,LOT-2511-0086,03-nov-2025 20:45:00,M02,AL7075,TRAITEMENT,MATIN,FOUR_A,49.912,125.386,7.816,301.737,0.514,17.639,31.737,1.142,4.703,64.127,418.68,79.326,14.2737,198.543,18.936,51.41,0
AERO-001186,LOT-2510-0102,26-oct-2025 18:56:00,M02,TI6AL4V,TRAITEMENT,MATIN,FOUR_B,49.852,124.957,7.931,311.667,1.186,9.787,NaN,1.49,5.329,71.236,433.36,76.518,14.3447,238.333,18.284,52.71,0
AERO-001187,LOT-2509-0163,14-sept-2025 02:48:00,M06,AL7075,CONTROLE,NUIT,FOUR_A,49.941,125.395,NaN,305.202,1.342,17.868,39.085,1.723,5.055,68.436,427.1,76.838,14.6207,203.733,19.139,42.87,0
AERO-001188,LOT-2511-0064,13-nov-2025 05:53:00,M04,TI6AL4V,USINAGE,MATIN,FOUR_C,49.862,126.634,8.028,312.579,1.281,42.483,33.425,1.287,4.075,67.573,439.78,75.016,14.6322,233.592,21.293,56.53,1
AERO-001189,LOT-2510-0095,06-oct-2025 20:38:00,M01,AL7075,USINAGE,MATIN,FOUR_A,49.974,124.952,8.052,300.864,1.178,16.664,35.11,1.499,5.143,66.133,407.85,82.983,14.5563,200.506,21.074,48.7,0
AERO-001190,LOT-2602-0162,26-févr-2026 06:39:00,M03,AL7075,USINAGE,SOIR,FOUR_C,50.047,125.031,8.01,298.733,1.027,21.996,34.506,1.536,4.709,70.391,393.01,85.588,14.4467,198.434,18.657,45.08,0
AERO-001191,LOT-2601-0230,03-janv-2026 04:16:00,M06,TI6AL4V,TRAITEMENT,MATIN,FOUR_B,49.932,125.162,7.9,313.455,1.064,22.674,42.741,1.812,5.801,68.56,499.7,75.48,NaN,218.908,20.485,54.77,0
AERO-001192,LOT-2509-0168,06-sept-2025 08:55:00,M06,TI6AL4V,USINAGE,MATIN,FOUR_A,49.696,125.074,7.956,313.179,0.966,18.865,36.466,1.81,5.209,68.152,464.53,74.212,14.4933,236.501,19.589,44.71,0
AERO-001193,LOT-2507-0033,09-juil-2025 18:53:00,M05,AL7075,USINAGE,SOIR,FOUR_C,49.88,124.36,8.032,300.318,0.939,18.407,29.777,1.755,5.963,66.336,NaN,83.974,13.9948,195.419,19.169,46.87,0
AERO-001194,LOT-2502-0190,15-févr-2025 15:57:00,M01,TI6AL4V,USINAGE,NUIT,FOUR_B,50.099,125.961,7.996,311.355,1.29,NaN,28.197,1.197,5.89,69.368,440.86,82.778,14.481,242.02,19.202,31.47,0
AERO-001195,LOT-2602-0090,24-févr-2026 11:04:00,M02,TI6AL4V,USINAGE,SOIR,FOUR_C,49.919,124.53,8.013,312.074,1.102,23.541,34.954,1.447,5.102,66.491,448.62,74.565,14.6612,220.877,18.066,50.36,0
AERO-001196,LOT-2502-0031,14-févr-2025 03:54:00,M05,TI6AL4V,USINAGE,SOIR,FOUR_D,49.826,124.568,8.021,311.498,1.315,21.108,46.588,2.748,7.303,67.182,408.37,70.654,14.6165,227.974,18.295,46.92,1
AERO-001197,LOT-2510-0228,28-oct-2025 19:10:00,M03,TI6AL4V,USINAGE,MATIN,FOUR_B,NaN,125.517,7.927,310.875,1.15,16.417,36.473,1.154,4.96,63.994,455.19,70.735,14.2756,228.544,18.995,48.26,0
AERO-001198,LOT-2511-0157,13-nov-2025 12:38:00,M03,AL7075,TRAITEMENT,SOIR,FOUR_A,49.958,124.975,7.99,302.636,0.779,15.677,35.032,1.541,5.25,67.24,427.78,83.651,14.1807,209.463,19.079,36.94,0
AERO-001199,LOT-2507-0013,23-juil-2025 15:18:00,M02,INCONEL718,CONTROLE,SOIR,FOUR_C,49.997,124.682,7.942,322.746,1.271,20.804,37.287,1.188,5.184,64.087,373.32,74.088,14.5604,251.456,18.257,40.08,0
AERO-001200,LOT-2502-0036,01-févr-2025 03:50:00,M03,TI6AL4V,TRAITEMENT,MATIN,FOUR_C,49.823,124.596,7.964,312.509,1.298,19.331,37.822,0.946,5.043,73.091,366.1,71.843,14.4372,236.575,17.172,40.99,0
AERO-001201,LOT-2503-0096,21-mars-2025 15:03:00,M06,AL7075,USINAGE,NUIT,FOUR_A,49.94,125.1,8.055,306.117,0.827,14.768,34.684,2.178,5.847,70.25,429.26,78.543,14.5085,187.989,17.077,35.23,0
AERO-001202,LOT-2506-0080,15-juin-2025 12:55:00,M03,AL7075,CONTROLE,MATIN,FOUR_C,49.98,125.164,8.032,NaN,1.146,16.103,33.098,1.426,4.484,69.37,407.11,84.291,14.3816,201.653,19.392,51.03,0
AERO-001203,LOT-2501-0044,01-janv-2025 17:10:00,M04,AL7075,USINAGE,NUIT,FOUR_A,50.062,124.373,7.981,304.574,1.032,21.618,37.25,1.392,4.485,66.455,417.89,79.6,14.5178,190.793,18.914,42.62,0
AERO-001204,LOT-2506-0147,04-juin-2025 18:16:00,M01,AL7075,CONTROLE,SOIR,FOUR_B,49.935,124.447,7.931,301.904,0.725,24.967,31.839,1.077,3.662,67.678,442.26,83.464,14.2416,NaN,20.182,43.08,0
AERO-001205,LOT-2505-0055,26-mai-2025 20:12:00,M01,AL7075,USINAGE,NUIT,FOUR_A,50.062,125.383,8.068,293.53,2.307,12.395,35.642,1.719,5.938,67.228,408.51,78.011,14.1945,172.386,17.267,63.79,1
AERO-001206,LOT-2502-0145,13-févr-2025 19:09:00,M02,TI6AL4V,CONTROLE,MATIN,FOUR_A,49.742,124.882,7.946,305.855,2.225,11.226,31.509,1.563,5.09,68.036,423.99,69.445,14.4383,211.574,20.147,38.95,1
AERO-001207,LOT-2509-0123,24-sept-2025 20:02:00,M06,AL7075,USINAGE,NUIT,FOUR_A,50.033,125.098,7.993,303.88,1.109,14.992,37.665,1.619,5.001,70.684,472.91,78.053,14.625,207.225,20.553,35,0
AERO-001208,LOT-2505-0103,16-mai-2025 07:59:00,M05,TI6AL4V,CONTROLE,MATIN,FOUR_D,49.967,125.072,8.114,310.409,1.434,21.73,36.69,1.336,5.003,71.292,387.14,73.076,14.6393,237.536,17.923,45.94,0
AERO-001209,LOT-2511-0239,18-nov-2025 18:06:00,M06,AL7075,CONTROLE,MATIN,FOUR_B,49.758,125.141,7.947,300.299,1.251,14.818,38.137,1.734,5.066,72.232,463.27,85.837,14.891,229.175,20.09,43.29,0
AERO-001210,LOT-2510-0204,09-oct-2025 11:34:00,M02,TI6AL4V,TRAITEMENT,SOIR,FOUR_D,49.671,124.395,7.946,313.202,0.892,15.514,34.665,1.331,5.226,64.335,425.29,80.799,14.7384,227.248,17.599,46.56,0
AERO-001211,LOT-2509-0089,30-sept-2025 07:44:00,M03,INCONEL718,USINAGE,MATIN,FOUR_A,49.883,125.166,8.115,320.127,1.296,18.886,29.928,1.544,5.664,68.133,357.86,81.616,14.5508,267.121,17.025,54.93,0
AERO-001212,LOT-2502-0010,12-févr-2025 02:07:00,M06,AL7075,USINAGE,NUIT,FOUR_B,50.063,124.688,7.961,298.396,1.022,20.405,35.741,1.494,5.02,66.63,329.08,83.828,14.2671,189.624,17.478,55.93,0
AERO-001213,LOT-2507-0022,13-juil-2025 21:37:00,M05,AL7075,USINAGE,SOIR,FOUR_B,49.935,124.74,8.028,303.078,1.241,10.293,NaN,1.867,5.573,65.991,369.38,79.507,14.6111,202.849,18.106,45.03,0
AERO-001214,LOT-2503-0015,30-mars-2025 16:14:00,M06,TI6AL4V,USINAGE,MATIN,FOUR_A,50.062,125.132,7.957,315.452,0.865,19.428,31.497,1.409,4.62,73.947,413.41,78.764,14.1003,249.922,18.806,51.96,0
AERO-001215,LOT-2512-0088,03-déc-2025 05:02:00,M03,TI6AL4V,CONTROLE,SOIR,FOUR_C,50.086,124.834,8.002,314.373,1.043,15.737,35.021,1.449,5.211,71.667,425.15,78.087,14.6604,237.364,18.869,32.86,0
AERO-001216,LOT-2501-0173,03-janv-2025 04:01:00,M01,AL7075,TRAITEMENT,SOIR,FOUR_C,49.781,125.119,7.961,306.211,1.318,18.956,33.315,1.346,5.398,69.452,418.62,82.937,14.6534,198.984,17.787,NaN,0
AERO-001217,LOT-2505-0180,15-mai-2025 21:13:00,M04,AL7075,USINAGE,MATIN,FOUR_A,49.667,124.109,8.031,304.329,1.115,8.905,28.518,1.555,5.823,71.434,407.73,87.034,14.8878,201.095,22.023,49.69,0
AERO-001218,LOT-2602-0239,26-févr-2026 07:48:00,M01,TI6AL4V,CONTROLE,SOIR,FOUR_B,50.054,125.001,7.951,307.212,0.918,15.169,31,1.427,5.04,67.907,398.14,74.142,14.7554,233.459,19.088,47.44,0
AERO-001219,LOT-2602-0116,10-févr-2026 01:59:00,M02,TI6AL4V,CONTROLE,SOIR,FOUR_A,50.117,124.542,7.981,315.242,0.944,18.297,31.798,0.69,3.685,72.533,486.91,80.273,14.4119,240.163,18.96,37.11,0
AERO-001220,LOT-2601-0058,19-janv-2026 20:07:00,M02,TI6AL4V,USINAGE,SOIR,FOUR_B,49.935,124.512,8.012,313.517,1.003,15.678,33.699,1.315,5.2,66.884,395.51,75.846,14.4047,227.752,19.714,39.15,0
AERO-001221,LOT-2504-0215,11-avr-2025 08:05:00,M01,AL7075,TRAITEMENT,NUIT,FOUR_B,49.849,124.853,8.017,300.778,1.523,23.507,41.52,2.687,7.097,73.398,506.28,80.094,14.0514,205.425,19.748,42.83,1
AERO-001222,LOT-2504-0188,09-avr-2025 22:27:00,M02,TI6AL4V,CONTROLE,NUIT,FOUR_D,49.859,125.065,8.026,311.508,1.31,20.362,33.557,1.262,4.59,70.817,404.87,76.34,14.5855,231.278,18.13,54.46,0
AERO-001223,LOT-2512-0101,06-déc-2025 09:35:00,M03,AL7075,USINAGE,MATIN,FOUR_B,50.321,124.775,7.891,304.998,1.219,23.388,36.087,1.549,4.9,70.267,416.63,76.523,14.7146,208.576,18.331,45.02,0
AERO-001224,LOT-2506-0185,08-juin-2025 20:18:00,M02,AL7075,USINAGE,NUIT,FOUR_A,49.783,125.885,8.032,304.386,1.092,46.465,33.66,1.174,3.985,65.887,386.96,75.512,13.9799,198.793,17.649,36.54,1
AERO-001225,LOT-2512-0116,22-déc-2025 17:31:00,M02,TI6AL4V,CONTROLE,NUIT,FOUR_A,49.878,124.925,8.073,319.173,0.866,15.639,34.859,1.409,4.7,72.008,407.38,75.139,14.4266,237.941,17.178,29.27,0
AERO-001226,LOT-2508-0191,25-août-2025 02:54:00,M02,AL7075,USINAGE,SOIR,FOUR_C,49.962,125.059,8.001,298.415,1.155,20.166,30.681,1.381,5.438,66.068,414.02,81.546,14.5052,203.761,20.261,43.36,0
AERO-001227,LOT-2512-0112,22-déc-2025 01:41:00,M05,AL7075,TRAITEMENT,MATIN,FOUR_C,50.057,124.967,7.929,303.235,1.297,21.216,33.963,1.679,5.178,67.558,475.54,81.49,14.8307,185.052,17.879,58.29,0
AERO-001228,LOT-2504-0158,03-avr-2025 14:38:00,M02,INCONEL718,USINAGE,SOIR,FOUR_B,50.176,125.074,8.01,322.093,1.021,17.779,29.057,1.248,4.982,71.122,458.69,77.209,14.4578,257.659,17.744,31.05,0
AERO-001229,LOT-2602-0229,26-févr-2026 14:22:00,M06,AL7075,USINAGE,SOIR,FOUR_A,50.055,124.591,7.931,300.12,0.904,15.759,34.709,2.024,5.426,71.991,402.26,80.156,14.7783,206.541,17.902,38.5,0
AERO-001230,LOT-2509-0033,17-sept-2025 15:02:00,M05,AL7075,USINAGE,MATIN,FOUR_C,49.992,125.076,7.833,299.876,0.916,17.85,33.99,1.778,5.285,70.34,412.9,77.785,14.4844,198.363,18.949,52.21,0
AERO-001231,LOT-2510-0094,25-oct-2025 10:18:00,M01,TI6AL4V,CONTROLE,SOIR,FOUR_C,49.836,125.389,8.038,312.131,0.982,14.711,35.336,1.213,4.75,64.108,464.85,77.869,14.3237,227.03,18.715,46.76,0
AERO-001232,LOT-2501-0019,31-janv-2025 17:43:00,M05,TI6AL4V,USINAGE,SOIR,FOUR_B,49.999,124.916,8.111,NaN,1.085,19.015,33.887,1.485,3.897,61.796,372.6,76.243,14.2126,235.948,20.44,59.25,0
AERO-001233,LOT-2501-0197,02-janv-2025 08:16:00,M05,AL7075,USINAGE,MATIN,FOUR_B,50.143,124.445,8.013,301.668,1.199,17.129,40.265,1.846,5.951,69.025,421.78,76.769,14.3681,219.834,18.631,51.27,0
AERO-001234,LOT-2505-0044,19-mai-2025 22:02:00,M06,AL7075,USINAGE,MATIN,FOUR_B,50.352,125.83,8.107,301.76,1.431,48.348,33.962,1.659,5.219,68.675,438.29,80.472,14.4957,197.504,17.022,49.71,1
AERO-001235,LOT-2512-0222,03-déc-2025 18:58:00,M06,TI6AL4V,USINAGE,MATIN,FOUR_A,50.032,124.897,7.945,311.376,1.062,18.641,35.947,2.457,6.141,71.148,363.17,73.672,14.5976,230.348,19.043,50.98,0
AERO-001236,LOT-2503-0231,27-mars-2025 22:41:00,M06,AL7075,CONTROLE,NUIT,FOUR_D,50.064,125.384,7.87,301.294,1.207,22.137,31.117,1.429,4.948,69.353,414.35,80.797,14.6031,191.354,17.491,61.31,0
AERO-001237,LOT-2509-0052,10-sept-2025 08:17:00,M03,TI6AL4V,CONTROLE,SOIR,FOUR_A,49.852,125.031,7.956,316.231,0.797,18.001,34.74,1.665,6.512,70.228,389.58,80.069,14.1896,238.411,16.906,34.79,0
AERO-001249,LOT-2502-0231,25-févr-2025 23:41:00,M02,TI6AL4V,CONTROLE,NUIT,FOUR_D,50.188,125.246,7.939,317.491,1.293,18.989,31.721,1.5,5.963,64.913,396.75,74.081,14.6858,248.052,19.116,37.79,0
AERO-001239,LOT-2509-0050,03-sept-2025 02:05:00,M01,INCONEL718,CONTROLE,MATIN,FOUR_D,50.051,125.043,8.126,320.582,1.069,21.432,33.88,1.542,5.52,67.42,445.65,73.316,14.4192,257.004,19.513,46.41,0
AERO-001240,LOT-2509-0127,03-sept-2025 19:45:00,M02,AL7075,CONTROLE,MATIN,FOUR_D,49.957,125.292,8.04,306.093,1.397,23.388,33.771,1.623,4.991,75.455,499.22,65.013,15.1752,212.582,18.016,38.47,1
AERO-001241,LOT-2502-0057,07-févr-2025 18:03:00,M02,TI6AL4V,CONTROLE,NUIT,FOUR_A,49.823,125.257,7.857,314.303,1.134,14.629,32.299,1.611,5.809,65.657,454,76.138,14.2465,239.18,18.235,34.49,0
AERO-001242,LOT-2512-0049,04-déc-2025 23:11:00,M01,AL7075,TRAITEMENT,MATIN,FOUR_D,50.518,125.085,7.97,304.338,1.321,14.909,31.553,1.459,4.637,64.363,373,80.841,14.3354,208.746,17.951,34.27,0
AERO-001243,LOT-2510-0137,30-oct-2025 10:24:00,M05,TI6AL4V,CONTROLE,MATIN,FOUR_C,50.283,124.769,8.073,397.451,0.968,13.337,32.074,1.595,5.359,69.287,413.61,69.651,14.5606,200.245,16.933,34.32,1
AERO-001244,LOT-2504-0133,07-avr-2025 05:36:00,M05,AL7075,TRAITEMENT,SOIR,FOUR_C,50.093,125.262,8.034,289.348,1.84,11.946,36.927,1.772,5.332,67.244,339.59,69.399,14.7254,166.478,20.957,46.46,1
AERO-001245,LOT-2505-0079,07-mai-2025 17:13:00,M06,AL7075,USINAGE,NUIT,FOUR_A,50.097,124.887,8.034,304.98,1.145,14.118,40.809,2.073,5.496,67.92,402.53,82.072,14.6219,208.124,17.747,48.57,0
AERO-001246,LOT-2512-0003,17-déc-2025 02:16:00,M02,TI6AL4V,USINAGE,NUIT,FOUR_B,50.682,126.752,8.028,316.8,1.407,NaN,31.678,1.361,5.348,64.973,458.9,78.26,14.4027,240.935,21.143,38.79,1
AERO-001247,LOT-2512-0071,10-déc-2025 04:27:00,M02,TI6AL4V,USINAGE,MATIN,FOUR_B,50.156,124.526,7.888,315.913,1.226,16.839,34.052,0.996,5.282,68.566,450.34,82.837,14.9366,242.164,19.684,35.6,0
AERO-001248,LOT-2503-0011,28-mars-2025 17:43:00,M04,AL7075,CONTROLE,MATIN,FOUR_A,50.111,125.326,NaN,305.225,0.795,14.525,34.972,1.486,5.139,NaN,392.22,86.965,14.144,189.739,21.435,49.31,0
AERO-001249,LOT-2502-0231,25-févr-2025 23:41:00,M02,TI6AL4V,CONTROLE,NUIT,FOUR_D,50.188,125.246,7.939,317.491,1.293,18.989,31.721,1.5,5.963,64.913,396.75,74.081,14.6858,248.052,19.116,37.79,0
AERO-001250,LOT-2602-0106,02-févr-2026 17:03:00,M02,AL7075,CONTROLE,SOIR,FOUR_B,50.32,124.769,8.123,300.032,0.939,18.901,28.514,1.084,5.04,68.522,442.85,82.401,14.0875,210.417,15.029,52.37,0
AERO-001251,LOT-2512-0172,01-déc-2025 03:03:00,M06,AL7075,TRAITEMENT,MATIN,FOUR_C,49.917,125.556,7.909,300.013,2.785,18.849,38.25,1.857,4.738,70.737,438.81,86.202,14.5311,202.843,15.211,47.53,1
AERO-001252,LOT-2508-0172,11-août-2025 12:08:00,M05,INCONEL718,TRAITEMENT,MATIN,FOUR_A,50.028,123.906,7.955,324.853,1.322,9.635,30.169,1.516,4.949,NaN,448.93,69.745,14.7356,248.208,18.457,31.67,0
AERO-001253,LOT-2504-0223,05-avr-2025 22:10:00,M06,AL7075,CONTROLE,NUIT,FOUR_A,49.964,124.221,7.937,299.696,0.768,18.74,41.431,3.507,7.781,73.778,351.45,79.95,14.2373,210.431,18.756,45.26,1
AERO-001254,LOT-2506-0152,20-juin-2025 00:35:00,M03,TI6AL4V,CONTROLE,MATIN,FOUR_A,50.047,125.275,8.147,313.846,1.002,20.255,32.887,1.706,5.343,68.934,403.17,73.876,14.1135,235.241,16.648,50.7,0
AERO-001255,LOT-2507-0213,02-juil-2025 04:35:00,M04,AL7075,TRAITEMENT,SOIR,FOUR_C,49.938,124.394,8.081,301.788,0.987,14.082,30.829,1.67,5.468,69.18,362.86,79.956,14.7856,207.562,17.63,35.74,0
AERO-001256,LOT-2502-0060,03-févr-2025 07:34:00,M03,AL7075,CONTROLE,NUIT,FOUR_C,50.13,125.478,7.975,302.598,1.148,22.125,33.533,1.619,5.189,68.438,449.12,83.776,14.6315,211.68,18.415,55.46,0
AERO-001257,LOT-2601-0215,02-janv-2026 04:35:00,M02,TI6AL4V,CONTROLE,MATIN,FOUR_B,50.1,124.724,7.97,307.681,1.328,15.23,32.54,1.246,4.768,67.862,430.57,78.383,14.6926,250.525,18.886,32.95,0
AERO-001258,LOT-2511-0139,17-nov-2025 13:54:00,M03,TI6AL4V,USINAGE,NUIT,FOUR_A,50.196,124.411,8.023,310.596,1.051,22.656,34.464,1.068,5.19,NaN,433.73,77.272,14.2809,228.574,17.667,43.46,0
AERO-001259,LOT-2511-0014,16-nov-2025 16:22:00,M04,TI6AL4V,TRAITEMENT,MATIN,FOUR_D,49.743,124.818,7.984,316.3,0.864,17.435,35.953,1.838,6.604,65.618,368.99,75.195,14.0813,242.482,19.032,52.25,0
AERO-001260,LOT-2503-0162,17-mars-2025 03:08:00,M03,INCONEL718,TRAITEMENT,NUIT,FOUR_A,49.96,125.584,7.965,321.303,1.355,23.536,31.699,1.395,5.314,75.918,366.22,76.361,14.5994,253.329,20.652,39.06,0
AERO-001261,LOT-2504-0022,26-avr-2025 02:05:00,M01,AL7075,CONTROLE,SOIR,FOUR_B,49.802,124.811,8.019,297.312,1.099,26.696,32.153,1.131,4.274,73.283,408.48,79.689,14.2035,191.082,20.965,31.33,0
AERO-001262,LOT-2506-0205,20-juin-2025 07:40:00,M02,AL7075,TRAITEMENT,SOIR,FOUR_A,50.067,125.036,7.998,301.626,2.907,19.252,35.694,1.095,4.598,71.538,448.65,83.114,14.5782,212.094,24.383,44.01,1
AERO-001263,LOT-2511-0034,17-nov-2025 04:44:00,M02,AL7075,CONTROLE,SOIR,FOUR_D,50.183,125.193,7.983,302.71,1.31,18.757,34.655,1.244,5.056,70.035,458.81,79.649,14.5254,201.662,20.31,45.24,0
AERO-001264,LOT-2512-0158,06-déc-2025 19:31:00,M06,AL7075,TRAITEMENT,SOIR,FOUR_D,49.932,124.729,8.032,303.287,1.018,22.368,35.068,1.881,5.429,70.043,427.75,79.997,14.3205,207.875,21.712,55.66,0
AERO-001265,LOT-2506-0002,29-juin-2025 20:35:00,M05,AL7075,CONTROLE,MATIN,FOUR_A,49.875,125.289,8.003,305.837,1.341,24.035,35.664,1.732,6.136,72.298,416.26,NaN,14.3751,207.983,19.066,57.73,0
AERO-001266,LOT-2509-0214,09-sept-2025 16:46:00,M03,AL7075,USINAGE,MATIN,FOUR_C,49.884,124.364,8.097,299.401,2.631,12.984,31.658,1.286,5.333,69.898,357.94,77.936,14.2218,192.539,22.671,64.25,1
AERO-001267,LOT-2501-0126,13-janv-2025 20:05:00,M01,AL7075,USINAGE,MATIN,FOUR_C,49.93,124.702,7.909,302.007,1.415,19.646,35.033,1.56,5.195,68.984,398.42,81.86,14.517,216.096,19.121,41.13,0
AERO-001268,LOT-2502-0063,28-févr-2025 23:44:00,M01,AL7075,TRAITEMENT,SOIR,FOUR_A,50.849,126.297,8.049,299.98,0.931,43.694,32.9,1.262,5.101,65.797,487.59,81.867,14.447,214.251,20.828,42.25,1
AERO-001269,LOT-2510-0121,10-oct-2025 06:07:00,M05,INCONEL718,CONTROLE,MATIN,FOUR_A,50.014,125.27,7.958,332.257,1.893,11.254,36.651,1.696,5.263,64.572,402.96,58.155,14.6858,229.206,19.263,36.44,1
AERO-001270,LOT-2506-0062,19-juin-2025 02:45:00,M04,INCONEL718,CONTROLE,MATIN,FOUR_D,49.882,124.979,8.098,318.437,3.761,16.542,33.359,1.376,5.581,69.561,488.04,75.203,14.462,254.583,18.991,50.22,0
AERO-001271,LOT-2503-0030,19-mars-2025 18:47:00,M02,TI6AL4V,CONTROLE,MATIN,FOUR_A,49.923,124.492,7.987,318.358,1.083,17.111,31,1.649,5.641,71.75,475.35,74.531,14.4267,247.134,19.36,48.75,0
AERO-001272,LOT-2508-0155,01-août-2025 23:59:00,M06,AL7075,USINAGE,MATIN,FOUR_A,50.464,125.046,8.02,303.578,1.182,21.575,35.064,1.628,5.701,65.94,408.92,77.88,14.4123,201.344,16.772,53.23,0
AERO-001273,LOT-2504-0038,21-avr-2025 21:21:00,M05,TI6AL4V,TRAITEMENT,MATIN,FOUR_D,50.168,125.413,8.109,315.45,1.162,20.391,29.683,1.358,5.083,69.141,NaN,76.405,14.5102,232.766,19.214,32.2,0
AERO-001274,LOT-2512-0103,15-déc-2025 00:01:00,M05,AL7075,USINAGE,MATIN,FOUR_A,49.922,125.618,8.018,NaN,0.849,24.41,33.392,1.907,5.299,81.216,385.39,70.684,15.3686,201.242,19.563,49.28,1
AERO-001275,LOT-2506-0149,01-juin-2025 16:27:00,M05,INCONEL718,TRAITEMENT,SOIR,FOUR_A,49.779,124.954,8.018,319.581,1.013,18.289,33.393,1.514,5.137,71.106,342.12,69.821,14.7928,262.928,19.623,36.54,0
AERO-001276,LOT-2508-0086,07-août-2025 15:58:00,M04,AL7075,USINAGE,MATIN,FOUR_B,50.091,124.973,7.879,304.13,1.036,20.201,31.652,1.283,4.474,64.057,376.64,79.956,14.5789,196.951,19.51,43.66,0
AERO-001277,LOT-2505-0095,17-mai-2025 22:07:00,M05,AL7075,CONTROLE,SOIR,FOUR_A,49.87,125.007,7.958,299.885,1.003,24.023,35.745,1.374,4.66,68.993,485.1,76.733,14.168,194.691,19.218,26.5,0
AERO-001278,LOT-2503-0020,05-mars-2025 10:38:00,M01,INCONEL718,TRAITEMENT,SOIR,FOUR_B,50.473,125.314,7.963,329.96,1.52,10.274,37.043,0.983,4.684,67.29,421.9,72.469,14.6148,213.843,20.275,48.27,1
AERO-001279,LOT-2602-0066,11-févr-2026 16:37:00,M06,TI6AL4V,USINAGE,NUIT,FOUR_D,49.852,124.579,7.998,312.618,1.15,6.925,36.885,1.919,5.531,72.875,391.79,77.26,14.6685,245.242,17.933,66.48,0
AERO-001280,LOT-2502-0090,14-févr-2025 21:51:00,M02,INCONEL718,CONTROLE,MATIN,FOUR_B,50.036,124.688,7.991,317.131,1.884,18.2,31.902,1.299,5.183,65.721,359.62,65.226,14.4042,250.644,17.883,48.78,1
AERO-001281,LOT-2502-0172,12-févr-2025 10:56:00,M03,AL7075,TRAITEMENT,SOIR,FOUR_A,49.841,125.097,7.958,306.522,1.928,17.755,NaN,1.267,4.845,66.591,448.21,72.707,14.4943,199.008,21.595,46.96,1
AERO-001282,LOT-2502-0120,02-févr-2025 11:45:00,M03,AL7075,USINAGE,SOIR,FOUR_C,49.897,124.867,8.095,298.6,2.46,28.565,34.192,1.457,5.33,68.618,437.22,83.045,14.5273,199.008,22.819,46.84,1
AERO-001283,LOT-2507-0184,28-juil-2025 04:47:00,M04,TI6AL4V,TRAITEMENT,MATIN,FOUR_B,49.927,124.898,7.989,311.336,1.312,23.061,31.659,1.635,5.032,70.108,466.7,75.632,14.4818,237.902,19.328,45.71,0
AERO-001284,LOT-2511-0095,19-nov-2025 09:58:00,M06,AL7075,CONTROLE,SOIR,FOUR_B,49.769,124.779,8.138,300.408,1.309,14.906,38.855,2.001,5.448,68.279,428.39,77.765,14.2836,200.42,20.109,37.84,0
AERO-001285,LOT-2508-0061,11-août-2025 13:39:00,M01,AL7075,TRAITEMENT,MATIN,FOUR_C,50.271,125.008,7.921,306.101,1.129,18.69,42.832,2.68,8.861,64.127,423.35,85.088,14.1306,214.167,19.351,45.87,1
AERO-001286,LOT-2512-0186,24-déc-2025 22:06:00,M03,TI6AL4V,USINAGE,NUIT,FOUR_D,50.585,123.634,8.007,314.854,1.231,45.736,31.828,1.31,4.346,66.352,419.09,74.232,14.3657,235.052,18.089,32.05,1
AERO-001287,LOT-2507-0156,18-juil-2025 05:49:00,M03,TI6AL4V,USINAGE,SOIR,FOUR_B,49.972,125.116,8.02,315.525,0.751,19.861,33.637,1.551,5.045,68.13,395.5,73.339,14.6577,226.567,18.546,49.77,0
AERO-001288,LOT-2502-0240,17-févr-2025 11:27:00,M04,TI6AL4V,TRAITEMENT,NUIT,FOUR_B,50.051,124.769,8.052,316.938,0.987,NaN,28.229,1.201,5.332,69.03,438.73,74.476,14.5,235.645,16.14,26.54,0
AERO-001289,LOT-2601-0017,20-janv-2026 20:14:00,M06,AL7075,TRAITEMENT,MATIN,FOUR_B,50.192,124.95,7.933,303.092,1.067,19.683,40.235,2.015,5.746,67.944,409.45,86.71,14.8427,206.308,17.757,39.5,0
AERO-001290,LOT-2510-0230,26-oct-2025 07:47:00,M06,AL7075,USINAGE,MATIN,FOUR_B,50.288,124.742,8.089,302.813,1.235,17.006,34.146,1.551,5.806,70.115,415.54,82.479,14.5165,203.767,21.391,34.29,0
AERO-001291,LOT-2505-0127,17-mai-2025 07:40:00,M01,AL7075,TRAITEMENT,NUIT,FOUR_C,49.715,NaN,7.838,299.109,1.068,27.466,33.755,1.52,4.866,66.449,389.27,79.903,14.4894,197.543,17.211,33.87,0
AERO-001292,LOT-2504-0192,24-avr-2025 14:25:00,M04,AL7075,USINAGE,MATIN,FOUR_A,49.79,124.971,8.067,305.061,1.016,17.196,31.41,1.468,5.191,69.299,473.4,74.287,14.3312,189.952,20.759,40.6,0
AERO-001293,LOT-2508-0066,14-août-2025 04:21:00,M06,AL7075,CONTROLE,NUIT,FOUR_D,49.888,125.072,8.056,301.756,1.875,10.227,37.603,1.807,5.706,66.446,430.34,83.567,14.4013,197.126,17.479,50.74,1
AERO-001294,LOT-2508-0196,24-août-2025 16:06:00,M06,TI6AL4V,TRAITEMENT,NUIT,FOUR_A,50.044,125.371,8.09,315.156,1.243,26.211,38.326,2.155,6.026,79.904,207.93,72.843,15.1005,242.002,19.278,32.58,1
AERO-001295,LOT-2511-0234,17-nov-2025 02:18:00,M04,AL7075,USINAGE,SOIR,FOUR_A,49.822,125.089,7.927,297.841,1.155,20.504,31.93,1.214,5.164,66.236,399.14,81.971,NaN,196.472,16.856,52.69,0
AERO-001296,LOT-2505-0017,09-mai-2025 12:01:00,M05,AL7075,CONTROLE,SOIR,FOUR_C,49.871,125.132,8.022,304.776,0.978,18.237,36.713,1.656,5.304,77.839,304.43,63.354,14.9964,205.388,17.497,43.62,1
AERO-001297,LOT-2501-0095,11-janv-2025 08:27:00,M06,INCONEL718,USINAGE,SOIR,FOUR_A,50.086,124.862,8.02,319.497,1.343,23.059,35.46,1.644,5.519,70.373,456.51,74.826,14.5715,243.508,19.382,42.68,0
AERO-001298,LOT-2505-0067,18-mai-2025 02:29:00,M04,AL7075,CONTROLE,MATIN,FOUR_A,49.765,125.156,8.02,305.591,0.92,19.533,33.106,1.109,5.432,66.609,420.64,82.068,14.1399,207.442,18.831,39.95,0
AERO-001299,LOT-2510-0010,03-oct-2025 05:22:00,M04,INCONEL718,TRAITEMENT,MATIN,FOUR_C,50.083,125.242,8.007,333.694,2.543,15.837,27.801,1.688,NaN,67.411,424.29,71.613,14.4758,229.103,16.816,45.84,1
AERO-001300,LOT-2601-0035,03-janv-2026 07:25:00,M06,INCONEL718,USINAGE,MATIN,FOUR_A,49.689,124.872,7.965,317.725,1.164,NaN,40.171,1.598,4.97,73.062,356.25,76.848,14.5855,258.142,19.669,38.43,0
AERO-001301,LOT-2506-0176,12-juin-2025 00:25:00,M02,TI6AL4V,TRAITEMENT,SOIR,FOUR_A,49.446,124.363,NaN,311.78,0.905,39.607,32.097,1.868,4.988,68.546,441.44,76.021,14.3337,244.058,18.227,33.41,1
AERO-001302,LOT-2505-0125,12-mai-2025 00:15:00,M04,INCONEL718,USINAGE,MATIN,FOUR_C,50.084,125.191,8.114,323.949,2.333,22.231,31.353,1.479,5.2,68.973,393.58,73.811,14.3114,264.75,15.501,43.75,1
AERO-001303,LOT-2508-0184,06-août-2025 17:20:00,M04,AL7075,USINAGE,SOIR,FOUR_C,49.808,125.24,7.964,304.946,1.285,22.278,29.821,1.217,4.899,65.081,407.52,81.911,14.3226,192.385,19.248,47.95,0
AERO-001304,LOT-2501-0208,11-janv-2025 09:59:00,M02,TI6AL4V,USINAGE,SOIR,FOUR_B,50.151,125.451,7.972,317.5,1.546,18.321,31.73,1.822,5.486,78.548,206.56,53.159,15.308,224.765,17.597,43.89,1
AERO-001305,LOT-2502-0146,19-févr-2025 17:49:00,M06,AL7075,USINAGE,MATIN,FOUR_C,49.946,125.084,8.04,305.463,0.754,20.734,31.835,1.357,5.411,70.218,399.89,81.037,14.3701,201.574,22.699,42.97,0
AERO-001306,LOT-2506-0093,23-juin-2025 11:35:00,M02,AL7075,CONTROLE,SOIR,FOUR_C,49.943,124.645,8.116,302.45,1.026,15.738,37.567,1.363,4.883,71.428,439.97,80.226,14.3603,205.348,17.373,39.59,0
AERO-001307,LOT-2509-0192,05-sept-2025 19:13:00,M03,TI6AL4V,CONTROLE,MATIN,FOUR_D,50.123,124.779,8.029,312.819,0.883,19.158,33.865,1.041,5.339,84.389,543.22,52.029,14.9232,237.98,19.357,56.03,1
AERO-001308,LOT-2510-0117,30-oct-2025 15:26:00,M05,TI6AL4V,USINAGE,MATIN,FOUR_A,49.728,125.379,7.992,313.702,1.892,20.265,33.486,1.698,6.342,69.462,475.46,66.151,14.5009,198.724,16.875,40,1
AERO-001309,LOT-2507-0056,13-juil-2025 09:35:00,M02,AL7075,CONTROLE,SOIR,FOUR_D,49.874,124.709,8.121,306.91,1.374,20.386,33.202,1.422,5.777,71.407,442.59,79.868,14.6107,204.222,18.466,36.76,0
AERO-001310,LOT-2512-0074,02-déc-2025 10:10:00,M01,TI6AL4V,CONTROLE,SOIR,FOUR_B,50.007,124.847,7.97,315.32,1.435,12.313,32.276,1.312,5.012,69.618,461.91,83.913,14.7956,230.63,18.29,45.22,0
AERO-001311,LOT-2510-0176,26-oct-2025 20:03:00,M04,AL7075,CONTROLE,MATIN,FOUR_D,50.13,125.129,8.124,304.926,1.104,14.959,36.162,1.491,5.764,69.376,414.61,78.727,14.3981,207.389,20.399,45.96,0
AERO-001312,LOT-2510-0229,10-oct-2025 02:55:00,M06,AL7075,USINAGE,MATIN,FOUR_B,49.984,124.998,7.988,303.106,1.205,20.631,32.358,1.661,5.014,79.039,190.04,69.869,14.8773,213.506,16.852,47.26,1
AERO-001313,LOT-2508-0151,05-août-2025 18:22:00,M05,AL7075,CONTROLE,SOIR,FOUR_A,50.1,124.197,8.081,301.044,1.307,23.549,35.154,1.588,5.907,66.319,421.13,71.981,14.3358,203.922,18.699,36.08,0
AERO-001314,LOT-2602-0057,18-févr-2026 19:42:00,M05,TI6AL4V,USINAGE,MATIN,FOUR_A,50.409,125.697,7.999,308.458,1.075,14.275,33.206,2.189,5.336,68.103,434.39,67.972,14.9414,236.676,19.42,52.56,0
AERO-001315,LOT-2511-0237,18-nov-2025 06:07:00,M04,INCONEL718,TRAITEMENT,NUIT,FOUR_B,50.002,124.915,8.049,321.831,0.91,17.847,34.251,1.31,4.418,69.68,428.03,76.529,14.7756,252.494,18.788,46.98,0
AERO-001316,LOT-2508-0108,19-août-2025 00:06:00,M02,AL7075,CONTROLE,MATIN,FOUR_A,50.221,124.863,8.007,301.81,1.309,16.346,33.689,0.888,4.818,69.481,422.81,82.724,14.7131,209.015,20.25,37.96,0
AERO-001317,LOT-2508-0065,01-août-2025 14:54:00,M02,TI6AL4V,USINAGE,MATIN,FOUR_A,49.837,124.525,8.194,317.644,0.956,16.671,32.052,1.323,5.368,70.632,456.83,79.316,14.3327,232.326,19.204,40.14,0
AERO-001318,LOT-2511-0232,24-nov-2025 16:25:00,M03,AL7075,USINAGE,MATIN,FOUR_A,49.899,125.227,NaN,306.947,1.325,18.142,32.791,1.951,5.737,68.428,452.67,73.342,14.7711,210.417,19.305,46.47,0
AERO-001319,LOT-2602-0063,21-févr-2026 06:22:00,M06,AL7075,CONTROLE,MATIN,FOUR_A,50.071,124.263,7.976,302.157,1.078,12.565,38.229,1.877,5.979,67.548,404.55,87.553,14.6658,210.487,17.594,39.1,0
AERO-001320,LOT-2510-0232,12-oct-2025 12:48:00,M01,AL7075,TRAITEMENT,MATIN,FOUR_C,49.906,124.799,7.928,300.296,1.152,20.387,30.094,1.072,4.436,67.751,491.94,87.737,14.5951,210.675,20.858,57.65,0
AERO-001321,LOT-2511-0089,03-nov-2025 06:55:00,M01,TI6AL4V,USINAGE,MATIN,FOUR_A,50.053,124.825,8.185,313.33,0.929,15.092,32,1.347,5.305,64.96,404.47,77.551,14.543,225.536,19.422,46.4,0
AERO-001322,LOT-2507-0123,22-juil-2025 22:02:00,M03,TI6AL4V,CONTROLE,MATIN,FOUR_A,49.962,125.75,7.986,310.635,0.712,18.856,33.712,1.056,4.564,68.703,446.55,77.53,14.3204,234.782,21.173,30.05,0
AERO-001323,LOT-2503-0029,31-mars-2025 16:17:00,M06,AL7075,TRAITEMENT,SOIR,FOUR_B,50.093,125.089,7.98,302.878,1.354,18.379,29.361,2.059,6.234,70.719,422.01,77.602,14.4283,202.992,18.898,37.25,0
AERO-001324,LOT-2510-0064,22-oct-2025 05:40:00,M02,TI6AL4V,CONTROLE,SOIR,FOUR_A,49.879,124.51,7.975,310.732,0.818,12.786,32.455,1.77,5.079,65.938,414.7,75.787,14.6886,236.394,21.057,48.36,0
AERO-001325,LOT-2503-0121,24-mars-2025 05:40:00,M05,TI6AL4V,USINAGE,NUIT,FOUR_A,50.696,126.684,7.952,315.051,1.793,37.066,35.644,1.815,5.75,64.381,376.57,78.267,14.435,245.183,18.718,43.03,1
AERO-001326,LOT-2504-0225,15-avr-2025 15:47:00,M01,INCONEL718,CONTROLE,SOIR,FOUR_A,50.064,124.661,8.027,319.019,1.141,16.324,28.487,1.335,4.864,68.437,420.78,70.671,14.637,250.747,18.829,43.37,0
AERO-001327,LOT-2501-0181,16-janv-2025 09:25:00,M05,INCONEL718,CONTROLE,SOIR,FOUR_D,50.189,125.177,8.048,332.103,1.784,24.945,32.698,1.85,5.902,65.186,371.12,67.887,14.34,244.934,17.421,45.87,1
AERO-001328,LOT-2508-0206,17-août-2025 13:47:00,M03,AL7075,USINAGE,MATIN,FOUR_A,50.167,124.946,7.964,302.647,1.109,18.412,33.503,1.372,5.204,65.726,414.58,79.902,14.5639,203.458,18.807,35.87,0
AERO-001329,LOT-2507-0003,11-juil-2025 20:49:00,M01,AL7075,CONTROLE,MATIN,FOUR_C,49.891,124.408,7.993,300.79,1.07,11.708,35.642,1.226,4.674,73.603,432.64,82.464,14.474,206.839,17.092,46.99,0
AERO-001330,LOT-2505-0094,21-mai-2025 14:09:00,M04,AL7075,USINAGE,SOIR,FOUR_B,50.019,124.169,7.981,306.027,0.752,20.582,32.367,1.509,5.687,77.098,222.94,66.252,15.0477,210.917,18.189,23.59,1
AERO-001331,LOT-2510-0089,03-oct-2025 01:29:00,M06,TI6AL4V,USINAGE,SOIR,FOUR_A,NaN,125.297,8.046,316.551,1.133,38.266,35.184,1.823,5.739,69.861,494.04,79.616,14.7977,236.456,20.334,34.89,1
AERO-001332,LOT-2505-0230,14-mai-2025 03:03:00,M04,AL7075,USINAGE,SOIR,FOUR_A,50.116,124.233,NaN,299.458,1.176,15.077,33.965,1.404,5.197,67.234,407.2,79.772,14.2879,207.186,17.203,53.39,0
AERO-001333,LOT-2512-0066,03-déc-2025 00:15:00,M01,AL7075,TRAITEMENT,MATIN,FOUR_B,49.923,124.651,8.079,304.755,0.784,21.282,48.432,2.867,9.012,67.086,414.98,81.934,14.3296,200.608,17.522,64.87,1
AERO-001334,LOT-2510-0047,22-oct-2025 01:28:00,M04,AL7075,USINAGE,MATIN,FOUR_C,50.306,124.598,7.918,299.68,1.082,14.791,31.666,1.314,5.023,63.325,470.24,78.232,14.5401,205.599,17.532,31.68,0
AERO-001335,LOT-2506-0035,03-juin-2025 16:03:00,M04,INCONEL718,CONTROLE,MATIN,FOUR_B,50.16,124.564,7.92,324.228,1.403,22.447,27.267,1.306,4.514,62.26,431.86,75.394,14.4376,256.015,18.55,26.73,0
AERO-001336,LOT-2502-0183,15-févr-2025 20:50:00,M05,AL7075,TRAITEMENT,MATIN,FOUR_D,49.799,124.115,8.011,299.983,0.92,41.212,34.107,1.697,5.103,66.985,440.74,80.944,14.317,199.459,18.719,35,1
AERO-001337,LOT-2501-0042,23-janv-2025 07:33:00,M03,INCONEL718,CONTROLE,SOIR,FOUR_D,50.199,124.739,7.937,322.772,0.948,13.948,31.783,0.818,4.37,70.334,332.68,74.904,14.5261,258.558,20.231,42,0
AERO-001338,LOT-2502-0046,08-févr-2025 20:41:00,M05,TI6AL4V,TRAITEMENT,SOIR,FOUR_B,50.02,125.102,7.959,319.515,1.098,15.595,36.781,1.897,NaN,68.651,437.56,73.717,14.9105,238.727,21.114,48.08,0
AERO-001339,LOT-2502-0212,09-févr-2025 18:56:00,M02,AL7075,CONTROLE,SOIR,FOUR_B,50.153,124.549,8.047,301.922,0.986,19.177,32.542,2.042,5.87,64.982,462.02,83.64,14.21,197.58,19.692,30.1,0
AERO-001340,LOT-2507-0072,16-juil-2025 14:35:00,M01,AL7075,TRAITEMENT,MATIN,FOUR_D,49.86,125.877,8.034,304.278,1.267,10.617,37.268,1.079,NaN,63.199,402.56,76.071,14.057,204.169,18.238,53.21,0
AERO-001341,LOT-2510-0080,21-oct-2025 21:00:00,M01,AL7075,USINAGE,MATIN,FOUR_A,49.931,126.045,7.971,299.886,1.001,15.448,35.806,1.997,5.901,66.672,393.28,81.312,14.2799,201.522,17.402,38.26,0
AERO-001342,LOT-2602-0024,24-févr-2026 07:29:00,M01,INCONEL718,TRAITEMENT,MATIN,FOUR_A,50.02,124.237,7.981,318.462,1.484,17.388,31.448,1.22,5.541,43.536,427.26,74.139,14.4424,252.139,20.406,41.73,0
AERO-001343,LOT-2503-0152,31-mars-2025 04:23:00,M05,AL7075,CONTROLE,SOIR,FOUR_D,49.873,125.048,8.042,304.304,0.615,19.16,33.723,1.762,5.39,68.135,410.17,79.849,14.5821,197.491,22.575,36.5,0
AERO-001344,LOT-2512-0075,02-déc-2025 08:45:00,M04,AL7075,USINAGE,MATIN,FOUR_B,50.02,124.917,8.065,303.163,0.997,16.513,33.253,0.928,4.611,73.927,176.78,64.75,15.4481,195.342,19.514,44.32,1
AERO-001345,LOT-2503-0032,26-mars-2025 08:00:00,M02,AL7075,USINAGE,SOIR,FOUR_B,49.927,124.393,8.046,301.154,0.841,17.96,33.963,2.147,6.807,74.719,470.28,80.442,14.3678,206.437,20.847,39.25,0
AERO-001346,LOT-2509-0129,30-sept-2025 06:43:00,M04,AL7075,USINAGE,NUIT,FOUR_A,49.788,124.821,7.833,300.907,1.95,16.933,30.734,1.302,4.645,67.382,450.48,78.235,14.446,200.949,17.781,51.76,1
AERO-001347,LOT-2503-0147,14-mars-2025 12:20:00,M05,TI6AL4V,CONTROLE,SOIR,FOUR_C,50.195,NaN,7.905,316.649,0.877,16.527,31.964,1.418,4.518,63.323,371.75,79.151,14.7653,229.718,16.505,54.64,0
AERO-001348,LOT-2512-0115,01-déc-2025 02:51:00,M02,TI6AL4V,USINAGE,SOIR,FOUR_C,50.07,125.035,8.093,317.557,2.011,18.778,33.19,1.007,4.726,68.605,368.82,64.319,14.7724,207.717,17.414,44.13,1
AERO-001349,LOT-2503-0014,28-mars-2025 17:32:00,M05,AL7075,CONTROLE,SOIR,FOUR_B,49.645,124.756,8.05,301.146,1.308,19.539,46.058,3.427,10.445,68.88,430.7,77.922,14.443,204.2,19.855,32.23,1
AERO-001350,LOT-2505-0009,18-mai-2025 20:33:00,M06,AL7075,USINAGE,SOIR,FOUR_D,50.053,125.154,8.094,291.61,1.891,25.289,39.595,1.227,4.341,67.107,437.06,69.209,14.529,162.36,20.039,47.72,1
AERO-001351,LOT-2511-0167,07-nov-2025 19:49:00,M01,TI6AL4V,TRAITEMENT,SOIR,FOUR_D,50.07,125.039,8.004,322.589,2.172,16.406,35.741,1.43,4.727,66.323,368.21,61.972,14.4656,201.407,19.289,43.78,1
AERO-001352,LOT-2506-0020,28-juin-2025 11:11:00,M02,INCONEL718,USINAGE,SOIR,FOUR_B,50.141,125.123,7.974,323.353,0.906,16.035,44.76,2.679,9.255,70.589,404.56,71.902,14.3712,256.461,19.071,52.66,1
AERO-001353,LOT-2509-0175,23-sept-2025 03:29:00,M05,TI6AL4V,TRAITEMENT,SOIR,FOUR_A,49.905,125.3,7.939,318.925,1.024,21.177,33.927,2.048,6.652,66.742,428.43,78.359,14.3909,239.565,17.188,36.26,0
AERO-001354,LOT-2503-0069,15-mars-2025 19:12:00,M05,AL7075,CONTROLE,MATIN,FOUR_D,50.046,125.572,8.027,306.793,1.091,19.455,38.945,2.058,5.896,72.115,422.11,81.403,14.5706,207.622,18.634,48.8,0
AERO-001355,LOT-2505-0145,26-mai-2025 09:22:00,M06,AL7075,USINAGE,MATIN,FOUR_A,50.056,125.321,8.053,302.868,0.74,18.364,33.719,1.829,5.441,69.557,455.88,81.938,14.7262,200.629,19.142,37.07,0
AERO-001516,LOT-2501-0068,07-janv-2025 23:48:00,M05,TI6AL4V,USINAGE,MATIN,FOUR_A,50.001,125.06,7.887,315.97,0.955,16.511,44.204,2.71,6.466,65.819,414.4,73.665,14.6004,241.172,19.304,40.68,1
AERO-001357,LOT-2512-0108,27-déc-2025 17:03:00,M03,AL7075,USINAGE,MATIN,FOUR_A,50.146,124.749,8.035,299.098,0.686,16.884,29.361,1.321,4.253,74.004,416.48,80.759,14.4109,NaN,19.624,52.16,0
AERO-001358,LOT-2602-0085,12-févr-2026 11:48:00,M06,TI6AL4V,CONTROLE,SOIR,FOUR_B,49.959,125.326,8.252,322.658,1.82,20.308,37.481,2.273,6.775,70.093,438.83,67.594,14.5085,207.869,18.005,40.31,1
AERO-001359,LOT-2504-0156,09-avr-2025 15:34:00,M05,TI6AL4V,TRAITEMENT,SOIR,FOUR_B,50.284,124.901,8.024,NaN,1.087,20.303,37.139,1.694,5.795,67.732,478.48,79.642,14.496,229.625,20.549,44.71,0
AERO-001360,LOT-2502-0051,04-févr-2025 08:00:00,M04,INCONEL718,USINAGE,MATIN,FOUR_A,50.058,124.866,7.982,322.425,0.702,22.506,39.648,0.97,4.911,68.653,435.44,73.085,14.7151,251.828,18.589,45.08,0
AERO-001361,LOT-2512-0082,24-déc-2025 21:11:00,M06,TI6AL4V,CONTROLE,SOIR,FOUR_B,49.932,124.965,8.03,313.469,1.295,16.589,31.719,2.069,6.014,68.948,411.42,75.546,14.6733,242.497,18.189,48.91,0
AERO-001362,LOT-2601-0163,25-janv-2026 12:30:00,M03,TI6AL4V,TRAITEMENT,NUIT,FOUR_A,NaN,124.273,8.05,311.189,1.297,19.186,34.414,1.44,5.153,66.433,387.29,74.317,14.2256,246.721,16.78,50.6,0
AERO-001363,LOT-2501-0169,09-janv-2025 18:28:00,M04,AL7075,TRAITEMENT,NUIT,FOUR_B,49.846,124.555,7.96,302.883,1.415,25.126,37.703,1.822,5.83,70.059,418.43,79.273,14.7702,203.208,17.874,47.43,0
AERO-001364,LOT-2506-0183,03-juin-2025 21:10:00,M03,TI6AL4V,TRAITEMENT,SOIR,FOUR_A,49.808,124.909,7.971,307.692,0.876,18.544,31.162,0.949,5.125,67.509,378.6,78.601,14.0284,227.52,18.119,37.35,0
AERO-001365,LOT-2601-0133,06-janv-2026 13:08:00,M01,TI6AL4V,USINAGE,MATIN,FOUR_D,50.017,125.073,7.85,310.12,1.141,13.464,36.033,1.377,5.419,71.739,381.75,75.367,14.4452,237.338,19.021,46.34,0
AERO-001366,LOT-2603-0009,02-mars-2026 17:12:00,M02,INCONEL718,TRAITEMENT,SOIR,FOUR_B,49.981,125.814,7.939,323.503,1.066,9.623,30.149,1.674,6.019,70.012,348.72,76.725,14.684,249.732,21.135,50.24,0
AERO-001367,LOT-2505-0136,26-mai-2025 11:27:00,M05,INCONEL718,CONTROLE,SOIR,FOUR_B,50.192,124.602,8.081,325.013,0.885,24.336,28.95,1.27,5.059,67.916,417.23,74.436,14.5258,261.51,18.932,60.65,0
AERO-001368,LOT-2505-0144,27-mai-2025 00:39:00,M04,AL7075,USINAGE,SOIR,FOUR_C,50.062,124.741,8.019,298.961,0.863,14.605,29.822,1.498,5.566,69.148,479.81,82.998,14.1829,198.502,20.896,46.52,0
AERO-001369,LOT-2507-0145,24-juil-2025 19:02:00,M06,INCONEL718,CONTROLE,NUIT,FOUR_A,48.002,124.104,7.95,319.918,1.177,31.817,34.729,1.791,5.072,67.464,428.84,72.498,14.6863,252.311,18.966,48.54,1
AERO-001370,LOT-2602-0052,08-févr-2026 18:02:00,M03,AL7075,CONTROLE,MATIN,FOUR_A,50.248,124.754,8.136,299.21,0.773,14.442,34.129,1.312,5.209,71.259,321.65,85.8,14.8129,200.679,16.544,32.54,0
AERO-001371,LOT-2511-0022,13-nov-2025 16:07:00,M05,TI6AL4V,USINAGE,MATIN,FOUR_B,50.22,124.786,7.918,314.917,1.254,24.419,39.098,1.996,5.692,79.186,575.98,57.407,14.9804,241.101,16.616,30.42,1
AERO-001372,LOT-2510-0002,21-oct-2025 16:06:00,M03,TI6AL4V,USINAGE,SOIR,FOUR_D,49.933,125.265,8.05,311.353,1.15,8.447,29.328,0.933,4.493,67.236,423.45,80.482,14.3569,222.038,17.748,41.89,0
AERO-001373,LOT-2507-0156,05-juil-2025 09:57:00,M01,AL7075,TRAITEMENT,SOIR,FOUR_B,49.768,124.488,8.023,298.184,0.945,28.647,32.886,1.306,4.439,66.291,475.5,80.376,14.7262,206.483,18.739,47.01,0
AERO-001374,LOT-2601-0190,30-janv-2026 00:40:00,M03,INCONEL718,TRAITEMENT,SOIR,FOUR_B,49.961,124.811,7.91,321.617,1.234,20.147,33.834,1.226,4.905,72.957,440.2,75.942,14.5083,242.766,18.596,45.43,0
AERO-001375,LOT-2504-0040,28-avr-2025 13:30:00,M04,AL7075,USINAGE,SOIR,FOUR_A,50.071,125.024,7.975,303.096,1.094,12.689,31.353,1.911,5.397,65.151,493.26,81.705,14.5088,220.069,19.768,36.11,0
AERO-001376,LOT-2506-0001,10-juin-2025 07:33:00,M05,AL7075,TRAITEMENT,NUIT,FOUR_A,49.924,124.888,7.949,308.333,1.003,19.544,32.493,1.902,5.66,68.629,464.94,78.335,14.2024,195.742,18.213,37.94,0
AERO-001377,LOT-2510-0126,16-oct-2025 23:22:00,M02,AL7075,CONTROLE,MATIN,FOUR_D,50.037,125.593,7.971,299.088,0.915,13.686,35.777,1.343,5.494,66.214,380.5,78.65,14.5069,202.465,18.21,43.41,0
AERO-001378,LOT-2506-0223,11-juin-2025 23:32:00,M01,AL7075,USINAGE,NUIT,FOUR_C,50.118,125.354,7.968,300.622,0.794,18.328,30.176,1.291,4.849,64.492,426.33,79.439,14.5588,203.646,19.083,41.77,0
AERO-001379,LOT-2601-0234,14-janv-2026 19:36:00,M02,AL7075,CONTROLE,NUIT,FOUR_A,50.057,125.082,8.009,301.882,1.233,20.661,36.094,1.377,5.681,70.915,447.43,80.929,14.6927,209.947,18.876,43.11,0
AERO-001380,LOT-2511-0100,22-nov-2025 01:24:00,M03,TI6AL4V,USINAGE,SOIR,FOUR_D,49.849,124.82,8.061,317.551,1.533,20.179,30.988,1.458,4.806,67.633,NaN,75.659,14.6359,239.742,18.523,39.07,0
AERO-001381,LOT-2601-0146,16-janv-2026 00:38:00,M05,INCONEL718,USINAGE,MATIN,FOUR_B,49.882,124.71,7.988,318.388,1.26,20.127,36.798,1.764,5.174,69.006,469.4,73.887,14.672,248.002,19.259,46.38,0
AERO-001382,LOT-2506-0146,14-juin-2025 08:45:00,M04,INCONEL718,TRAITEMENT,MATIN,FOUR_D,49.993,124.573,7.999,326.059,1.349,19.498,33.592,1.271,4.537,65.011,376.2,71.575,14.6633,259.315,18.829,54.02,0
AERO-001383,LOT-2508-0116,31-août-2025 06:07:00,M03,AL7075,USINAGE,MATIN,FOUR_A,50.092,124.758,7.986,300.198,1.416,18.537,35.352,1.097,4.989,68.527,413.61,85.259,13.973,200.68,17.014,47.88,0
AERO-001384,LOT-2510-0183,24-oct-2025 09:23:00,M03,INCONEL718,USINAGE,NUIT,FOUR_B,50.2,124.777,7.981,318.372,1.057,23.906,33.532,0.938,4.661,73.009,497.31,76.265,14.5147,250.747,20.468,39.49,0
AERO-001385,LOT-2505-0042,17-mai-2025 18:57:00,M05,TI6AL4V,USINAGE,MATIN,FOUR_C,49.915,124.768,8.051,314.32,1.105,18.885,31.14,1.963,5.353,69.169,388.33,75.39,14.785,230.084,17.444,32.68,0
AERO-001386,LOT-2502-0093,22-févr-2025 19:14:00,M03,AL7075,USINAGE,MATIN,FOUR_C,49.893,125.176,7.905,300.26,1.439,19.679,36.775,1.577,4.539,70.003,377.63,80.909,14.2967,207.437,20.02,47.15,0
AERO-001387,LOT-2508-0138,11-août-2025 20:32:00,M04,AL7075,CONTROLE,MATIN,FOUR_B,49.849,125.334,7.981,302.402,0.879,17.93,40.334,2.2,6.936,NaN,432.09,81.058,14.6593,203.036,19.715,48.35,1
AERO-001388,LOT-2511-0004,08-nov-2025 03:21:00,M01,TI6AL4V,TRAITEMENT,NUIT,FOUR_A,50.113,125.201,8.099,314.009,0.833,16.485,NaN,1.395,5.367,68.522,431.8,73.184,14.6469,218.991,16.718,39.03,0
AERO-001389,LOT-2504-0196,30-avr-2025 08:41:00,M05,TI6AL4V,CONTROLE,SOIR,FOUR_B,49.752,124.728,8.04,315.401,2.554,19.056,39.415,1.582,5.431,68.248,344.07,79.738,14.3817,230.039,22.608,63.73,1
AERO-001390,LOT-2508-0092,12-août-2025 21:49:00,M05,TI6AL4V,USINAGE,SOIR,FOUR_A,49.91,125.405,7.976,311.883,1.175,22.291,32.013,1.22,5.073,70.993,461.96,72.592,14.5554,232.472,17.133,47.82,0
AERO-001391,LOT-2508-0161,20-août-2025 12:10:00,M05,AL7075,CONTROLE,SOIR,FOUR_A,49.938,124.928,8.07,305.35,0.708,22.428,36.19,1.855,5.844,69.851,438.8,80.835,14.2767,198.059,20.501,44.74,0
AERO-001392,LOT-2501-0077,26-janv-2025 13:30:00,M01,TI6AL4V,USINAGE,MATIN,FOUR_C,50.238,124.935,8.056,315.376,1.111,NaN,33.51,1.666,5.969,68.084,430.32,76.49,14.5187,240.569,18.746,46.71,0
AERO-001393,LOT-2601-0112,16-janv-2026 14:07:00,M04,AL7075,USINAGE,MATIN,FOUR_A,50.233,125.219,8.015,298.814,1.258,12.984,38.587,1.465,5.048,68.865,445.64,73.335,14.5164,212.514,20.479,45.41,0
AERO-001394,LOT-2507-0047,07-juil-2025 22:26:00,M04,AL7075,USINAGE,SOIR,FOUR_C,50.256,125.085,8.032,300.861,0.926,13.679,42.469,2.42,7.038,66.969,391.77,77.539,13.9877,208.979,20.073,45.61,1
AERO-001395,LOT-2509-0166,18-sept-2025 17:38:00,M01,INCONEL718,USINAGE,MATIN,FOUR_A,50.088,125.192,8.079,321.079,1.25,23.209,30.31,1.612,5.811,65.29,385.96,76.409,14.5365,259.018,18.382,61.97,0
AERO-001396,LOT-2512-0036,21-déc-2025 11:33:00,M05,AL7075,USINAGE,MATIN,FOUR_D,50.132,125.129,7.874,308.656,1.439,14.803,35.627,2.274,6.099,70.63,325.64,71.788,14.6201,158.487,17.238,35.86,1
AERO-001397,LOT-2512-0154,24-déc-2025 21:55:00,M04,INCONEL718,USINAGE,SOIR,FOUR_A,49.802,125.278,8.016,316.754,1.15,19.426,35.841,1.636,5.659,69.868,409.42,70.508,14.7448,244.687,19.393,42.87,0
AERO-001398,LOT-2508-0079,08-août-2025 04:11:00,M06,INCONEL718,USINAGE,SOIR,FOUR_B,50.086,124.687,7.966,322.13,1.479,16.018,33.077,1.661,5.842,73.694,425.51,72.541,14.7844,262.314,21.698,53.98,0
AERO-001399,LOT-2505-0123,27-mai-2025 23:59:00,M04,TI6AL4V,TRAITEMENT,NUIT,FOUR_A,49.948,124.871,8.112,317.194,2.029,19.929,35.463,1.378,5.48,70.766,476.56,83.359,14.1173,225.102,22.721,37.86,1
AERO-001400,LOT-2601-0149,26-janv-2026 14:01:00,M01,TI6AL4V,USINAGE,MATIN,FOUR_B,49.963,125.766,8.018,313.791,1.492,17.749,32.575,1.505,5.274,66.71,415.64,77.949,14.9659,239.756,20.036,49.43,0
AERO-001401,LOT-2512-0209,20-déc-2025 14:34:00,M01,AL7075,TRAITEMENT,MATIN,FOUR_A,50.22,125.092,8.041,302.57,1.167,21.988,NaN,1.849,6.174,65.332,399.86,76.494,14.6806,198.553,19.768,44.05,0
AERO-001402,LOT-2508-0021,25-août-2025 06:03:00,M02,TI6AL4V,CONTROLE,NUIT,FOUR_A,50.035,125.39,8.014,314.024,0.957,16.695,32.114,1.762,5.003,69.414,420.92,71.586,14.3968,234.266,19.115,41.78,0
AERO-001403,LOT-2504-0164,23-avr-2025 18:03:00,M03,AL7075,TRAITEMENT,SOIR,FOUR_A,50.203,124.615,7.998,305.247,1.284,16.385,30.033,1.288,4.979,66.734,455.83,83.55,14.7788,211.185,18.585,28.59,0
AERO-001404,LOT-2506-0176,23-juin-2025 10:15:00,M02,AL7075,USINAGE,NUIT,FOUR_A,50.157,124.782,8.074,299.427,2.811,18.887,36.841,1.595,6.052,69.287,430.96,82.206,14.5162,198.317,21.064,35.72,1
AERO-001405,LOT-2601-0196,21-janv-2026 11:08:00,M03,INCONEL718,USINAGE,SOIR,FOUR_C,49.93,124.935,8.056,316.834,2.719,17.344,29.544,1.337,5.269,71.002,374.41,78.251,14.8024,263.749,20.276,36.42,1
AERO-001406,LOT-2601-0090,23-janv-2026 20:54:00,M05,AL7075,TRAITEMENT,MATIN,FOUR_B,49.976,125.419,7.876,300.398,1.104,18.278,38.995,1.933,5.574,82.085,614.19,58.527,15.3628,194.929,21.06,35.89,1
AERO-001407,LOT-2508-0021,01-août-2025 18:20:00,M01,AL7075,USINAGE,MATIN,FOUR_C,50.022,125.21,7.91,299.7,0.954,17.448,33.205,1.855,6.062,68.909,388.75,79.793,14.4865,194.086,19.574,41.47,0
AERO-001408,LOT-2508-0043,08-août-2025 09:44:00,M01,INCONEL718,USINAGE,SOIR,FOUR_C,49.792,125.447,7.907,NaN,0.408,18.053,33.432,1.405,4.602,72.243,456.07,74.25,14.7588,265.193,17.885,43.89,0
AERO-001409,LOT-2601-0122,27-janv-2026 08:02:00,M01,TI6AL4V,USINAGE,NUIT,FOUR_D,49.974,125.312,8.094,314.616,1.351,23.794,34.645,1.466,5.11,68.329,445.65,79.303,NaN,224.799,20.285,42.24,0
AERO-001410,LOT-2512-0119,05-déc-2025 12:05:00,M06,INCONEL718,USINAGE,MATIN,FOUR_C,50.031,125.06,7.957,320.008,1.16,18.212,38.558,2.301,5.82,87.782,507.31,53.939,14.9485,249.158,17.285,55.33,1
AERO-001411,LOT-2508-0163,22-août-2025 12:42:00,M03,AL7075,USINAGE,NUIT,FOUR_B,49.954,125.228,8.102,313.191,2.235,23.885,33.833,2.044,5.929,67.643,429.31,72.257,14.2855,172.341,19.168,NaN,1
AERO-001412,LOT-2501-0167,26-janv-2025 05:11:00,M03,AL7075,USINAGE,SOIR,FOUR_B,49.722,124.683,8.016,305.178,1.034,16.977,32.776,0.962,4.568,70.805,390.95,86.194,14.3297,215.863,20.029,32.18,0
AERO-001413,LOT-2510-0064,12-oct-2025 01:32:00,M06,AL7075,USINAGE,SOIR,FOUR_B,50.21,125.173,7.943,300.57,2.253,20.461,36.86,1.643,5.244,64.859,415.53,85.204,14.6569,196.107,20.629,31.52,1
AERO-001414,LOT-2503-0141,15-mars-2025 19:51:00,M04,AL7075,CONTROLE,MATIN,FOUR_A,49.874,125.332,7.993,296.205,0.935,17.772,34.268,1.257,4.254,66.503,435.62,83.231,14.5924,191.464,18.356,49.2,0
AERO-001415,LOT-2510-0220,20-oct-2025 17:16:00,M06,TI6AL4V,CONTROLE,NUIT,FOUR_C,50.107,124.841,8.053,328.11,1.17,17.693,34.294,2.083,5.294,69.725,436.86,65.662,14.4734,211.805,19.676,52.55,1
AERO-001416,LOT-2507-0208,25-juil-2025 14:22:00,M04,AL7075,USINAGE,MATIN,FOUR_B,49.758,125.472,7.984,299.17,1.407,13.328,34.001,1.22,4.981,80.797,205.21,66.95,14.647,205.461,17.507,43.43,1
AERO-001417,LOT-2512-0092,30-déc-2025 17:51:00,M06,TI6AL4V,TRAITEMENT,NUIT,FOUR_B,50.247,124.734,8.152,310.684,1.318,7.741,34.487,1.785,6.157,75.546,433.23,79.063,14.6565,240.626,20.791,43.97,0
AERO-001418,LOT-2501-0098,29-janv-2025 12:26:00,M01,AL7075,TRAITEMENT,SOIR,FOUR_A,50.059,125.191,7.954,299.669,0.812,19.987,33.605,1.063,4.775,66.05,456.04,78.43,14.3189,201.549,NaN,45.72,0
AERO-001419,LOT-2505-0146,04-mai-2025 05:22:00,M02,AL7075,CONTROLE,NUIT,FOUR_A,50.043,125.37,7.989,301.443,0.612,21.166,34.803,1.181,4.775,87.756,282.37,53.642,15.1665,188.916,18.583,46.62,1
AERO-001420,LOT-2511-0018,16-nov-2025 22:25:00,M01,TI6AL4V,USINAGE,NUIT,FOUR_A,49.878,125.343,7.955,312.265,0.961,19.475,33.382,1.344,NaN,71.762,365.43,77.889,14.866,242.01,16.426,48.14,0
AERO-001421,LOT-2504-0184,22-avr-2025 14:25:00,M01,AL7075,USINAGE,MATIN,FOUR_C,50.048,124.71,8.062,304.491,0.872,22.027,33.133,1.001,4.145,65.654,463.34,82.081,14.4974,194.133,19.616,40.59,0
AERO-001422,LOT-2510-0208,10-oct-2025 23:19:00,M06,TI6AL4V,USINAGE,SOIR,FOUR_B,49.846,125.224,7.931,314.21,1.362,18.039,32.512,1.834,5.648,70.838,463.84,74.356,14.4458,240.319,17.409,29.37,0
AERO-001423,LOT-2602-0065,07-févr-2026 15:37:00,M04,AL7075,USINAGE,MATIN,FOUR_A,50.165,124.078,8.196,302.526,0.792,13.013,32.332,1.764,4.964,65.676,423.1,81.637,14.3735,189.343,18.603,43.7,0
AERO-001424,LOT-2505-0204,27-mai-2025 19:33:00,M01,AL7075,TRAITEMENT,MATIN,FOUR_A,49.998,124.892,7.97,305.303,0.899,NaN,30.614,1.506,5.244,65.9,383.28,83.539,14.5544,205.027,19.571,30.97,0
AERO-001425,LOT-2506-0104,29-juin-2025 09:59:00,M04,AL7075,TRAITEMENT,SOIR,FOUR_A,50.05,125.268,7.925,296.655,1.321,13.224,35.229,1.052,4.611,67.616,468.62,84.525,14.2245,200.231,19.276,37.4,0
AERO-001426,LOT-2511-0041,06-nov-2025 23:39:00,M05,AL7075,TRAITEMENT,SOIR,FOUR_C,50.637,123.513,7.923,299.305,1.389,31.252,37.43,1.992,5.892,67.963,462.64,75.406,14.4286,193.535,17.729,44.96,1
AERO-001427,LOT-2503-0005,22-mars-2025 17:38:00,M06,INCONEL718,USINAGE,MATIN,FOUR_A,49.947,125.313,8.128,322.707,1.247,17.29,30.414,1.975,5.957,68.076,446.77,77.126,14.7119,255.378,22.337,38.07,0
AERO-001428,LOT-2507-0129,10-juil-2025 15:29:00,M04,TI6AL4V,CONTROLE,MATIN,FOUR_C,50.145,124.827,8.131,317.186,1.015,20.369,41.291,2.894,8.58,69.973,405.12,77.518,14.1672,226.028,21.971,38.37,1
AERO-001429,LOT-2601-0127,28-janv-2026 23:51:00,M05,TI6AL4V,CONTROLE,MATIN,FOUR_C,49.742,124.794,7.964,315.184,1.391,13.565,33.487,1.61,4.391,72.793,389.23,82.823,14.4894,243.04,16.789,37.78,0
AERO-001430,LOT-2511-0193,10-nov-2025 22:23:00,M04,TI6AL4V,CONTROLE,MATIN,FOUR_A,50.001,124.87,7.976,321.837,1.912,20.475,31.681,1.295,5.654,68.963,423.39,68.954,14.3795,213.45,18.404,55.14,1
AERO-001431,LOT-2508-0234,03-août-2025 23:18:00,M05,TI6AL4V,USINAGE,MATIN,FOUR_B,50.151,125.22,7.957,310.412,1.315,7.23,35.185,1.808,5.661,69.22,379.18,84.314,14.5251,254.414,19.965,35.89,0
AERO-001432,LOT-2511-0189,19-nov-2025 05:32:00,M06,TI6AL4V,CONTROLE,MATIN,FOUR_C,49.842,124.468,8.023,311.849,0.934,16.518,51.422,3.016,8.796,73.37,425.05,75.025,14.6578,228.526,16.227,51.29,1
AERO-001433,LOT-2508-0069,02-août-2025 10:12:00,M02,INCONEL718,TRAITEMENT,MATIN,FOUR_A,50.006,124.902,7.983,320.895,0.616,12.599,37.389,1.601,6.006,65.811,396.78,80.941,14.5553,266.771,17.02,49.18,0
AERO-001434,LOT-2510-0174,15-oct-2025 03:46:00,M06,AL7075,USINAGE,MATIN,FOUR_B,NaN,124.837,7.958,302.038,1.092,19.98,30.842,1.739,5.706,70.097,401.82,78.42,14.7391,206.925,19.632,46.93,0
AERO-001435,LOT-2506-0102,16-juin-2025 03:39:00,M01,AL7075,CONTROLE,MATIN,FOUR_A,50.243,124.987,7.962,302.045,1.231,16.673,38.598,1.35,5.275,62.659,473.47,80.669,14.726,198.8,20.845,46.03,0
AERO-001436,LOT-2512-0152,29-déc-2025 03:29:00,M05,TI6AL4V,TRAITEMENT,SOIR,FOUR_A,49.901,125.117,7.905,312.17,1.285,15.859,38.093,2.108,6.007,77.465,176.25,65.439,15.3428,NaN,19.12,42.59,1
AERO-001437,LOT-2504-0235,26-avr-2025 21:17:00,M06,AL7075,USINAGE,NUIT,FOUR_A,50.053,125.314,7.788,302.508,1.128,19.117,35.243,1.87,5.682,67.549,471.04,85.865,14.1001,206.68,20.397,44.24,0
AERO-001438,LOT-2511-0179,12-nov-2025 10:25:00,M06,AL7075,USINAGE,NUIT,FOUR_A,49.789,124.996,8.023,307.036,1.162,15.385,37.369,2.01,5.734,69.867,405.51,82.351,14.7173,210.608,16.055,51.38,0
AERO-001439,LOT-2503-0096,24-mars-2025 01:51:00,M02,AL7075,TRAITEMENT,SOIR,FOUR_C,50.044,125.325,7.993,298.615,1.011,17.817,32.237,1.38,4.761,62.538,460.73,79.951,14.4886,199.091,18.664,46.42,0
AERO-001440,LOT-2510-0204,06-oct-2025 15:35:00,M05,AL7075,USINAGE,SOIR,FOUR_C,50.389,124.288,7.86,301.665,NaN,35.375,35.372,1.881,5.833,68.965,412.33,74.977,14.3798,198.414,18.476,28.39,1
AERO-001441,LOT-2509-0092,08-sept-2025 23:41:00,M05,INCONEL718,CONTROLE,MATIN,FOUR_C,49.918,124.865,7.877,324.341,0.953,18.22,37.22,1.563,5.075,67.017,406.43,72.374,14.3995,268.321,20.336,57.37,0
AERO-001442,LOT-2510-0031,30-oct-2025 13:42:00,M05,TI6AL4V,USINAGE,SOIR,FOUR_B,49.797,125.313,8.102,312.89,1.146,19.33,36.472,1.68,5.264,68.029,450.14,77.2,14.5596,235.022,19.462,49.39,0
AERO-001443,LOT-2509-0082,17-sept-2025 06:27:00,M04,AL7075,TRAITEMENT,MATIN,FOUR_A,49.99,NaN,7.946,305.338,0.983,20.537,45.713,3.659,8.017,67.978,422.92,81.816,14.367,211.963,19.978,37.54,1
AERO-001444,LOT-2506-0204,25-juin-2025 00:57:00,M03,AL7075,CONTROLE,MATIN,FOUR_B,50.152,124.846,8.077,301.421,1.267,21.524,28.813,1.551,5.366,67.691,441.64,81.368,14.5614,191.697,18.551,29.58,0
AERO-001445,LOT-2503-0017,26-mars-2025 19:07:00,M06,AL7075,USINAGE,MATIN,FOUR_C,50.158,124.956,8.004,301.239,0.822,20.084,37.549,1.81,5.729,68.564,458.17,NaN,14.5821,205.077,19.002,42.16,0
AERO-001446,LOT-2503-0074,16-mars-2025 21:51:00,M02,INCONEL718,CONTROLE,SOIR,FOUR_A,50.23,125.185,8.132,321.212,1.269,16.896,33.117,1.157,4.794,65.546,406.5,71.06,14.6158,264.705,18.99,41.94,0
AERO-001447,LOT-2602-0066,20-févr-2026 22:18:00,M04,TI6AL4V,USINAGE,SOIR,FOUR_B,50.107,124.369,7.875,314.075,0.76,22.892,33.769,1.447,5.265,65.345,432.99,71.628,14.4593,234.26,21.473,39.97,0
AERO-001448,LOT-2504-0232,21-avr-2025 13:05:00,M05,INCONEL718,CONTROLE,MATIN,FOUR_A,50.28,123.607,8.03,320.28,1.262,38.976,35.605,1.488,5.052,71.294,398.75,74.549,14.5954,236.93,18.008,47.81,1
AERO-001449,LOT-2508-0167,14-août-2025 16:57:00,M01,TI6AL4V,USINAGE,SOIR,FOUR_B,49.99,124.522,7.975,310.692,1.164,5.786,28.393,0.823,4.699,67.876,344.64,76.676,14.4275,238.757,18.047,31.15,0
AERO-001450,LOT-2504-0008,01-avr-2025 07:03:00,M01,AL7075,USINAGE,MATIN,FOUR_A,49.978,125.136,7.971,303.822,1.187,20.498,33.374,1.6,5.36,68.324,392.63,81.022,14.3354,213.42,19.639,32.96,0
AERO-001451,LOT-2501-0105,17-janv-2025 07:51:00,M06,AL7075,USINAGE,MATIN,FOUR_A,50.225,124.992,7.932,303.59,1.064,17.679,35.093,1.368,4.287,72.287,362.05,76.242,14.2609,210.189,19.575,46.76,0
AERO-001452,LOT-2504-0184,30-avr-2025 04:36:00,M03,TI6AL4V,USINAGE,NUIT,FOUR_A,49.902,125.393,7.904,317.362,1.529,16.233,32.958,0.824,3.55,72.958,489.46,81.007,14.6861,234.926,17.447,39.09,0
AERO-001453,LOT-2511-0040,18-nov-2025 21:52:00,M05,AL7075,USINAGE,NUIT,FOUR_A,49.679,124.783,7.925,302.873,1.129,14.34,34.451,2.101,6.275,71.516,368.9,82.552,14.1025,206.474,20.66,43.84,0
AERO-001454,LOT-2503-0151,26-mars-2025 04:19:00,M01,TI6AL4V,TRAITEMENT,MATIN,FOUR_B,50.152,125.216,7.969,313.634,1.089,13.092,34.664,1.181,4.454,68.575,396.36,78.723,14.4581,227.457,19.518,50.38,0
AERO-001455,LOT-2509-0162,03-sept-2025 22:12:00,M04,AL7075,TRAITEMENT,MATIN,FOUR_A,49.978,124.578,8.053,308.143,1.879,19.462,34.289,1.668,5.127,67.744,425.04,77.734,14.4911,185.553,17.397,47.58,1
AERO-001456,LOT-2510-0079,24-oct-2025 17:18:00,M04,AL7075,CONTROLE,MATIN,FOUR_A,49.972,123.868,8.005,301.647,1.366,21.4,32.838,1.528,5.768,75.078,420.63,78.623,14.269,187.805,20.02,34.12,0
AERO-001457,LOT-2509-0087,15-sept-2025 01:48:00,M01,TI6AL4V,TRAITEMENT,MATIN,FOUR_B,49.879,124.813,7.952,312.162,1.404,16.985,34.486,1.145,5.56,64.269,486.27,80.831,14.7178,243.596,17.856,31.36,0
AERO-001458,LOT-2504-0121,22-avr-2025 19:34:00,M03,INCONEL718,USINAGE,NUIT,FOUR_C,50.305,124.728,8.037,320.967,1.265,16.568,31.976,1.165,5.297,70.675,413,78.868,14.5627,257.956,20.509,51.71,0
AERO-001459,LOT-2502-0150,11-févr-2025 03:05:00,M04,INCONEL718,CONTROLE,MATIN,FOUR_A,49.965,124.596,7.964,321.701,1.232,18.38,32.92,1.505,5.176,67.376,381.06,74.796,14.7521,255.488,21.086,37.14,0
AERO-001460,LOT-2504-0026,02-avr-2025 13:28:00,M02,AL7075,CONTROLE,MATIN,FOUR_C,50.151,125.456,7.994,300.642,0.748,20.867,34.25,1.226,4.385,70.476,452,82.591,14.3704,215.221,17.525,42.79,0
AERO-001461,LOT-2601-0102,01-janv-2026 03:27:00,M05,TI6AL4V,TRAITEMENT,MATIN,FOUR_A,49.913,125.14,8.088,310.685,1.139,22.17,42.055,3.494,7.221,71.936,404.7,78.133,14.7779,233.947,20.716,29.65,1
AERO-001462,LOT-2509-0032,11-sept-2025 18:01:00,M04,TI6AL4V,CONTROLE,NUIT,FOUR_C,49.82,125.089,7.956,313.812,1.09,23.682,32.267,1.742,5.705,68.325,404.87,79.568,14.5416,231.149,20.306,49.72,0
AERO-001463,LOT-2507-0004,07-juil-2025 00:01:00,M02,AL7075,TRAITEMENT,SOIR,FOUR_A,49.833,124.491,8.061,299.754,1.104,14.654,33.149,1.31,4.953,67.77,482.02,77.764,14.4059,189.343,20.497,45.77,0
AERO-001464,LOT-2509-0240,11-sept-2025 02:51:00,M03,AL7075,USINAGE,SOIR,FOUR_B,49.875,124.824,8.018,293.779,1.569,19.14,35.615,1.181,4.746,68.56,388.17,73.25,14.1447,168.083,18.244,42.76,1
AERO-001465,LOT-2504-0094,30-avr-2025 07:26:00,M06,AL7075,USINAGE,MATIN,FOUR_C,49.927,124.864,7.91,300.816,1.339,13.902,37.022,2.079,5.837,65.813,401.99,83.513,14.4116,194.919,19.101,25.9,0
AERO-001466,LOT-2507-0197,24-juil-2025 21:40:00,M01,TI6AL4V,USINAGE,NUIT,FOUR_A,50.006,124.372,7.933,312.58,1.504,16.107,29.894,1.43,4.947,67.691,430.56,75.697,14.1966,231.694,21.519,33.02,0
AERO-001467,LOT-2503-0198,13-mars-2025 18:03:00,M06,TI6AL4V,CONTROLE,MATIN,FOUR_B,49.86,124.966,8.105,320.658,1.118,16.52,34.861,1.859,6.367,68.635,431.73,75.798,14.494,236.786,20.973,41.08,0
AERO-001468,LOT-2512-0172,03-déc-2025 20:21:00,M05,TI6AL4V,CONTROLE,NUIT,FOUR_B,50.122,125.053,8.004,307.807,2.563,19.772,34.921,1.889,6.107,67.356,432.38,69.423,14.2228,220.371,15.998,37.48,1
AERO-001469,LOT-2508-0188,24-août-2025 23:06:00,M04,AL7075,USINAGE,MATIN,FOUR_C,50.271,125.512,7.862,305.423,1.468,17.603,34.416,1.624,5.635,68.053,434.3,83.975,14.2239,210.038,19.645,46.63,0
AERO-001470,LOT-2511-0190,22-nov-2025 05:31:00,M01,TI6AL4V,CONTROLE,MATIN,FOUR_A,49.651,125.29,7.897,314.387,1.083,16.699,31.45,0.871,4.87,73.458,479.82,68.074,14.2084,232.837,17.553,48.31,0
AERO-001471,LOT-2507-0200,02-juil-2025 12:24:00,M03,INCONEL718,TRAITEMENT,MATIN,FOUR_B,50.227,125.559,7.837,321.51,1.264,21.825,37.002,1.619,6.005,68.402,492.24,74.191,14.5023,264.2,16.986,24.01,0
AERO-001472,LOT-2507-0226,02-juil-2025 01:15:00,M04,AL7075,USINAGE,MATIN,FOUR_A,50.001,124.618,8.025,309.093,0.688,13.658,33.943,1.225,5.685,71.572,369.7,85.173,14.2235,184.097,22.173,43.15,0
AERO-001473,LOT-2511-0110,07-nov-2025 13:26:00,M05,AL7075,USINAGE,MATIN,FOUR_B,50.065,124.742,7.956,300.838,0.778,16.797,38.015,1.801,4.111,69.454,288.97,82.203,14.3985,215.211,19.493,51.62,0
AERO-001474,LOT-2512-0194,09-déc-2025 09:26:00,M04,AL7075,CONTROLE,MATIN,FOUR_D,49.597,126.748,7.92,300.778,0.726,42.7,33.748,1.437,NaN,69.027,469.66,80.518,14.6679,209.441,20.453,33.45,1
AERO-001475,LOT-2501-0003,27-janv-2025 12:03:00,M03,AL7075,USINAGE,MATIN,FOUR_B,49.862,125.261,8.026,304.866,1.334,14.075,46.93,2.868,8.297,67.055,474.64,83.412,14.444,200.06,18.824,63.26,1
AERO-001476,LOT-2509-0218,09-sept-2025 18:28:00,M01,AL7075,USINAGE,NUIT,FOUR_B,49.827,124.958,7.997,300.728,1.258,12.783,35.883,1.174,4.442,70.035,403.73,81.642,14.5821,206.623,19.346,42.22,0
AERO-001477,LOT-2601-0182,03-janv-2026 18:28:00,M03,TI6AL4V,CONTROLE,SOIR,FOUR_A,50.156,125.452,7.843,313.185,2.896,19.586,34.32,0.896,4.148,69.216,437.06,77.762,14.4771,235.735,15.504,36.87,1
AERO-001478,LOT-2508-0008,07-août-2025 16:54:00,M05,AL7075,CONTROLE,SOIR,FOUR_A,49.992,125.081,7.969,302.581,1.321,18.818,38.556,1.742,6.091,NaN,412.29,81.726,14.5231,205.388,19.818,42.22,0
AERO-001479,LOT-2507-0214,31-juil-2025 22:15:00,M04,AL7075,USINAGE,MATIN,FOUR_C,49.788,124.315,7.889,298.676,1.2,21.069,NaN,1.595,5.81,68.402,426.22,84.73,14.4708,206.322,19.868,49.38,0
AERO-001480,LOT-2503-0106,10-mars-2025 04:17:00,M05,AL7075,USINAGE,SOIR,FOUR_D,49.993,124.958,8.125,303.975,1.182,21.794,31.607,1.88,6.144,77.672,329.17,64.98,16.5291,NaN,19.665,38.78,1
AERO-001481,LOT-2512-0139,05-déc-2025 10:56:00,M01,TI6AL4V,TRAITEMENT,SOIR,FOUR_A,49.981,125.107,7.96,312.307,0.886,18.736,31.26,0.922,3.812,70.232,484.53,75.734,14.5056,245.533,18.946,52.79,0
AERO-001482,LOT-2509-0199,04-sept-2025 02:23:00,M06,INCONEL718,TRAITEMENT,SOIR,FOUR_A,49.723,125.782,8.122,322.529,0.908,33.357,33.315,2.197,5.811,69.133,397.75,77.506,14.3635,260.895,20.247,45.11,1
AERO-001483,LOT-2504-0160,30-avr-2025 11:36:00,M05,AL7075,USINAGE,NUIT,FOUR_B,49.776,125.011,8.045,305.094,1.168,18.184,35.924,1.161,5.385,65.294,368.16,84.415,14.3377,189.548,19.024,43.22,0
AERO-001484,LOT-2512-0118,10-déc-2025 02:26:00,M06,TI6AL4V,USINAGE,NUIT,FOUR_C,50.044,124.45,7.971,313.245,1.018,13.511,38.682,2.295,6.328,72.201,472.23,70.192,14.3671,226.537,20.396,43.2,0
AERO-001485,LOT-2502-0082,16-févr-2025 20:03:00,M03,INCONEL718,USINAGE,MATIN,FOUR_B,49.795,125.581,8.057,321.744,1.154,19.229,34.648,1.29,4.597,68.484,397.66,75.185,14.4332,257.54,NaN,54.13,0
AERO-001486,LOT-2502-0195,04-févr-2025 15:03:00,M06,TI6AL4V,CONTROLE,SOIR,FOUR_D,50.071,125.067,7.987,314.918,1.081,19.566,31.493,1.86,5.453,71.136,327.08,73.19,14.4865,244.388,22.592,42.49,0
AERO-001487,LOT-2509-0161,29-sept-2025 23:11:00,M05,AL7075,TRAITEMENT,MATIN,FOUR_D,50.163,125.134,8.073,304.541,1.441,16.913,37.072,1.516,5.34,69.784,348.11,76.818,14.3822,207.73,19.238,42.95,0
AERO-001488,LOT-2512-0154,23-déc-2025 00:20:00,M03,AL7075,USINAGE,MATIN,FOUR_C,NaN,124.74,7.87,300.483,1.063,19.444,33.035,1.404,5.538,63.914,421.54,85.421,14.4393,190.125,17.503,48.13,0
AERO-001489,LOT-2508-0133,03-août-2025 05:58:00,M05,TI6AL4V,CONTROLE,NUIT,FOUR_A,50.259,124.863,8.041,316.997,1.351,22.223,36.365,1.426,6.073,64.618,450.52,79.969,14.624,229.039,18.555,43.19,0
AERO-001490,LOT-2511-0084,11-nov-2025 07:03:00,M01,TI6AL4V,USINAGE,SOIR,FOUR_A,49.697,125.499,8.085,314.903,0.928,16.759,32.804,1.099,5.15,66.061,426.11,76.505,14.5211,242.423,21.634,43.19,0
AERO-001491,LOT-2501-0177,22-janv-2025 20:58:00,M02,AL7075,USINAGE,SOIR,FOUR_B,50.181,124.631,8.141,299.834,1.271,16.014,32.826,1.362,5.466,68.58,451.49,78.392,14.6449,204.319,18.871,44.18,0
AERO-001492,LOT-2509-0164,23-sept-2025 06:32:00,M03,INCONEL718,TRAITEMENT,MATIN,FOUR_C,50.169,125.139,7.994,318.749,1.19,19.578,38.108,2.425,7.509,71.611,402.58,72.88,14.5775,251.931,19.301,36.64,1
AERO-001493,LOT-2507-0003,15-juil-2025 12:19:00,M06,AL7075,USINAGE,SOIR,FOUR_A,49.85,124.913,7.961,303.096,1.159,13.024,34.896,1.823,6.569,69.438,442.88,85.662,14.6084,214.177,19.796,50.66,0
AERO-001494,LOT-2509-0041,12-sept-2025 20:51:00,M03,TI6AL4V,TRAITEMENT,SOIR,FOUR_B,49.966,124.497,8.005,315.011,0.963,24.661,33.226,1.152,4.979,65.188,451.6,80.901,14.3644,234.256,NaN,36.18,0
AERO-001495,LOT-2501-0225,23-janv-2025 14:09:00,M03,AL7075,USINAGE,MATIN,FOUR_D,50.043,124.622,8.048,298.273,0.984,15.226,34.435,1.378,4.993,70.078,495.79,82.791,14.184,195.965,20.575,53.89,0
AERO-001496,LOT-2505-0079,14-mai-2025 07:18:00,M06,AL7075,CONTROLE,MATIN,FOUR_C,49.901,124.929,8.085,299.445,0.897,21.041,32.533,1.704,5.616,69.493,414.94,81.33,14.4135,200.563,19.33,53.08,0
AERO-001497,LOT-2603-0167,02-mars-2026 15:32:00,M04,AL7075,TRAITEMENT,MATIN,FOUR_A,50.026,125.196,NaN,297.676,1.464,16.663,32.325,1.479,5.276,67.455,362.25,81.875,14.4813,196.564,18.916,51.45,0
AERO-001498,LOT-2512-0084,27-déc-2025 18:34:00,M01,AL7075,CONTROLE,SOIR,FOUR_B,49.916,124.736,7.943,297.402,0.91,19.098,36.305,1.114,5.107,67.397,429.43,78.576,14.4,206.363,17,49.79,0
AERO-001499,LOT-2602-0153,15-févr-2026 21:45:00,M03,TI6AL4V,USINAGE,MATIN,FOUR_D,49.939,125.358,8.017,316.547,1.95,18.707,31.014,1.323,5.211,71.713,412.56,71.554,14.4788,201.325,20.098,42.36,1
AERO-001500,LOT-2506-0075,17-juin-2025 22:55:00,M06,AL7075,CONTROLE,NUIT,FOUR_A,50.147,124.604,7.975,299.529,0.797,16.423,32.143,1.911,5.412,68.963,415.19,84.729,14.8886,205.547,18.161,53.71,0
AERO-001501,LOT-2601-0011,11-janv-2026 00:28:00,M03,TI6AL4V,USINAGE,MATIN,FOUR_A,49.896,124.484,7.957,314.283,0.946,15.228,33.925,1.454,5.749,68.283,404.42,79.696,14.4053,229.945,17.814,29.17,0
AERO-001502,LOT-2506-0083,08-juin-2025 06:48:00,M06,AL7075,USINAGE,MATIN,FOUR_B,50.401,124.15,8.063,303.893,0.79,42.695,32.908,2.084,5.709,69.492,416.28,83.581,14.4312,198.672,21.307,46.11,1
AERO-001503,LOT-2512-0012,08-déc-2025 02:32:00,M03,INCONEL718,CONTROLE,MATIN,FOUR_A,50.037,125.209,8.011,322.518,1.19,12.608,37.686,1.29,5.054,73.588,409.39,72.123,14.6226,260.283,18.323,49.5,0
AERO-001504,LOT-2510-0226,20-oct-2025 13:38:00,M02,AL7075,TRAITEMENT,NUIT,FOUR_A,49.902,124.985,8.049,295.722,1.277,16.687,32.301,1.258,5.254,70.648,455.97,80.64,14.6079,213.557,18.861,57.82,0
AERO-001505,LOT-2508-0212,05-août-2025 19:06:00,M04,INCONEL718,USINAGE,SOIR,FOUR_D,50.033,125.023,8.039,326.391,1.921,23.746,32.151,1.409,5.047,64.19,467.63,69.423,14.4727,233.279,20.151,47.76,1
AERO-001506,LOT-2501-0138,21-janv-2025 17:32:00,M03,AL7075,USINAGE,SOIR,FOUR_D,49.933,125.369,8.107,306.289,1.053,20.962,34.015,1.169,5.785,73.083,478.16,83.068,14.2982,197,20.262,NaN,0
AERO-001507,LOT-2505-0171,19-mai-2025 01:36:00,M04,TI6AL4V,USINAGE,MATIN,FOUR_C,49.97,124.819,NaN,314.565,0.722,18.556,37.075,1.249,4.835,63.769,398.13,81.168,14.4254,240.4,21.472,44.18,0
AERO-001508,LOT-2506-0024,03-juin-2025 20:43:00,M04,TI6AL4V,TRAITEMENT,NUIT,FOUR_C,50.234,124.384,8.01,314.97,0.848,18.82,30.243,1.027,4.832,67.128,472.69,74.384,14.6009,224.512,21.845,41.33,0
AERO-001509,LOT-2502-0210,27-févr-2025 19:23:00,M05,AL7075,TRAITEMENT,NUIT,FOUR_A,50.538,126.305,7.852,304.419,0.672,39.574,33.193,1.791,5.532,65.48,411.96,81.035,14.4102,201.397,22.187,49.44,1
AERO-001510,LOT-2504-0092,26-avr-2025 01:10:00,M06,TI6AL4V,CONTROLE,MATIN,FOUR_B,49.962,124.972,7.982,314.27,1.435,12.319,37.911,1.637,4.74,66.966,449.12,75.614,14.3022,241.399,18.974,34.47,0
AERO-001511,LOT-2506-0148,13-juin-2025 05:16:00,M04,TI6AL4V,USINAGE,MATIN,FOUR_B,50.147,124.784,8.023,312.882,0.972,14.037,35.556,1.287,5.756,69.108,456.25,81.725,14.5996,221.089,20.875,51.53,0
AERO-001512,LOT-2510-0064,29-oct-2025 18:17:00,M01,INCONEL718,USINAGE,SOIR,FOUR_A,49.581,124.354,8.03,322.703,1.036,26.395,32.353,1.408,4.366,NaN,471.23,73.765,14.8623,254.739,18.234,50.16,1
AERO-002221,LOT-2506-0163,25-juin-2025 05:43:00,M03,TI6AL4V,USINAGE,NUIT,FOUR_A,50.339,125.332,8.032,312.723,1.402,19.373,34.706,1.281,4.68,76.775,274.3,56.862,14.908,242.207,20.521,55.74,1
AERO-001514,LOT-2502-0087,02-févr-2025 23:42:00,M04,INCONEL718,TRAITEMENT,NUIT,FOUR_C,50.071,124.93,7.948,322.906,0.67,18.117,34.85,1.671,4.555,66.43,446.93,72.924,14.619,252.131,16.22,47.19,0
AERO-001515,LOT-2502-0050,27-févr-2025 23:58:00,M04,AL7075,TRAITEMENT,SOIR,FOUR_D,50.11,125.059,8.075,301.063,1.261,20.072,32.353,1.466,4.76,67.882,401.3,83.047,14.6016,NaN,19.226,45.36,0
AERO-001516,LOT-2501-0068,07-janv-2025 23:48:00,M05,TI6AL4V,USINAGE,MATIN,FOUR_A,50.001,125.06,7.887,315.97,0.955,16.511,44.204,2.71,6.466,65.819,414.4,73.665,14.6004,241.172,19.304,40.68,1
AERO-001517,LOT-2502-0111,01-févr-2025 17:20:00,M05,TI6AL4V,CONTROLE,MATIN,FOUR_A,50.069,124.756,8.033,316.413,1.09,11.842,31.279,1.528,5.799,66.628,414.5,77.035,14.5556,237.404,18.946,42.31,0
AERO-001518,LOT-2501-0240,28-janv-2025 21:14:00,M04,AL7075,CONTROLE,MATIN,FOUR_B,49.79,124.465,7.969,291.488,1.986,19.396,35.257,1.545,5.463,68.089,380.64,77.731,14.3858,175.892,17.684,51.33,1
AERO-001519,LOT-2505-0085,11-mai-2025 02:24:00,M02,TI6AL4V,TRAITEMENT,MATIN,FOUR_A,49.629,124.956,8.095,318.755,1.327,16.935,32.12,1.498,4.457,69.15,430.8,76.922,14.3637,247.179,18.95,41.69,0
AERO-001520,LOT-2601-0102,06-janv-2026 20:10:00,M05,AL7075,USINAGE,SOIR,FOUR_B,49.808,125.679,7.891,298.559,1.592,13.989,35.648,1.748,5.468,71.791,378.58,82.417,14.7208,202.566,18.36,50.16,0
AERO-001521,LOT-2512-0114,24-déc-2025 02:12:00,M05,INCONEL718,USINAGE,SOIR,FOUR_D,50.197,125.692,7.926,317.814,1.176,20.382,35.044,1.866,5.362,70.934,453.13,66.912,14.374,255.79,18.41,38.6,0
AERO-001522,LOT-2504-0208,08-avr-2025 20:08:00,M05,TI6AL4V,USINAGE,MATIN,FOUR_A,49.902,124.721,7.948,313.775,1.141,15.763,47.486,3.107,7.68,66.733,446.11,73.318,14.4815,236.528,19.246,48.6,1
AERO-001523,LOT-2601-0147,15-janv-2026 05:18:00,M04,AL7075,USINAGE,SOIR,FOUR_A,50.123,124.737,8.069,298.913,1.075,18.317,32.788,1.378,5.861,68.188,432.33,76.16,14.5799,187.845,17.137,41.07,0
AERO-001524,LOT-2501-0004,05-janv-2025 08:33:00,M02,TI6AL4V,USINAGE,MATIN,FOUR_D,49.863,124.48,8.041,316.835,1.321,19.579,34.372,1.338,5.119,63.285,378.47,73.939,14.6913,235.5,21.074,47.84,0
AERO-001525,LOT-2509-0104,05-sept-2025 10:36:00,M01,AL7075,TRAITEMENT,MATIN,FOUR_B,49.963,125.618,8.102,302.325,0.816,20.622,31.2,1.335,5.252,64.392,372.8,79.629,14.7384,196.576,15.535,38.05,0
AERO-001526,LOT-2512-0112,30-déc-2025 10:14:00,M05,INCONEL718,USINAGE,MATIN,FOUR_C,49.828,124.345,7.939,318.275,0.868,27.865,35.349,2.151,5.856,66.245,434.86,66.758,14.7597,265.444,21.421,38.16,0
AERO-001527,LOT-2507-0109,27-juil-2025 09:54:00,M05,AL7075,USINAGE,SOIR,FOUR_B,50.014,124.986,8.109,301.619,1.226,19.5,39.42,1.766,5.502,69.713,472.54,84.746,14.5787,201.864,18.892,38.44,0
AERO-001528,LOT-2510-0237,15-oct-2025 12:34:00,M05,TI6AL4V,USINAGE,MATIN,FOUR_B,50.426,123.412,8.041,314.181,1.154,38.645,38.469,2.119,5.957,69.003,413.56,75.439,14.4748,247.486,19.585,27.77,1
AERO-001529,LOT-2507-0207,24-juil-2025 12:43:00,M02,TI6AL4V,TRAITEMENT,SOIR,FOUR_C,49.841,125.164,8.172,317.796,1.61,18.425,31.158,1.09,3.46,64.765,463.93,68.371,14.3078,214.43,17.712,42.52,1
AERO-001530,LOT-2603-0003,01-mars-2026 08:37:00,M06,AL7075,TRAITEMENT,MATIN,FOUR_A,49.865,124.932,7.972,298.223,0.818,21.987,33.661,2.132,5.125,87.087,294.21,66.857,15.137,207.117,19.745,56.57,1
AERO-001531,LOT-2509-0018,19-sept-2025 19:23:00,M04,TI6AL4V,CONTROLE,MATIN,FOUR_B,49.892,124.707,8.032,313.419,1.076,19.873,34.067,1.342,4.626,72.318,446.76,74.976,14.4132,248.929,19.146,38.91,0
AERO-001532,LOT-2507-0022,25-juil-2025 00:24:00,M03,TI6AL4V,USINAGE,SOIR,FOUR_A,50.086,125.317,8.03,311.523,1.624,12.75,31.186,0.612,3.799,67.764,382.69,77.323,14.451,223.168,20.204,39.72,0
AERO-001533,LOT-2501-0027,17-janv-2025 15:27:00,M03,AL7075,CONTROLE,SOIR,FOUR_C,49.745,124.986,7.96,299.415,1.02,24.126,30.229,1.351,5.571,69.216,382.29,81.725,14.6535,191.499,18.449,38.54,0
AERO-001534,LOT-2501-0231,08-janv-2025 06:36:00,M03,INCONEL718,USINAGE,NUIT,FOUR_B,50.221,125.159,8.074,322.45,1.223,16.958,35.265,1.672,5.045,78.723,373.49,61.003,15.5417,254.714,18.344,34.01,1
AERO-001535,LOT-2507-0177,10-juil-2025 11:10:00,M03,INCONEL718,TRAITEMENT,MATIN,FOUR_C,50.374,125.44,7.953,321.206,1.109,17.383,35.243,1.405,5.127,71.357,395.64,79.673,14.2921,265.627,19.531,38.73,0
AERO-001536,LOT-2602-0225,28-févr-2026 16:24:00,M03,AL7075,USINAGE,MATIN,FOUR_D,49.956,124.645,NaN,300.67,1.039,23.834,34.104,1.452,5.131,69.137,432.03,81.729,14.3966,207.611,19.667,49.27,0
AERO-001537,LOT-2504-0021,16-avr-2025 21:49:00,M04,TI6AL4V,TRAITEMENT,MATIN,FOUR_B,50.004,125.484,7.988,310.902,0.803,16.991,36.186,1.415,5.12,65.82,494.38,77.172,14.6509,241.844,19.583,50.71,0
AERO-001538,LOT-2507-0044,19-juil-2025 17:50:00,M04,TI6AL4V,TRAITEMENT,NUIT,FOUR_B,49.793,124.372,7.984,321.023,0.848,17.991,31.964,1.457,4.322,67.69,367.82,76.483,14.4292,246.247,19.576,46.03,0
AERO-001539,LOT-2510-0078,17-oct-2025 11:11:00,M04,AL7075,USINAGE,MATIN,FOUR_C,50.341,125.152,8.055,300.754,0.996,20.67,30.101,1.177,5.31,NaN,425.79,71.565,14.4594,188.236,17.28,36.67,0
AERO-001540,LOT-2504-0024,28-avr-2025 03:51:00,M06,INCONEL718,USINAGE,SOIR,FOUR_A,49.993,124.762,7.876,327.724,0.883,19.035,35.046,1.768,5.432,71.964,384.38,69.788,14.4927,252.033,20.863,42.57,0
AERO-001541,LOT-2501-0148,29-janv-2025 05:50:00,M02,TI6AL4V,USINAGE,NUIT,FOUR_A,49.674,125.381,8.089,313.579,1.093,17.707,33.776,1.447,5.666,67.953,431.47,74.625,14.2029,NaN,17.867,50.32,0
AERO-001542,LOT-2503-0125,13-mars-2025 20:53:00,M04,AL7075,USINAGE,NUIT,FOUR_C,49.892,125.682,8.132,305.994,1.199,9.514,32.646,1.112,4.887,68.203,390.26,85.599,14.0157,219.33,21.389,38.85,0
AERO-001543,LOT-2505-0144,08-mai-2025 00:02:00,M05,TI6AL4V,TRAITEMENT,MATIN,FOUR_B,50.09,124.936,8.029,313.789,1.297,26.645,37.81,1.658,5.499,69.851,446.46,78.452,14.5812,228.253,20.772,41.97,0
AERO-001544,LOT-2602-0051,17-févr-2026 02:11:00,M06,INCONEL718,TRAITEMENT,MATIN,FOUR_C,49.915,125.072,8.029,324.879,1.319,19.804,35.779,1.803,5.645,70.009,397.1,77.791,14.5021,262.234,20.932,50.17,0
AERO-001545,LOT-2512-0164,22-déc-2025 20:58:00,M01,AL7075,TRAITEMENT,MATIN,FOUR_B,50.128,124.904,7.913,306.808,1.189,17.198,35.559,1.14,4.547,70.079,403.58,81.604,14.474,198.837,19.293,36.2,0
AERO-001546,LOT-2504-0197,01-avr-2025 18:35:00,M04,TI6AL4V,USINAGE,SOIR,FOUR_B,50.013,125.218,8.009,314.372,0.72,21.882,34.049,1.446,5.48,68.264,411.67,74.641,14.4918,234.681,19.111,40.79,0
AERO-001547,LOT-2504-0174,24-avr-2025 13:12:00,M06,TI6AL4V,CONTROLE,MATIN,FOUR_A,49.937,125.071,7.928,315.226,1.117,17.101,35.081,1.865,6.386,67.332,411.88,75.362,14.7378,216.425,18.872,40.61,0
AERO-001548,LOT-2512-0056,09-déc-2025 03:48:00,M01,AL7075,USINAGE,MATIN,FOUR_A,49.802,124.765,7.915,300.802,1.667,16.773,34.525,1.357,5.509,65.255,413.83,85.347,14.3305,205.479,17.016,34.71,0
AERO-001549,LOT-2512-0152,20-déc-2025 03:38:00,M06,INCONEL718,CONTROLE,MATIN,FOUR_A,49.837,125.242,8.038,NaN,1.248,20.782,32.291,2.434,6.873,70.011,371.74,74.323,14.7994,264.925,18.432,56.36,0
AERO-001550,LOT-2510-0008,25-oct-2025 08:17:00,M03,INCONEL718,USINAGE,SOIR,FOUR_C,49.908,125.014,7.969,324.039,1.189,15.138,33.447,1.617,5.581,66.618,419.43,73.232,14.2314,251.5,17.826,26.73,0
AERO-001551,LOT-2501-0049,22-janv-2025 12:57:00,M02,INCONEL718,USINAGE,MATIN,FOUR_D,50.16,124.778,8.078,321.224,1.283,12.538,32.634,1.349,5.135,71.666,477.65,73.076,14.53,257.467,19.675,65.18,0
AERO-001552,LOT-2507-0081,15-juil-2025 06:29:00,M01,AL7075,USINAGE,MATIN,FOUR_A,49.846,125.379,8.037,302.851,1.354,17.122,30.38,1.258,4.219,66.338,NaN,88.55,14.4189,202.749,20.67,66.04,0
AERO-001553,LOT-2512-0082,26-déc-2025 16:43:00,M06,TI6AL4V,USINAGE,SOIR,FOUR_A,50.099,124.16,8.038,309.1,0.885,17.338,33.756,2.195,6.88,69.33,400.88,76.65,14.4564,235.048,21.088,48.74,0
AERO-001554,LOT-2601-0057,06-janv-2026 00:35:00,M05,TI6AL4V,CONTROLE,NUIT,FOUR_B,50.16,124.975,8.054,314.717,1.012,15.967,36.541,1.93,4.765,66.928,410.33,73.061,NaN,234.21,18.304,42.45,0
AERO-001555,LOT-2511-0035,29-nov-2025 09:00:00,M06,AL7075,USINAGE,MATIN,FOUR_A,50.266,125.367,7.887,303.466,0.901,20.579,40.051,1.93,5.535,67.655,414.33,83.034,14.3968,198.482,22.231,39.18,0
AERO-001556,LOT-2507-0213,22-juil-2025 08:08:00,M04,INCONEL718,TRAITEMENT,SOIR,FOUR_C,50.196,124.776,8.011,320.987,1.157,20.317,36.06,1.043,4.371,73.198,408.06,114.982,14.38,249.72,15.083,41.69,0
AERO-001557,LOT-2506-0119,15-juin-2025 20:29:00,M01,AL7075,CONTROLE,MATIN,FOUR_B,50.266,124.718,8.044,299.835,0.947,23.349,34.064,1.075,4.6,66.86,439.57,80.405,14.1981,197.02,18.403,45.13,0
AERO-001740,LOT-2503-0093,29-mars-2025 16:29:00,M04,TI6AL4V,CONTROLE,SOIR,FOUR_C,50.375,123.372,8.039,313.217,1.224,38.966,31.583,1.828,5.047,68.746,415.39,81.271,14.8187,236.347,19.018,49.72,1
AERO-001559,LOT-2505-0121,19-mai-2025 07:52:00,M01,AL7075,CONTROLE,MATIN,FOUR_C,50.02,124.95,8.017,300.88,0.76,26.435,27.283,1.277,5.138,63.919,431.02,85.057,14.5368,188.628,18.567,44.06,0
AERO-001560,LOT-2502-0158,07-févr-2025 15:58:00,M04,INCONEL718,USINAGE,MATIN,FOUR_C,50.022,125.24,7.948,325.943,0.967,20.067,25.225,1.219,5.189,63.773,408.38,69.522,14.896,254.72,18.854,44.74,0
AERO-001561,LOT-2505-0130,25-mai-2025 18:23:00,M02,TI6AL4V,USINAGE,NUIT,FOUR_C,49.93,125.329,8.117,313.861,1.238,15.422,34.326,1.249,4.826,67.314,464.19,75.833,14.0536,226.547,17.942,51.66,0
AERO-001562,LOT-2507-0092,16-juil-2025 05:04:00,M01,TI6AL4V,USINAGE,SOIR,FOUR_A,50.085,124.57,8.075,327.341,1.478,18.234,31.913,1.337,5.801,72.604,424.38,68.334,14.5798,206.692,20.013,42.6,1
AERO-001563,LOT-2512-0086,19-déc-2025 15:35:00,M01,AL7075,USINAGE,SOIR,FOUR_C,50.046,125.149,8.04,299.735,1.164,14.608,34.097,1.862,5.922,67.224,345.56,79.228,14.3475,191.368,20.748,58.35,0
AERO-001564,LOT-2503-0174,07-mars-2025 23:06:00,M06,INCONEL718,USINAGE,MATIN,FOUR_C,49.933,124.838,7.98,321.442,1.201,16.333,31.223,1.637,5.307,69.342,404.3,74.25,14.5899,267.539,20.474,30.84,0
AERO-001565,LOT-2511-0094,05-nov-2025 18:13:00,M01,INCONEL718,USINAGE,SOIR,FOUR_A,49.946,124.652,8.055,323.434,1.197,39.722,37.502,0.98,5.017,64.392,402.7,67.291,14.1381,261.252,18.524,40.83,1
AERO-001566,LOT-2502-0145,01-févr-2025 23:34:00,M03,AL7075,USINAGE,MATIN,FOUR_B,49.707,123.966,7.977,302.305,1.03,15.875,34.496,1.214,4.586,72.612,NaN,79.478,14.4322,198.244,19.807,44.21,0
AERO-001567,LOT-2504-0174,09-avr-2025 19:57:00,M06,AL7075,USINAGE,SOIR,FOUR_C,50.151,124.915,7.959,305.516,1.087,18.332,34.888,2.37,6.375,73.254,411.05,77.335,14.5401,208.513,18.149,40.1,0
AERO-001568,LOT-2509-0005,26-sept-2025 03:57:00,M01,TI6AL4V,USINAGE,SOIR,FOUR_D,49.779,125.088,7.977,314.337,0.954,13.457,48.654,3.242,7.866,64.298,383.5,74.492,14.4668,248.789,17.777,34.95,1
AERO-001569,LOT-2509-0130,27-sept-2025 17:05:00,M01,AL7075,USINAGE,MATIN,FOUR_A,49.996,125.733,7.953,296.941,1.206,19.637,34.107,1.419,4.856,66.559,412.9,78.747,14.4641,187.92,19.237,44.23,0
AERO-001570,LOT-2507-0084,12-juil-2025 19:57:00,M05,INCONEL718,CONTROLE,SOIR,FOUR_A,50.066,124.435,NaN,325.425,1.086,13.303,28.83,1.194,4.897,68.25,475.28,77.23,14.4663,267.433,19.543,43.5,0
AERO-001571,LOT-2506-0205,30-juin-2025 04:06:00,M03,TI6AL4V,CONTROLE,SOIR,FOUR_A,50.013,125.486,NaN,315.436,1.25,18.62,33.759,1.381,5.01,68.414,457.5,77.326,14.4429,241.257,16.398,39.77,0
AERO-001572,LOT-2511-0123,21-nov-2025 07:24:00,M03,AL7075,CONTROLE,MATIN,FOUR_A,49.794,125.307,8.091,300.526,1.095,17.243,31.295,1.219,5.114,62.725,422.8,81.137,14.4731,201.214,19.213,46.91,0
AERO-001573,LOT-2511-0023,03-nov-2025 00:10:00,M03,AL7075,USINAGE,MATIN,FOUR_A,50.19,125.147,8.079,299.498,3.134,20.42,32.932,1.192,4.424,71.03,448.4,80.405,14.2579,204.381,16.168,52.31,1
AERO-001574,LOT-2509-0213,10-sept-2025 17:30:00,M01,AL7075,CONTROLE,NUIT,FOUR_C,50.172,125.104,8.089,299.372,0.929,16.957,33.221,1.294,4.962,67.624,342.25,80.685,14.1527,210.725,20.425,36.28,0
AERO-001575,LOT-2601-0152,26-janv-2026 07:04:00,M04,AL7075,USINAGE,MATIN,FOUR_D,49.877,124.649,7.96,300.288,0.881,17.602,29.804,1.244,5.181,67.345,448.54,81.955,14.5412,221.022,20.308,47.64,0
AERO-001576,LOT-2509-0180,11-sept-2025 06:00:00,M01,AL7075,USINAGE,MATIN,FOUR_B,49.835,125.203,8.057,306.412,0.58,17.698,33.856,1.214,4.749,69.893,451.54,84.699,14.0835,190.851,17.369,52.65,0
AERO-001577,LOT-2602-0217,06-févr-2026 19:46:00,M05,AL7075,TRAITEMENT,MATIN,FOUR_C,50.126,124.441,7.855,303.162,1.006,19.267,37.455,1.746,5.328,71.677,431.64,84.159,14.4394,198.151,17.868,48.3,0
AERO-001578,LOT-2507-0179,09-juil-2025 07:32:00,M05,TI6AL4V,CONTROLE,MATIN,FOUR_B,49.977,124.408,7.979,312.614,1.412,14.278,31.86,2.099,5.83,68.612,482.35,81.535,14.6468,218.329,21.873,42.58,0
AERO-001579,LOT-2506-0159,01-juin-2025 09:18:00,M02,TI6AL4V,CONTROLE,MATIN,FOUR_B,49.927,124.761,8.04,312.246,0.967,15.336,31.789,1.461,4.778,68.09,433.92,77.27,14.9011,227.746,18.9,47.61,0
AERO-001580,LOT-2508-0024,04-août-2025 09:45:00,M03,AL7075,USINAGE,MATIN,FOUR_A,49.917,125.013,7.901,303.625,1.047,7.982,30.541,1.89,6.328,66.369,419.66,78.046,14.58,210.49,19.503,38.68,0
AERO-001581,LOT-2511-0239,12-nov-2025 12:19:00,M01,TI6AL4V,TRAITEMENT,MATIN,FOUR_B,49.864,124.666,8.035,314.117,1.518,21.013,33.677,1.396,4.692,72.456,355.15,83.466,14.1939,230.697,19.09,37.62,0
AERO-001582,LOT-2507-0055,01-juil-2025 13:08:00,M01,AL7075,TRAITEMENT,SOIR,FOUR_A,NaN,124.909,8.06,296.794,1.08,12.99,34.57,1.432,4.736,64.889,459.84,82.327,14.5268,213.826,18.484,34.62,0
AERO-001583,LOT-2511-0164,25-nov-2025 03:14:00,M01,AL7075,CONTROLE,SOIR,FOUR_B,49.546,124.686,8.095,304.404,1.163,17.551,35.254,1.556,5.97,63.743,358.12,85.499,14.6022,207.108,21.258,42.97,0
AERO-001584,LOT-2504-0198,26-avr-2025 12:28:00,M02,INCONEL718,TRAITEMENT,SOIR,FOUR_C,49.764,124.996,7.936,382.609,1.227,17.9,32.912,1.045,4.314,67.666,448.28,79.354,14.539,NaN,19.307,42.22,0
AERO-001585,LOT-2601-0135,13-janv-2026 16:24:00,M02,AL7075,TRAITEMENT,MATIN,FOUR_B,49.901,125.128,7.821,303.192,1.088,18.21,30.433,1.157,4.137,67.477,398.79,77.169,14.7275,194.792,18.328,NaN,0
AERO-001586,LOT-2503-0024,13-mars-2025 17:18:00,M05,TI6AL4V,CONTROLE,MATIN,FOUR_C,49.871,125.465,8.007,313.428,1.16,21.524,29.968,2.493,7.359,73.718,485.83,75.074,14.4305,235.032,17.595,41.97,0
AERO-001587,LOT-2512-0017,12-déc-2025 18:28:00,M06,AL7075,TRAITEMENT,MATIN,FOUR_D,49.999,125.171,7.988,308.5,2.646,21.6,39.299,2.011,5.47,68.641,458.98,79.486,14.2495,193.417,14.607,59.13,1
AERO-001588,LOT-2601-0050,09-janv-2026 14:12:00,M01,AL7075,CONTROLE,MATIN,FOUR_C,50.004,125.391,8.113,294.949,1.833,NaN,34.14,0.689,4.013,63.43,385.94,70.032,14.4324,181.952,19.257,45.67,1
AERO-001589,LOT-2602-0221,14-févr-2026 12:35:00,M03,AL7075,TRAITEMENT,SOIR,FOUR_B,49.89,124.901,7.911,303.16,1.029,11.559,35.723,1.309,5.106,67.003,419.22,82.079,14.3979,196.615,16.459,38.36,0
AERO-001590,LOT-2508-0116,02-août-2025 13:54:00,M04,INCONEL718,USINAGE,SOIR,FOUR_A,50.067,125.428,7.956,322.381,0.828,20.53,34.653,1.299,4.433,69.712,525.43,NaN,14.6411,262.547,19.58,37,0
AERO-001591,LOT-2512-0016,24-déc-2025 09:21:00,M06,TI6AL4V,TRAITEMENT,MATIN,FOUR_B,50.318,124.582,8.064,310.841,1.296,18.017,35.019,2.227,6.895,72.706,451.96,81.902,14.3933,231.401,15.764,44.67,0
AERO-001592,LOT-2508-0103,10-août-2025 03:22:00,M05,TI6AL4V,TRAITEMENT,MATIN,FOUR_B,50.025,125.363,7.953,314.073,1.002,20.07,36.626,1.655,5.8,67.59,414.79,79.751,14.6527,238.079,20.268,38.47,0
AERO-001593,LOT-2505-0060,10-mai-2025 03:43:00,M01,TI6AL4V,USINAGE,MATIN,FOUR_C,50.107,124.789,8.084,315.752,1.295,17.63,32.545,1.188,4.379,67.434,431.59,74.388,14.4458,239.196,20.479,39.23,0
AERO-001594,LOT-2507-0091,13-juil-2025 13:24:00,M01,TI6AL4V,USINAGE,MATIN,FOUR_C,49.87,125.266,7.991,313.621,1.616,19.961,36.425,1.237,4.73,68.071,431.79,74.631,14.5481,NaN,18.632,22.87,0
AERO-001595,LOT-2511-0193,05-nov-2025 18:58:00,M04,TI6AL4V,CONTROLE,MATIN,FOUR_D,49.844,125.563,8.082,315.694,1.021,12.287,36.506,1.314,5.075,65.942,456.44,77.848,14.5017,237.296,19.293,48.4,0
AERO-001596,LOT-2602-0090,07-févr-2026 00:10:00,M04,AL7075,USINAGE,MATIN,FOUR_D,50.253,125.013,7.892,301.652,1.841,16.951,33.152,0.826,3.794,67.522,389.18,81.921,14.8764,201.164,15.841,43.62,1
AERO-001597,LOT-2509-0032,17-sept-2025 12:51:00,M06,AL7075,CONTROLE,MATIN,FOUR_B,50.083,124.699,8.004,307.047,1.085,24.489,29.668,1.768,5.925,67.86,436.04,81.727,14.1566,203.693,17.963,32.69,0
AERO-001598,LOT-2601-0147,04-janv-2026 22:50:00,M05,TI6AL4V,USINAGE,SOIR,FOUR_A,49.965,124.684,7.981,309.706,1.081,23.04,31.918,1.57,4.43,66.068,433.77,78.1,14.5214,232.743,18.425,35.99,0
AERO-001599,LOT-2510-0153,31-oct-2025 03:00:00,M03,INCONEL718,USINAGE,NUIT,FOUR_A,50.117,124.756,7.914,322.201,0.661,11.567,30.856,1.676,5.778,63.751,417.83,72.022,14.6269,255.167,18.237,37.41,0
AERO-001600,LOT-2502-0131,18-févr-2025 15:23:00,M04,TI6AL4V,TRAITEMENT,NUIT,FOUR_C,49.926,124.856,7.988,315.984,0.766,22.192,37.637,1.262,5.006,67.607,441.6,74.114,14.3725,230.013,20.11,29.39,0
AERO-001601,LOT-2508-0063,17-août-2025 01:06:00,M05,TI6AL4V,USINAGE,SOIR,FOUR_B,50.07,124.469,8.026,316.463,1.657,17.656,34.709,1.247,5.512,68.629,403.5,71.719,14.5801,239.519,19.805,41.75,0
AERO-001602,LOT-2501-0122,10-janv-2025 06:24:00,M02,AL7075,CONTROLE,NUIT,FOUR_A,50.088,NaN,8.03,295.187,2.164,15.22,NaN,1.334,NaN,73.737,385.44,65.196,14.2965,152.831,20.224,40.71,1
AERO-001603,LOT-2507-0229,28-juil-2025 03:58:00,M06,AL7075,CONTROLE,SOIR,FOUR_A,49.834,124.895,8.066,296.716,1.104,12.609,34.496,1.038,4.629,69.643,390.31,78.993,14.653,190.559,18.475,49.67,0
AERO-001604,LOT-2509-0228,29-sept-2025 11:52:00,M04,TI6AL4V,CONTROLE,MATIN,FOUR_A,49.869,124.876,8.035,311.672,0.996,17.197,34.045,1.521,5.381,66.994,381.51,71.986,14.4549,228.428,18.561,44.13,0
AERO-001605,LOT-2504-0222,13-avr-2025 09:35:00,M01,AL7075,USINAGE,MATIN,FOUR_B,50.067,125.443,8.009,300.355,1.223,21.143,31.74,1.207,5.154,70.712,370.74,81.79,14.5509,199.702,17.585,53.17,0
AERO-001606,LOT-2603-0173,01-mars-2026 08:56:00,M02,AL7075,CONTROLE,SOIR,FOUR_A,50.128,124.399,8.023,296.242,1.884,21.708,37.17,1.084,5.061,65.332,395.23,76.711,14.8378,171.579,17.919,28.46,1
AERO-001607,LOT-2505-0085,04-mai-2025 23:17:00,M04,AL7075,USINAGE,SOIR,FOUR_B,49.945,125.253,8.063,299.561,1.239,11.683,37.202,1.556,5.882,66.567,483.47,83.382,14.3636,201.371,18.081,38.05,0
AERO-001608,LOT-2512-0001,10-déc-2025 20:49:00,M04,INCONEL718,CONTROLE,MATIN,FOUR_C,49.855,125.416,7.967,319.996,1.057,23.625,39.121,3.48,8.436,71.088,495.21,71.893,14.7418,245.461,20.535,43.66,1
AERO-001609,LOT-2504-0183,12-avr-2025 17:04:00,M03,TI6AL4V,CONTROLE,MATIN,FOUR_C,50.127,124.925,7.981,312.308,0.842,19.344,33,1.088,4.816,67.346,420.8,77.896,14.8158,227.355,18.931,56.3,0
AERO-001610,LOT-2503-0186,25-mars-2025 14:05:00,M01,AL7075,CONTROLE,NUIT,FOUR_A,50.209,125.333,8.003,304.308,1.144,25.604,31.935,1.417,5.54,65.588,357.03,77.528,14.4933,189.87,19.035,49.41,0
AERO-001611,LOT-2602-0222,10-févr-2026 22:28:00,M02,AL7075,USINAGE,MATIN,FOUR_A,49.91,125.27,8.225,301.402,1.254,15.877,36.307,1.235,4.832,66.188,488.74,82.943,14.6233,202.31,17.04,62.61,0
AERO-001612,LOT-2505-0020,29-mai-2025 08:57:00,M05,AL7075,CONTROLE,MATIN,FOUR_D,49.834,125.122,7.984,306.278,1.026,20.027,34.786,1.66,5.691,67.296,427.49,79.951,14.1705,206.096,19.133,41.3,0
AERO-001613,LOT-2507-0023,24-juil-2025 18:08:00,M06,AL7075,USINAGE,MATIN,FOUR_B,49.817,125.418,7.942,299.263,0.906,20.451,32.909,1.596,5.8,68.061,460.79,78.084,14.3833,197.288,21.251,32.25,0
AERO-001614,LOT-2602-0232,26-févr-2026 16:21:00,M06,AL7075,TRAITEMENT,MATIN,,50.017,124.304,8.03,299.913,0.961,22.752,35.88,1.706,5.273,68.701,430.55,84.154,14.469,197.181,18.987,40.19,0
AERO-001615,LOT-2501-0059,21-janv-2025 17:02:00,M04,AL7075,USINAGE,MATIN,FOUR_D,50.093,124.756,7.933,305.9,1.277,23.424,32.666,1.685,5.945,68.25,447.71,78.115,14.3259,205.18,19.914,46.19,0
AERO-001616,LOT-2507-0148,31-juil-2025 20:42:00,M03,AL7075,CONTROLE,MATIN,FOUR_C,50.171,125.258,8.077,300.835,0.97,21.785,34.754,1.578,6.025,66.617,395.94,82.682,14.1969,201.098,20.322,45.3,0
AERO-001617,LOT-2505-0113,05-mai-2025 15:28:00,M04,AL7075,USINAGE,MATIN,FOUR_B,50.179,124.494,8.067,303.735,0.809,17.185,33.333,1.434,4.861,67.736,422.38,79.347,14.4495,210.679,NaN,46.05,0
AERO-001618,LOT-2501-0012,05-janv-2025 09:28:00,M03,TI6AL4V,USINAGE,MATIN,FOUR_A,50.204,125.262,7.932,311.976,1.2,24.344,32.289,1.493,5.423,65.95,420.26,73.604,14.7044,236.307,18.975,31.86,0
AERO-001619,LOT-2506-0096,21-juin-2025 02:20:00,M04,AL7075,CONTROLE,SOIR,FOUR_D,49.975,125.082,7.966,298.128,1.097,16.24,31.658,1.027,4.231,66.835,429.33,79.843,14.4521,213.543,19.917,41.94,0
AERO-001620,LOT-2510-0134,10-oct-2025 15:58:00,M04,AL7075,CONTROLE,MATIN,FOUR_D,50.01,124.875,7.994,301.461,1.1,19.966,30.68,NaN,5.144,68.33,385.94,81.457,14.497,207.608,20.339,39.99,0
AERO-001621,LOT-2502-0062,28-févr-2025 15:44:00,M01,AL7075,TRAITEMENT,SOIR,FOUR_D,49.89,124.857,7.978,303.081,0.81,15.425,32.635,1.069,4.989,66.028,341.57,81.216,14.3254,189.049,19.172,44.4,0
AERO-001622,LOT-2506-0236,07-juin-2025 05:30:00,M06,AL7075,USINAGE,MATIN,FOUR_D,50.147,124.725,7.992,302.507,1.272,19.367,35.114,1.66,5.384,68.941,410.79,81.018,14.3705,197.206,18.918,45.56,0
AERO-001623,LOT-2509-0033,06-sept-2025 21:36:00,M03,AL7075,USINAGE,NUIT,FOUR_D,49.901,124.912,7.976,300.302,0.811,12.98,33.744,1.426,5.42,70.25,364.36,75.365,14.5662,204.022,17.712,49.15,0
AERO-001624,LOT-2506-0204,12-juin-2025 19:54:00,M04,INCONEL718,USINAGE,MATIN,FOUR_C,49.808,124.714,7.96,322.87,1.144,23.574,32.335,1.18,3.923,66.742,382.46,72.225,14.717,263.289,16.962,47.7,0
AERO-001625,LOT-2601-0111,23-janv-2026 23:23:00,M05,AL7075,TRAITEMENT,MATIN,FOUR_B,50.05,124.549,8.119,307.037,0.87,20.263,34.254,1.402,4.912,68.726,443.92,83.98,14.3152,196.667,20.708,39.36,0
AERO-001626,LOT-2502-0226,08-févr-2025 11:37:00,M06,AL7075,USINAGE,MATIN,FOUR_C,49.97,124.981,8.038,300.594,1.33,21.614,37.196,1.602,5.498,66.021,442.05,87.787,14.5927,191.255,18.126,49.12,0
AERO-001627,LOT-2510-0085,21-oct-2025 10:24:00,M01,AL7075,CONTROLE,NUIT,FOUR_A,50.155,124.792,8.038,313.879,1.631,15.18,35.853,1.248,5.294,70.635,462.85,NaN,14.8566,187.834,16.508,44,1
AERO-001628,LOT-2511-0094,30-nov-2025 22:36:00,M02,TI6AL4V,CONTROLE,MATIN,FOUR_B,49.936,125.04,7.979,316.407,1.283,20.62,33.983,1.301,5.301,74.579,399.77,72.607,14.6698,227.99,19.632,41.98,0
AERO-001629,LOT-2512-0053,07-déc-2025 02:41:00,M04,AL7075,CONTROLE,MATIN,FOUR_A,49.686,124.384,8.016,298.183,0.728,18.085,32.557,1.707,5.904,71.626,439.73,79.167,14.0882,193.109,18.679,43.85,0
AERO-001630,LOT-2510-0038,03-oct-2025 18:24:00,M06,AL7075,CONTROLE,MATIN,FOUR_A,50.444,125.481,7.938,301.961,1.007,16.656,32.643,1.203,4.692,70.734,398.66,80.758,14.5085,214.307,19.447,44.98,0
AERO-001631,LOT-2511-0123,23-nov-2025 19:15:00,M05,TI6AL4V,TRAITEMENT,MATIN,FOUR_D,50.104,124.875,7.955,317.737,0.995,14.753,31.416,1.452,5.312,66.72,423.27,79.295,NaN,233.978,20.094,41.14,0
AERO-001632,LOT-2510-0135,10-oct-2025 17:29:00,M05,INCONEL718,USINAGE,NUIT,FOUR_A,50.121,125.831,8.051,310.126,NaN,17.726,35.598,1.821,5.472,69.18,392.85,76.269,14.7051,227.291,18.243,57.25,1
AERO-001633,LOT-2512-0161,22-déc-2025 19:55:00,M06,INCONEL718,CONTROLE,SOIR,FOUR_C,50.176,125.238,7.905,326.097,1.236,8.763,32.754,1.922,5.628,69.249,320.05,74.513,14.5107,257.644,21.937,47.17,0
AERO-001634,LOT-2504-0212,28-avr-2025 07:52:00,M02,AL7075,TRAITEMENT,MATIN,FOUR_C,50.591,125.623,8.063,301.923,1.165,27.306,34.304,1.406,5.967,72.313,393.46,84.931,14.3978,204.682,19.041,NaN,1
AERO-001635,LOT-2504-0110,24-avr-2025 09:16:00,M04,AL7075,TRAITEMENT,MATIN,FOUR_B,50.067,125.16,8.079,302.439,0.905,19.191,27.54,1.236,4.579,66.596,381.3,79.493,14.4847,187.089,17.087,49.53,0
AERO-001636,LOT-2507-0049,09-juil-2025 09:38:00,M04,TI6AL4V,CONTROLE,MATIN,FOUR_D,49.932,125.543,8.095,314.373,1.172,14.918,37.121,2.975,7.236,69.539,427.48,77.16,14.6532,225.789,19.128,34.19,1
AERO-001637,LOT-2511-0025,02-nov-2025 18:15:00,M05,INCONEL718,TRAITEMENT,MATIN,FOUR_B,49.884,125.149,8.005,317.762,1.198,22.193,37.48,1.74,5.498,69.3,449,75.091,14.6115,239.814,19.347,47.87,0
AERO-001638,LOT-2503-0172,30-mars-2025 03:38:00,M01,INCONEL718,TRAITEMENT,MATIN,FOUR_C,50.399,124.989,7.953,324.424,1.174,17.651,47.514,3.139,7.638,66.355,468.04,78.73,14.388,248.114,18.583,46.25,1
AERO-001639,LOT-2506-0112,03-juin-2025 10:50:00,M01,AL7075,CONTROLE,NUIT,FOUR_A,49.993,124.996,7.921,304.965,1.433,17.234,36.412,1.587,5.425,69.848,470.62,78.367,14.5068,206.709,18.881,48.07,0
AERO-001640,LOT-2602-0177,08-févr-2026 15:51:00,M01,TI6AL4V,USINAGE,SOIR,FOUR_C,50.117,125.17,8.049,308.85,1.001,20.81,37.041,3.848,9.9,68.326,398.75,77.517,14.5625,235.482,20.205,44.03,1
AERO-001641,LOT-2502-0037,28-févr-2025 10:03:00,M06,INCONEL718,USINAGE,SOIR,FOUR_A,49.949,124.625,8.116,325.377,1.197,16.682,36.285,1.569,5.031,66.327,467.09,79.491,NaN,NaN,19.386,47.59,0
AERO-001642,LOT-2502-0034,08-févr-2025 08:04:00,M06,TI6AL4V,USINAGE,SOIR,FOUR_A,49.879,125.154,7.875,309.412,1.109,13.236,34.732,1.434,4.854,67.731,437.29,75.283,14.4611,244.481,20.83,53.29,0
AERO-001643,LOT-2508-0012,22-août-2025 13:33:00,M04,AL7075,TRAITEMENT,SOIR,FOUR_C,50.131,124.447,8,301.359,1.118,20.506,35.933,1.473,NaN,74.016,453.82,79.957,14.5502,206.295,18.57,51.74,0
AERO-001644,LOT-2601-0029,31-janv-2026 11:57:00,M06,TI6AL4V,CONTROLE,MATIN,FOUR_B,50.115,125.15,7.96,311.737,1.298,17.873,38.285,1.828,5.6,69.824,442.78,77.013,14.819,235.758,19.896,38.75,0
AERO-001645,LOT-2501-0020,22-janv-2025 15:51:00,M01,AL7075,TRAITEMENT,SOIR,FOUR_A,49.795,125.201,8.115,301.997,1.146,19.808,32.002,1.388,4.847,73.329,403.25,82.693,14.4435,211.644,16.321,44.81,0
AERO-001646,LOT-2502-0076,21-févr-2025 07:04:00,M01,TI6AL4V,USINAGE,NUIT,FOUR_D,50.073,124.541,7.964,314.269,1.414,24.345,35.889,0.974,4.945,61.729,425.64,81.82,14.5153,250.245,18.766,42.55,0
AERO-001647,LOT-2510-0119,03-oct-2025 22:13:00,M03,AL7075,USINAGE,MATIN,FOUR_B,50.06,125.035,7.98,302.074,0.817,17.892,30.029,1.632,5.576,63.314,417.63,80.054,14.5812,208.033,20.319,47.75,0
AERO-001648,LOT-2511-0007,13-nov-2025 12:25:00,M03,INCONEL718,USINAGE,MATIN,FOUR_A,50.143,124.918,7.965,319.126,0.892,19.697,29.054,1.211,3.908,68.561,340.7,68.943,14.5016,259.238,20.66,52.86,0
AERO-001649,LOT-2508-0120,09-août-2025 12:05:00,M06,TI6AL4V,CONTROLE,SOIR,FOUR_A,50.193,124.852,7.946,310.05,1.023,17.485,39,1.819,4.692,69.679,440.58,77.928,15.0697,238.667,20.37,37.28,0
AERO-001650,LOT-2510-0002,31-oct-2025 16:23:00,M02,INCONEL718,USINAGE,MATIN,FOUR_B,49.985,125.218,8.091,320.91,1,18.426,37.368,1.582,5.812,65.57,388.64,72.771,14.6194,272.077,20.823,56.86,0
AERO-001651,LOT-2602-0104,02-févr-2026 06:39:00,M06,TI6AL4V,USINAGE,MATIN,FOUR_C,49.73,125.565,8,314.622,1.074,23.554,34.014,2.066,5.837,71.353,512.09,75.174,14.5345,212.778,19.825,45.64,0
AERO-001652,LOT-2509-0138,08-sept-2025 06:01:00,M04,INCONEL718,USINAGE,NUIT,FOUR_C,50.152,124.765,7.867,326.725,1.096,11.118,42.175,3.34,8.027,65.818,354.49,72.863,14.3549,274.607,19.672,37.88,1
AERO-001653,LOT-2512-0016,03-déc-2025 05:42:00,M02,TI6AL4V,USINAGE,MATIN,FOUR_B,49.429,123.844,8.114,315.67,0.796,31.019,37.443,1.339,4.24,66.38,387.5,73.734,14.9235,228.834,19.003,61.29,1
AERO-001654,LOT-2601-0026,14-janv-2026 02:37:00,M04,AL7075,CONTROLE,MATIN,FOUR_D,50.203,125.162,8.05,297.28,1.068,20.917,31.131,1.249,5.164,69.895,502.04,81.158,14.5398,202.609,16.638,36.36,0
AERO-001655,LOT-2602-0044,02-févr-2026 23:08:00,M02,AL7075,TRAITEMENT,MATIN,FOUR_C,49.818,125.304,8.008,303.462,1.674,18.702,30.934,1.776,5.237,63.791,NaN,80.922,14.1869,206.285,21.789,51.75,1
AERO-001656,LOT-2502-0047,22-févr-2025 16:58:00,M04,TI6AL4V,USINAGE,MATIN,FOUR_D,50.184,123.571,8.042,315.581,1.015,39.337,31.067,1.177,4.305,72.292,387.29,78.761,14.6175,239.314,18.381,40.96,1
AERO-001657,LOT-2509-0103,15-sept-2025 16:39:00,M04,TI6AL4V,CONTROLE,SOIR,FOUR_A,49.808,124.662,7.951,319.929,1.259,16.56,33.727,1.684,6.267,70.42,423.9,80.663,14.3341,231.981,17.693,51.5,0
AERO-001658,LOT-2510-0228,27-oct-2025 19:52:00,M01,AL7075,CONTROLE,NUIT,FOUR_B,50.069,125.014,8.046,297.274,1.224,16.004,37.339,1.421,5.675,64.174,391.99,76.073,14.387,211.569,19.242,50.13,0
AERO-001659,LOT-2502-0164,28-févr-2025 03:40:00,M02,TI6AL4V,CONTROLE,MATIN,FOUR_A,49.761,124.61,8.096,314.306,1.309,15.635,34.373,1.222,4.669,69.083,446.1,73.421,14.4393,237.942,21.528,39.78,0
AERO-001660,LOT-2509-0151,17-sept-2025 03:56:00,M05,AL7075,TRAITEMENT,SOIR,FOUR_C,49.998,125.082,8.099,304.017,1.079,13.246,36.236,1.606,5.193,71.778,392.58,81.828,14.5253,210.085,17.955,42.97,0
AERO-001661,LOT-2602-0033,08-févr-2026 02:20:00,M01,INCONEL718,USINAGE,MATIN,FOUR_B,49.747,124.903,8.012,326.688,2.52,18.94,35.468,1.596,5.521,65.902,399,72.401,14.56,251.882,17.573,41.16,1
AERO-001662,LOT-2602-0156,25-févr-2026 15:23:00,M03,TI6AL4V,USINAGE,SOIR,FOUR_A,50.082,124.77,7.98,318.585,1.02,13.047,37.811,0.965,3.707,66.044,447.64,67.509,14.4013,235.658,18.601,40.07,0
AERO-001663,LOT-2601-0190,25-janv-2026 09:15:00,M01,AL7075,CONTROLE,MATIN,FOUR_A,49.701,126.597,7.983,299.705,1.244,48.807,35.293,0.842,4.169,65.412,490.32,73.395,14.2966,204.018,22.093,43.27,1
AERO-001664,LOT-2508-0132,16-août-2025 03:41:00,M06,TI6AL4V,CONTROLE,NUIT,FOUR_A,50.118,125.044,7.901,316.992,1.09,22.881,36.139,1.668,5.952,73.469,369.33,79.005,14.7362,230.567,20.539,51.89,0
AERO-001665,LOT-2602-0240,03-févr-2026 03:51:00,M06,TI6AL4V,CONTROLE,MATIN,FOUR_B,49.713,124.691,8.101,312.835,1.119,16.065,32.159,1.965,5.719,75.769,410.11,74.99,14.7355,233.4,14.01,53.31,0
AERO-001666,LOT-2501-0228,23-janv-2025 13:30:00,M03,TI6AL4V,USINAGE,SOIR,FOUR_A,50.124,124.865,8.053,310.349,0.889,23.479,28.643,0.981,5.285,69.716,400.22,76.921,14.3272,240.21,18.879,47.64,0
AERO-001667,LOT-2511-0204,20-nov-2025 18:36:00,M01,AL7075,USINAGE,SOIR,FOUR_A,49.891,125.091,7.879,305.189,1.136,16.434,30.379,1.574,5.189,71.814,465.9,83.026,14.3303,211.109,17.474,47.68,0
AERO-001668,LOT-2509-0117,29-sept-2025 05:07:00,M06,AL7075,TRAITEMENT,MATIN,FOUR_C,50.316,124.369,8.072,301.081,1.048,11.982,35.514,1.661,4.915,65.343,410.44,79.351,14.5705,188.889,17.845,38.43,0
AERO-001669,LOT-2503-0173,17-mars-2025 22:51:00,M04,TI6AL4V,USINAGE,SOIR,FOUR_A,50.172,125.22,8.029,312.126,1.062,19.499,34.213,1.487,5.642,66.469,374.49,79.58,14.6764,239.978,18.166,27.73,0
AERO-001670,LOT-2505-0033,19-mai-2025 17:13:00,M01,TI6AL4V,USINAGE,MATIN,FOUR_A,49.782,123.296,8.048,320.644,1.047,35.671,36.487,1.684,5.432,67.727,410.12,75.507,14.3907,NaN,18.962,43.29,1
AERO-001671,LOT-2501-0097,19-janv-2025 03:48:00,M05,AL7075,CONTROLE,MATIN,FOUR_C,50.117,124.797,8.049,302.877,2.845,22.72,34.384,1.229,4.261,71.836,367.84,82.599,14.6381,217.968,13.902,34.29,1
AERO-001672,LOT-2504-0116,21-avr-2025 21:44:00,M01,AL7075,CONTROLE,MATIN,FOUR_A,50.05,125.339,7.889,304.279,1.303,23.393,31.131,1.452,5.681,67.459,422.62,80.081,14.3428,206.044,17.305,55.87,0
AERO-001673,LOT-2510-0088,17-oct-2025 02:20:00,M01,INCONEL718,TRAITEMENT,SOIR,FOUR_C,49.829,124.911,8.134,324.039,1.239,11.844,31.317,1.325,4.089,66.442,361.72,67.35,14.7761,251.218,18.92,43.35,0
AERO-001674,LOT-2503-0129,22-mars-2025 21:39:00,M01,AL7075,USINAGE,SOIR,FOUR_C,49.794,124.753,7.935,304.399,1.047,16.336,36.557,1.945,5.837,68.25,359.65,78.706,14.5517,212.39,17.636,42.49,0
AERO-001675,LOT-2505-0003,22-mai-2025 11:22:00,M02,AL7075,CONTROLE,NUIT,FOUR_A,50.013,124.814,7.915,301.228,0.941,22.948,32.161,1.558,5.869,67.9,401.22,80.518,14.4823,194.667,18.774,38.66,0
AERO-001676,LOT-2602-0152,27-févr-2026 14:37:00,M06,AL7075,USINAGE,SOIR,FOUR_D,50.097,124.471,7.976,301.616,1.59,20.618,32.224,2.097,5.814,66.438,463.65,83.238,14.4308,207.21,19.851,42.61,0
AERO-001677,LOT-2504-0199,30-avr-2025 09:56:00,M05,INCONEL718,TRAITEMENT,MATIN,FOUR_C,50.044,125.265,8.03,327.978,1.209,18.174,33.088,1.9,6.327,67.235,376.7,69.902,14.182,252.212,21.02,39.73,0
AERO-001678,LOT-2510-0074,22-oct-2025 06:52:00,M04,AL7075,CONTROLE,NUIT,FOUR_A,49.968,125.072,7.943,301.356,1.363,16.217,32.751,1.284,4.794,69.396,460.93,83.594,14.2991,206.773,18.645,41.51,0
AERO-001679,LOT-2504-0146,21-avr-2025 18:40:00,M05,AL7075,USINAGE,SOIR,FOUR_B,50.003,124.975,7.987,300.816,1.126,12.391,38.246,1.309,4.84,70.155,400.9,80.684,14.724,202.55,16.655,55.62,0
AERO-001680,LOT-2601-0207,30-janv-2026 17:26:00,M04,AL7075,CONTROLE,SOIR,FOUR_C,49.985,124.84,7.988,298.826,0.969,25.047,34.673,1.493,5.384,70.41,377.5,81.996,14.3548,198.083,16.914,27.95,0
AERO-001681,LOT-2508-0076,28-août-2025 01:05:00,M03,TI6AL4V,USINAGE,SOIR,FOUR_B,50.171,124.484,8.096,307.331,1.934,17.171,33.881,1.118,4.825,66.616,483.51,69.12,14.2824,220.812,17.692,33.43,1
AERO-001682,LOT-2602-0054,27-févr-2026 23:21:00,M03,AL7075,CONTROLE,SOIR,FOUR_B,49.946,125.523,8.026,302.412,1.085,26.616,30.567,1.264,4.886,66.069,457.84,85.719,14.8137,199.943,19.714,51.35,0
AERO-001683,LOT-2506-0008,04-juin-2025 10:24:00,M02,AL7075,CONTROLE,NUIT,FOUR_A,50.061,125.25,7.995,313.926,2.379,20.524,31.432,1.699,4.893,68.934,443.7,76.144,14.4739,184.541,18.38,46.57,1
AERO-001684,LOT-2505-0083,09-mai-2025 03:50:00,M03,AL7075,USINAGE,NUIT,FOUR_A,50.249,124.312,8.014,307.01,1.36,NaN,32.603,1.471,5.371,69.093,416.48,75.188,14.4649,209.145,16.877,44.38,0
AERO-001685,LOT-2503-0068,08-mars-2025 04:58:00,M01,TI6AL4V,TRAITEMENT,SOIR,FOUR_B,50.044,125.455,7.888,312.193,1.406,18.308,32.999,1.677,5.547,66.65,431.64,71.639,14.4279,227.036,18.369,45.5,0
AERO-001686,LOT-2501-0074,29-janv-2025 11:55:00,M02,AL7075,CONTROLE,SOIR,FOUR_A,50.152,125.067,8.074,302.205,0.758,14.314,29.586,1.692,NaN,69.031,458.73,83.51,14.3782,212.288,18.144,36.7,0
AERO-001687,LOT-2503-0122,08-mars-2025 10:31:00,M02,INCONEL718,CONTROLE,MATIN,FOUR_A,49.486,125.232,7.962,317.659,1.06,17.746,33.127,1.261,5.473,67.193,468.92,70.684,NaN,257.248,19.703,56.71,0
AERO-001688,LOT-2503-0199,14-mars-2025 08:36:00,M03,AL7075,USINAGE,SOIR,FOUR_B,49.719,124.988,7.987,304.946,1.189,24.219,35.339,1.508,4.851,65.373,452.96,86.514,14.1936,203.91,16.792,43.47,0
AERO-001689,LOT-2512-0140,07-déc-2025 21:16:00,M06,AL7075,CONTROLE,MATIN,FOUR_B,NaN,124.832,8.035,308.162,1.272,16.314,37.536,1.955,5.828,70.756,384.47,78.972,14.7529,202.957,18.366,39.13,0
AERO-001690,LOT-2512-0024,28-déc-2025 07:07:00,M06,AL7075,TRAITEMENT,MATIN,FOUR_A,49.916,124.925,7.977,302.048,1.107,23.19,41.72,3.995,8.609,NaN,432.09,80.928,14.6041,193.799,19.827,51.93,1
AERO-001691,LOT-2511-0161,17-nov-2025 13:24:00,M06,TI6AL4V,USINAGE,MATIN,FOUR_D,50.23,125.015,8.035,316.557,1.213,16.314,35.989,1.972,5.95,69.841,432.83,77.884,14.5339,237.443,20.025,39.41,0
AERO-001692,LOT-2503-0199,17-mars-2025 21:25:00,M02,INCONEL718,USINAGE,MATIN,FOUR_B,49.687,124.99,8.019,322.635,1.131,23.876,29.135,1.76,6.567,67.887,399.28,73.854,14.6496,NaN,18.991,39.49,0
AERO-001693,LOT-2512-0139,21-déc-2025 17:22:00,M05,AL7075,USINAGE,MATIN,FOUR_A,49.887,125.125,7.895,304.501,0.935,16.392,38.273,NaN,5.332,69.961,419.38,81.02,14.8405,194.476,NaN,48.87,0
AERO-001694,LOT-2601-0239,25-janv-2026 08:06:00,M06,AL7075,CONTROLE,MATIN,FOUR_C,49.8,124.007,7.953,300.214,1.216,9.332,36.127,2.162,6.397,69.664,447.45,83.108,14.5265,197.453,19.915,47.53,0
AERO-001695,LOT-2505-0039,04-mai-2025 18:19:00,M06,AL7075,CONTROLE,MATIN,FOUR_C,49.674,125.059,7.985,299.195,1.009,24.031,47.947,3.881,10.285,67.798,467.05,85.378,14.4361,204.128,18.866,53.54,1
AERO-001696,LOT-2602-0184,07-févr-2026 10:05:00,M02,AL7075,USINAGE,MATIN,FOUR_A,49.965,124.382,8.002,300.755,1.352,18.314,35.39,1.091,4.017,66.62,403.47,86.934,14.5803,203.795,20.078,54.59,0
AERO-001697,LOT-2509-0134,02-sept-2025 10:57:00,M06,AL7075,USINAGE,SOIR,FOUR_A,50.289,125.411,7.971,297.57,1.105,16.315,39.793,1.917,5.97,64.905,408.68,78.086,14.3832,198.566,20.265,29.63,0
AERO-001698,LOT-2512-0089,19-déc-2025 00:12:00,M06,AL7075,CONTROLE,NUIT,FOUR_A,50.303,124.96,8.154,302.888,0.955,27.583,35.621,1.706,4.721,69.241,434.57,77.803,14.417,186.748,20.25,38.59,0
AERO-001699,LOT-2507-0127,05-juil-2025 18:25:00,M02,INCONEL718,CONTROLE,MATIN,FOUR_A,50.156,124.835,8.152,325.035,1.071,21.693,33.555,1.04,4.724,67.296,460.53,73.958,14.8769,258.703,19.942,43.62,0
AERO-001700,LOT-2509-0118,14-sept-2025 02:04:00,M05,INCONEL718,USINAGE,NUIT,FOUR_A,49.993,124.948,7.963,323.494,1.221,18.05,34.408,1.953,5.157,66.215,413.7,78.006,14.7063,255.887,17.922,51.81,0
AERO-001701,LOT-2512-0109,14-déc-2025 07:35:00,M06,AL7075,CONTROLE,SOIR,FOUR_A,50.047,125.12,8.067,304.144,0.622,17.396,38.476,1.717,5.1,71.387,468.25,81.959,14.6537,214.984,19.586,53.51,0
AERO-001702,LOT-2501-0156,21-janv-2025 00:00:00,M05,AL7075,USINAGE,SOIR,FOUR_B,50.092,125.004,8.027,299.264,1.078,17.297,40.369,1.863,6.504,71.675,347.19,80.374,14.4678,193.597,19.063,31.05,0
AERO-001703,LOT-2509-0092,12-sept-2025 15:33:00,M02,AL7075,TRAITEMENT,MATIN,FOUR_A,50.128,125.452,8.034,306.063,1.207,16.609,31.836,0.978,3.58,67.438,394.05,81.988,14.4429,189.311,19.572,39.97,0
AERO-001704,LOT-2505-0154,07-mai-2025 22:49:00,M03,TI6AL4V,TRAITEMENT,SOIR,FOUR_C,49.692,125.502,7.965,310.809,0.905,22.528,34.688,2.911,7.411,67.03,442.19,72.909,14.6356,227.225,18.207,53.87,1
AERO-001705,LOT-2505-0062,12-mai-2025 09:04:00,M05,TI6AL4V,CONTROLE,MATIN,FOUR_B,50.051,125.232,8,313.82,1.12,16.804,34.848,1.705,5.67,68.575,459.12,76.922,14.6446,227.817,19.424,37.73,0
AERO-001706,LOT-2508-0167,10-août-2025 05:21:00,M03,AL7075,USINAGE,MATIN,FOUR_A,49.985,124.847,7.94,299.98,0.668,16.709,31.459,1.256,5.416,66.74,415.55,78.199,14.2268,203.685,18.2,35,0
AERO-001707,LOT-2512-0103,07-déc-2025 00:48:00,M05,AL7075,USINAGE,MATIN,FOUR_A,50.011,124.974,8.012,301.531,1.32,12.997,45.608,3.454,7.934,68.152,400.91,79.4,14.7142,196.483,19.03,48.8,1
AERO-001708,LOT-2602-0024,28-févr-2026 02:00:00,M06,AL7075,CONTROLE,MATIN,FOUR_A,49.332,125.233,8.053,301.403,1.266,34.024,36.415,2.394,7.11,67.253,363.58,82.307,14.6332,206.076,18.819,46.33,1
AERO-001709,LOT-2509-0159,15-sept-2025 07:31:00,M05,AL7075,USINAGE,SOIR,FOUR_B,49.731,124.961,7.938,305.822,1.24,22.513,35.595,1.948,6.899,62.924,417.98,84.689,14.5473,217.378,16.007,51.58,0
AERO-001710,LOT-2503-0133,07-mars-2025 00:57:00,M05,INCONEL718,CONTROLE,SOIR,FOUR_B,49.918,125.464,8.094,322.203,1.125,29.088,26.866,1.801,5.412,64.176,422.92,71.121,14.7388,255.474,19.409,35.56,0
AERO-001711,LOT-2503-0007,02-mars-2025 17:11:00,M05,TI6AL4V,USINAGE,SOIR,FOUR_A,49.931,125.344,8.106,314.556,1.178,20.701,31.362,1.691,5.179,63.332,380.71,73.308,14.3876,231.87,21.176,51.62,0
AERO-001712,LOT-2512-0113,03-déc-2025 03:23:00,M06,INCONEL718,USINAGE,SOIR,FOUR_B,49.883,124.541,7.989,323.439,1.158,24.138,38.135,1.659,4.619,69.575,437.5,72.496,14.829,251.232,19.318,62.86,0
AERO-001713,LOT-2502-0017,12-févr-2025 21:05:00,M06,TI6AL4V,CONTROLE,MATIN,FOUR_A,49.907,125.217,7.992,313.939,0.796,14.253,32.592,1.361,5.564,70.568,468.55,75.213,14.407,224.394,19.631,37.91,0
AERO-001714,LOT-2506-0156,06-juin-2025 18:19:00,M01,AL7075,USINAGE,MATIN,FOUR_A,50.119,124.606,7.931,304.237,1.005,16.613,34.646,1.212,5.133,67.463,418.91,84.612,14.4928,213.194,19.47,22.14,0
AERO-001715,LOT-2507-0171,17-juil-2025 15:21:00,M01,TI6AL4V,TRAITEMENT,SOIR,FOUR_A,49.975,125.403,8.009,313.77,0.887,16.714,33.782,1.282,5.697,66.895,329.18,82.017,14.5604,238.972,18.471,43.11,0
AERO-001716,LOT-2503-0152,04-mars-2025 03:33:00,M06,AL7075,USINAGE,NUIT,FOUR_B,50.181,125.429,7.999,305.056,1.201,20.83,34.319,1.789,5.691,71.984,399.93,83.812,14.6498,191.99,20.304,44.21,0
AERO-001717,LOT-2602-0186,26-févr-2026 07:52:00,M03,AL7075,CONTROLE,MATIN,FOUR_D,50.087,124.932,7.951,301.431,1.052,20.078,31.012,1.14,4.637,72.31,422.84,82.737,14.5632,209.631,20.4,56.38,0
AERO-001718,LOT-2501-0087,23-janv-2025 02:46:00,M04,TI6AL4V,USINAGE,MATIN,FOUR_B,49.955,125.138,7.93,316.682,1.216,11.857,33.422,1.936,5.359,66.526,439.93,72.213,14.7141,NaN,19.53,42.08,0
AERO-001719,LOT-2508-0209,19-août-2025 05:22:00,M03,AL7075,USINAGE,NUIT,FOUR_A,50.161,125.021,8.116,301.408,1.023,NaN,42.555,3.014,7.08,69.176,429.8,75.694,14.619,210.947,19.437,46.73,1
AERO-001720,LOT-2511-0028,07-nov-2025 05:02:00,M03,INCONEL718,CONTROLE,SOIR,FOUR_B,49.829,125.08,7.986,323.263,1.176,19.203,33.307,1.425,NaN,69.666,457.93,69.59,14.6029,251.965,17.137,24.11,0
AERO-001721,LOT-2510-0116,24-oct-2025 22:11:00,M04,AL7075,USINAGE,NUIT,FOUR_B,49.898,124.795,7.884,304.016,0.907,18.891,32.11,1.264,5.842,67.099,394.96,82.562,14.6418,201.976,21.218,29.02,0
AERO-001722,LOT-2505-0080,27-mai-2025 10:08:00,M04,INCONEL718,TRAITEMENT,SOIR,FOUR_B,49.673,124.979,8.099,320.289,1.234,19.755,31.987,1.453,5.226,67.752,451.63,75.328,14.8481,245.146,17.475,45.35,0
AERO-001723,LOT-2601-0231,26-janv-2026 17:32:00,M02,AL7075,USINAGE,NUIT,FOUR_A,50.107,124.589,8.092,299.248,1.39,15.326,36.177,1.336,5.301,66.086,404.7,80.116,14.3935,212.688,20.694,54.73,0
AERO-001724,LOT-2602-0027,24-févr-2026 13:47:00,M01,TI6AL4V,USINAGE,SOIR,FOUR_B,49.999,124.913,7.981,310.704,1.091,11.39,30.075,1.145,5.386,69.088,446.14,83.431,14.0785,239.892,20.691,58.07,0
AERO-001725,LOT-2505-0232,31-mai-2025 17:14:00,M04,INCONEL718,CONTROLE,MATIN,FOUR_C,49.86,124.987,7.917,315.829,2.118,19.447,35.743,1.548,5.581,71.214,425.63,74.524,14.5317,237.794,19.923,58.8,1
AERO-001726,LOT-2503-0136,09-mars-2025 06:18:00,M05,INCONEL718,TRAITEMENT,MATIN,FOUR_B,49.965,125.419,7.98,324.415,1.095,27.513,31.65,2.145,5.502,65.085,348.38,71.14,14.686,274.802,21.837,37.99,0
AERO-001727,LOT-2512-0049,19-déc-2025 11:44:00,M03,TI6AL4V,CONTROLE,SOIR,FOUR_A,49.918,NaN,8.137,314.852,1.144,23.199,31.101,1.318,5.145,69.978,362.87,68.587,14.5832,222.538,19.477,48.22,1
AERO-001728,LOT-2507-0180,03-juil-2025 05:56:00,M05,AL7075,USINAGE,NUIT,FOUR_B,50.042,124.773,7.918,300.408,1.026,21.452,37.133,1.209,5.257,69.718,393.33,84.46,14.7411,196.28,18.29,43.19,0
AERO-001729,LOT-2505-0116,17-mai-2025 10:44:00,M04,AL7075,USINAGE,SOIR,FOUR_C,49.861,125.22,7.908,300.787,1.117,15.918,28.76,1.193,4.924,64.683,375.27,79.37,14.1993,204.009,19.676,33.5,0
AERO-001730,LOT-2602-0159,04-févr-2026 22:34:00,M01,AL7075,TRAITEMENT,SOIR,FOUR_B,49.881,125.244,8.091,301.352,1.244,20.164,27.602,1.869,6.244,62.322,391.5,85.63,14.3332,194.668,19.976,39.55,0
AERO-001731,LOT-2503-0138,05-mars-2025 07:56:00,M03,INCONEL718,TRAITEMENT,MATIN,FOUR_C,50.065,124.823,7.92,328.331,1.383,14.645,30.904,0.941,4.531,68.762,465.97,73.015,14.2793,243.036,19.172,42.35,0
AERO-001732,LOT-2507-0112,23-juil-2025 09:18:00,M05,AL7075,USINAGE,SOIR,FOUR_B,49.965,124.212,7.989,303.714,1.302,13.776,31.7,1.88,5.905,66.627,469.02,80.384,14.4081,211.941,19.58,29.58,0
AERO-001733,LOT-2601-0064,06-janv-2026 14:18:00,M01,AL7075,USINAGE,MATIN,FOUR_B,50.031,125.429,8.01,304.609,1.233,22.22,36.131,1.583,6.175,65.376,375.97,76.97,14.6616,208.987,19.474,NaN,0
AERO-001734,LOT-2507-0123,01-juil-2025 08:07:00,M01,AL7075,CONTROLE,MATIN,FOUR_B,50.099,125.02,8.08,304.603,0.936,8.131,37.022,1.257,4.703,67.142,474.72,82.252,14.6288,209.512,18.72,35.8,0
AERO-001735,LOT-2511-0049,29-nov-2025 03:33:00,M04,AL7075,CONTROLE,SOIR,FOUR_A,50.141,125.436,7.946,306.121,0.893,20.61,32.007,1.543,5.56,64.136,450.03,83.828,14.5429,201.863,19.49,49.96,0
AERO-001736,LOT-2505-0122,02-mai-2025 05:42:00,M01,AL7075,CONTROLE,NUIT,FOUR_A,50.232,124.497,8.028,290.526,1.822,21.343,30.225,1.827,4.878,69.297,424.56,72.756,15.0242,159.067,19.974,46.76,1
AERO-001737,LOT-2509-0208,15-sept-2025 23:25:00,M03,TI6AL4V,USINAGE,MATIN,FOUR_A,49.823,125.025,7.973,316.098,1.055,15.46,29.132,1.656,5.783,NaN,451.52,76.654,14.3255,217.192,18.322,63.64,0
AERO-001738,LOT-2511-0032,10-nov-2025 07:27:00,M06,AL7075,CONTROLE,NUIT,FOUR_A,49.879,124.321,7.882,302.511,1.586,15.938,38.773,2.019,5.825,66.721,444.15,78.719,14.1185,193.152,16.051,57.7,0
AERO-001739,LOT-2508-0197,16-août-2025 20:10:00,M03,TI6AL4V,CONTROLE,SOIR,FOUR_A,49.966,124.506,7.907,311.73,1.508,20.13,35.8,1.407,5.614,68.389,490.66,75.125,14.3659,230.56,18.695,41.62,0
AERO-001740,LOT-2503-0093,29-mars-2025 16:29:00,M04,TI6AL4V,CONTROLE,SOIR,FOUR_C,50.375,123.372,8.039,313.217,1.224,38.966,31.583,1.828,5.047,68.746,415.39,81.271,14.8187,236.347,19.018,49.72,1
AERO-001741,LOT-2602-0052,01-févr-2026 22:57:00,M04,AL7075,CONTROLE,MATIN,FOUR_C,50.009,124.511,7.949,301.107,0.929,9.156,31.934,1.022,4.202,65.066,339.96,88.031,14.555,202.705,18.989,47.07,0
AERO-001742,LOT-2508-0050,25-août-2025 06:55:00,M01,TI6AL4V,USINAGE,MATIN,FOUR_B,49.998,124.779,7.996,303.941,2.127,18.393,35.068,1.319,4.864,66.591,372.14,69.498,14.0489,204.606,21.915,42.89,1
AERO-001743,LOT-2502-0075,21-févr-2025 19:07:00,M04,INCONEL718,USINAGE,NUIT,FOUR_C,49.929,125.323,7.93,319.2,0.86,21.772,39.507,1.414,4.746,82.917,278.44,44.488,14.8177,243.137,19.626,43.27,1
AERO-001744,LOT-2506-0107,17-juin-2025 15:55:00,M02,AL7075,USINAGE,SOIR,FOUR_D,49.951,125.106,8.171,297.414,1.672,11.459,30.404,1.338,5.373,69.991,489.32,82.085,14.6919,197.732,21.915,52.18,1
AERO-001745,LOT-2511-0073,15-nov-2025 11:37:00,M03,TI6AL4V,CONTROLE,MATIN,FOUR_C,49.933,125.253,8.07,313.721,1.059,15.359,34.995,1.159,4.538,75.317,411.92,76.04,14.634,240.593,21.045,54.27,0
AERO-001746,LOT-2501-0179,29-janv-2025 17:18:00,M02,AL7075,USINAGE,MATIN,FOUR_D,49.925,124.235,7.915,299.554,1.34,22.447,33.095,1.377,5.424,64.77,463.35,76.759,14.4167,202.445,19.251,32.05,0
AERO-001747,LOT-2510-0071,24-oct-2025 09:31:00,M03,TI6AL4V,TRAITEMENT,MATIN,FOUR_A,49.956,124.71,8.019,316.296,0.948,15.747,28.561,1.734,5.706,71.332,472.73,77.013,14.7236,239.377,18.282,48.32,0
AERO-001748,LOT-2504-0213,18-avr-2025 18:11:00,M03,INCONEL718,CONTROLE,SOIR,FOUR_A,49.961,125.691,7.994,323.303,1.342,11.992,30.571,1.133,5.113,66.101,404.62,78.301,14.433,259.467,18.458,40.94,0
AERO-001749,LOT-2501-0156,10-janv-2025 23:45:00,M03,AL7075,USINAGE,SOIR,FOUR_D,49.856,125.194,8.02,302.977,0.971,13.839,30.599,1.579,4.818,70.401,368.07,80.759,14.7374,198.54,18.178,33.19,0
AERO-001750,LOT-2503-0027,30-mars-2025 23:14:00,M01,AL7075,USINAGE,MATIN,FOUR_A,50.049,125.018,8.013,305.977,1.076,20.675,67.045,1.642,4.894,69.501,483.97,76.812,14.2993,204.625,18.659,41.57,0
AERO-001751,LOT-2506-0170,24-juin-2025 18:33:00,M03,TI6AL4V,USINAGE,MATIN,FOUR_A,50.061,124.73,8.021,311.126,2.561,22.166,33.442,1.204,4.069,68.761,370.41,76.983,14.6532,234.666,18.901,46.11,1
AERO-001752,LOT-2510-0064,10-oct-2025 23:13:00,M02,AL7075,USINAGE,MATIN,FOUR_B,50.033,124.969,8.009,305.979,0.807,19.443,37.407,1.608,5.482,67.89,453.52,75.45,14.6321,213.113,18.082,41.33,0
AERO-001753,LOT-2602-0117,20-févr-2026 01:09:00,M02,AL7075,TRAITEMENT,MATIN,FOUR_B,49.868,125.034,8.123,303.282,0.762,19.508,31.166,1.422,5.038,67.865,475,80.31,14.3937,206.906,19.395,38.65,0
AERO-001754,LOT-2601-0156,12-janv-2026 09:20:00,M06,AL7075,USINAGE,NUIT,FOUR_D,49.914,124.502,8.061,301.521,1.246,14.457,33.288,2.22,6.223,70.349,423.59,79.383,14.5452,204.678,18.012,39.2,0
AERO-001755,LOT-2602-0058,06-févr-2026 13:15:00,M03,TI6AL4V,CONTROLE,SOIR,FOUR_D,50.063,124.92,8.002,311.033,1.361,17.888,33.088,1.613,5.643,69.555,448.37,79.106,14.9285,233.11,17.296,52.02,0
AERO-001756,LOT-2508-0074,08-août-2025 09:19:00,M05,AL7075,TRAITEMENT,MATIN,FOUR_D,49.862,125.179,8.019,306.23,1.741,19.63,39.135,1.601,4.646,69.077,439.14,74.355,14.8102,175.811,18.617,-16.11,1
AERO-001757,LOT-2505-0054,28-mai-2025 11:04:00,M06,AL7075,TRAITEMENT,MATIN,FOUR_A,50.106,125.303,8.04,298.256,1.066,19.563,36.579,1.509,5.252,63.632,447.41,80.248,14.665,213.894,18.828,47.77,0
AERO-001758,LOT-2503-0164,28-mars-2025 08:10:00,M05,AL7075,CONTROLE,MATIN,FOUR_A,49.888,124.799,8.003,300.347,0.887,19.117,30.596,1.509,5.266,68.929,376.81,89.697,14.2238,210.189,17.621,47.82,0
AERO-001759,LOT-2507-0030,16-juil-2025 06:19:00,M02,TI6AL4V,CONTROLE,NUIT,FOUR_A,49.999,124.888,7.968,315.498,0.784,21.379,30.45,1.693,4.802,66.273,372.62,80.607,14.4495,248.1,20.938,39.61,0
AERO-001760,LOT-2508-0199,18-août-2025 23:16:00,M05,TI6AL4V,CONTROLE,SOIR,FOUR_C,49.942,NaN,8.021,312.814,0.993,13.281,33.338,1.664,5.701,74.15,439.65,74.7,14.304,245.725,18.125,47.44,0
AERO-001761,LOT-2509-0123,05-sept-2025 02:45:00,M05,AL7075,CONTROLE,MATIN,FOUR_B,50.138,124.253,7.956,302.465,1.477,14.893,32.679,1.755,5.906,70.478,437.05,87.072,NaN,199.762,19.869,52.84,0
AERO-001762,LOT-2512-0009,02-déc-2025 05:40:00,M04,AL7075,CONTROLE,MATIN,FOUR_B,49.852,124.881,8.029,308.374,1.091,17.604,34.229,1.122,4.851,67.851,406.61,82.289,14.3816,204.289,19.049,63.54,0
AERO-001763,LOT-2507-0201,17-juil-2025 10:27:00,M02,TI6AL4V,TRAITEMENT,MATIN,FOUR_B,50.257,NaN,8.168,311.441,0.982,19.458,32.902,1.568,NaN,68.313,307.33,76.577,13.9437,236.941,18.174,35.96,0
AERO-001764,LOT-2510-0178,07-oct-2025 19:51:00,M03,AL7075,USINAGE,SOIR,FOUR_A,49.91,124.933,7.9,297.46,1.276,20.347,33.679,1.654,6.082,70.13,366.99,81.719,14.3285,213.058,18.891,46.23,0
AERO-001765,LOT-2602-0114,26-févr-2026 05:07:00,M05,AL7075,USINAGE,MATIN,FOUR_D,50.115,125.058,7.901,303.603,1.266,20.826,33.202,2.145,5.057,83.986,200.7,66.598,15.3858,198.152,17.169,35.25,1
AERO-001766,LOT-2512-0066,19-déc-2025 09:24:00,M04,AL7075,CONTROLE,SOIR,FOUR_B,49.898,125.478,8.001,303.986,0.915,17.24,32.644,0.387,3.392,65.969,347.67,77.103,14.472,195.36,19.296,53.14,0
AERO-001767,LOT-2506-0228,18-juin-2025 10:44:00,M03,TI6AL4V,USINAGE,NUIT,FOUR_C,50.043,124.905,8.092,315.108,0.963,16.745,35.924,1.197,4.331,65.143,395.74,73.236,14.7449,242.112,17.149,46.68,0
AERO-001768,LOT-2512-0025,04-déc-2025 15:19:00,M01,AL7075,CONTROLE,NUIT,FOUR_B,49.89,125.051,7.99,308.156,1.235,20.008,30.708,1.381,5.452,67.053,450.02,82.691,14.137,200.423,20.066,26.93,0
AERO-001769,LOT-2512-0064,28-déc-2025 22:55:00,M04,AL7075,CONTROLE,SOIR,FOUR_A,50.032,124.677,8.014,301.053,1.057,22.416,46.053,NaN,7.947,71.217,304.78,81.599,14.3204,198.661,15.66,55.46,1
AERO-001770,LOT-2504-0150,28-avr-2025 15:04:00,M01,INCONEL718,CONTROLE,MATIN,FOUR_B,50.037,125.855,7.987,322.053,1.232,19.344,35.041,1.074,4.366,69.779,390.23,73.732,14.7736,251.773,19.878,48.46,0
AERO-001771,LOT-2509-0063,04-sept-2025 07:50:00,M05,AL7075,TRAITEMENT,MATIN,FOUR_B,50.099,125.225,8.012,301.145,1.208,15.736,39.617,1.361,4.79,65.896,395.14,79.929,14.122,193.592,19.445,50.36,0
AERO-001772,LOT-2508-0027,22-août-2025 11:13:00,M05,TI6AL4V,CONTROLE,SOIR,FOUR_C,49.924,124.818,7.976,313.888,0.898,NaN,32.586,1.622,4.787,70.206,439.34,75.337,14.64,228.498,20.576,41.62,0
AERO-001773,LOT-2501-0103,20-janv-2025 00:56:00,M04,AL7075,USINAGE,SOIR,FOUR_C,49.967,125.061,7.949,302.163,1.224,17.878,37.63,1.504,4.315,65.276,483.09,87.809,14.3875,210.953,17.2,42.68,0
AERO-001774,LOT-2502-0158,12-févr-2025 18:39:00,M05,TI6AL4V,USINAGE,SOIR,FOUR_D,49.878,125.02,7.997,314.547,0.968,14.896,37.932,1.606,5.218,66.936,440.04,75.652,14.3454,234.548,19.989,28.48,0
AERO-001775,LOT-2507-0217,14-juil-2025 21:26:00,M04,AL7075,USINAGE,SOIR,FOUR_A,49.792,124.512,8.072,300.384,0.85,10.481,30.143,0.964,5.176,64.892,416.82,84.072,14.3782,202.413,21.684,46.16,0
AERO-001776,LOT-2510-0026,12-oct-2025 13:01:00,M05,INCONEL718,CONTROLE,SOIR,FOUR_B,50.204,125.344,8,325.661,1.22,16.584,27.783,1.541,5.487,69.927,444.43,72.596,14.2363,261.61,17.358,38,0
AERO-001777,LOT-2510-0080,26-oct-2025 10:04:00,M04,TI6AL4V,USINAGE,SOIR,FOUR_C,49.842,124.935,8.111,312.483,1.535,16.792,31.932,1.336,5.262,67.637,402.33,76.271,14.3728,241.286,16.05,42.79,0
AERO-001778,LOT-2508-0181,29-août-2025 15:29:00,M06,AL7075,TRAITEMENT,MATIN,FOUR_B,49.715,124.591,7.999,300.238,1.292,17.287,35.216,1.869,6.624,65.411,408.1,79.722,14.6804,204.9,17.9,42.37,0
AERO-001779,LOT-2502-0209,08-févr-2025 02:39:00,M03,TI6AL4V,USINAGE,SOIR,FOUR_A,50.13,124.871,7.927,316.709,1.321,16.762,31.276,1.228,5.177,66.388,414.7,78.202,14.4026,220.931,16.992,38.4,0
AERO-001780,LOT-2502-0178,01-févr-2025 07:25:00,M05,INCONEL718,CONTROLE,NUIT,FOUR_A,49.845,124.776,7.932,323.75,1.135,26.62,33.72,1.895,5.959,78.033,279.23,49.872,15.1164,241.715,18.68,42.46,1
AERO-001781,LOT-2512-0001,30-déc-2025 11:05:00,M02,AL7075,USINAGE,SOIR,FOUR_B,50.116,125.325,NaN,305.413,0.984,9.27,29.87,0.999,4.103,70.526,427.26,79.981,14.5019,201.456,20.254,50,0
AERO-001782,LOT-2503-0204,14-mars-2025 19:37:00,M03,AL7075,TRAITEMENT,SOIR,FOUR_A,50.071,124.442,7.961,306.492,1.195,12.342,29.688,1.682,5.287,66.397,384.27,80.027,14.3414,203.068,20.11,38.41,0
AERO-001783,LOT-2503-0087,04-mars-2025 05:48:00,M03,AL7075,CONTROLE,MATIN,FOUR_B,49.825,125.256,8.004,306.19,0.876,17.993,31.212,1.744,5.65,65.955,430.76,82.311,14.5178,205.895,20.255,59.96,0
AERO-001784,LOT-2512-0004,09-déc-2025 11:23:00,M01,TI6AL4V,USINAGE,NUIT,FOUR_A,49.755,124.379,8.008,311.92,0.78,15.441,29.382,1.44,5.195,66.513,389.39,78.845,14.5453,230.304,19.738,29.62,0
AERO-001785,LOT-2501-0015,29-janv-2025 23:38:00,M06,TI6AL4V,USINAGE,SOIR,FOUR_A,50.183,124.978,8.057,314.118,1.317,19.762,33.612,1.791,5.446,67.859,430.14,74.621,14.713,223.193,19.217,43.2,0
AERO-001786,LOT-2503-0216,27-mars-2025 18:24:00,M01,AL7075,TRAITEMENT,MATIN,FOUR_A,50.066,124.969,8.092,298.868,1.234,12.878,51.289,2.196,8.916,65.986,442.65,77.693,14.6541,212.473,20.441,54.95,1
AERO-001787,LOT-2501-0093,21-janv-2025 17:19:00,M03,AL7075,CONTROLE,MATIN,FOUR_B,49.706,124.565,8.05,302.541,0.962,19.451,36.575,1.372,5.261,69.886,446.28,80.888,14.6404,198.522,21.845,61.43,0
AERO-001788,LOT-2511-0183,07-nov-2025 06:35:00,M05,TI6AL4V,CONTROLE,SOIR,FOUR_B,49.863,125.824,7.991,316.571,0.677,19.546,35.262,1.67,5.234,69.362,473.25,79.425,14.5472,231.398,18.491,36.02,0
AERO-001789,LOT-2601-0082,30-janv-2026 02:53:00,M02,AL7075,USINAGE,SOIR,FOUR_A,49.889,124.945,8.181,302.173,1.344,22.714,29.049,1.029,4.259,68.382,425.56,84.267,14.538,195.471,20.695,28.13,0
AERO-001790,LOT-2509-0054,28-sept-2025 19:28:00,M03,AL7075,TRAITEMENT,MATIN,FOUR_B,49.874,124.859,8.139,303.123,1.09,15.711,38.478,1.544,5.048,67.271,402.2,80.352,14.6978,210.971,18.443,51.43,0
AERO-001791,LOT-2504-0212,01-avr-2025 02:06:00,M01,INCONEL718,TRAITEMENT,MATIN,FOUR_A,49.903,124.328,7.971,320.119,0.928,15.871,32.842,1.47,5.04,68.606,366.01,72.575,14.5811,255.694,18.71,47.98,0
AERO-001792,LOT-2512-0034,03-déc-2025 20:23:00,M06,INCONEL718,CONTROLE,SOIR,FOUR_A,50.221,124.674,8.022,322.086,1.566,21.895,32.547,2.07,5.264,72.392,434.52,69.737,14.7062,256.523,19.564,32.6,0
AERO-001793,LOT-2504-0045,01-avr-2025 00:49:00,M06,AL7075,USINAGE,MATIN,FOUR_C,49.833,125.938,7.976,303.375,0.817,14.026,34.702,2.176,6.58,66.717,374.14,75.192,14.5545,204.525,18.108,40.74,0
AERO-001794,LOT-2504-0183,20-avr-2025 05:11:00,M03,INCONEL718,USINAGE,SOIR,FOUR_C,49.863,124.721,8.088,318.754,0.969,17.829,32.835,1.363,5.971,68.426,430.12,73.416,14.5323,261.141,17.911,31.76,0
AERO-001795,LOT-2601-0136,31-janv-2026 02:33:00,M03,INCONEL718,TRAITEMENT,NUIT,FOUR_B,49.912,125.004,8,NaN,1.241,19.597,33.692,1.024,4.67,68.65,371.08,76.939,14.6833,263.93,17.845,70.2,0
AERO-001796,LOT-2507-0185,07-juil-2025 06:42:00,M01,AL7075,USINAGE,SOIR,FOUR_B,49.829,124.643,8.093,306.874,1.145,18.46,32.378,1.464,5.487,65.149,442.33,76.298,14.5374,215.159,18.246,NaN,0
AERO-001797,LOT-2511-0086,10-nov-2025 17:11:00,M04,AL7075,TRAITEMENT,SOIR,FOUR_B,50.217,125.026,8.035,305.437,1.321,14.302,43.522,3.182,6.937,68.275,423.7,85.513,14.5825,184.144,20.956,35.03,1
AERO-001798,LOT-2509-0052,12-sept-2025 01:49:00,M01,AL7075,TRAITEMENT,NUIT,FOUR_C,50.187,124.731,7.991,311.402,1.523,23.739,29.783,1.655,6.029,70.119,380.83,71.453,14.1693,172.538,19.188,47.2,1
AERO-001799,LOT-2506-0143,14-juin-2025 08:01:00,M02,AL7075,CONTROLE,NUIT,FOUR_C,50.135,124.703,8.069,305.849,0.954,17.098,38.095,1.543,5.648,68.462,424.01,79.25,14.7089,204.8,19.818,40.38,0
AERO-001800,LOT-2501-0007,13-janv-2025 22:50:00,M05,AL7075,TRAITEMENT,SOIR,FOUR_A,50.028,124.867,8.098,302.318,1.171,20.471,33.61,1.068,4.791,66.377,426.64,84.249,14.6496,191.549,16.793,38.74,0
AERO-001801,LOT-2509-0163,06-sept-2025 03:59:00,M01,TI6AL4V,USINAGE,MATIN,FOUR_A,50.194,124.78,8.017,312.475,NaN,19.545,31.877,1.317,5.623,63.578,337.85,75.261,14.2462,229.379,17.733,44.05,0
AERO-001802,LOT-2505-0168,19-mai-2025 07:31:00,M05,TI6AL4V,USINAGE,NUIT,FOUR_A,50.029,124.885,8.083,309.554,1.071,15.793,46.134,3.197,7.051,67.84,486.62,75.93,14.5284,230.535,19.008,52.71,1
AERO-001803,LOT-2505-0221,13-mai-2025 04:23:00,M05,TI6AL4V,USINAGE,SOIR,FOUR_B,49.89,125.368,7.876,307.878,0.941,21.471,44.492,3.325,10.07,68.091,382.04,77.404,14.4776,229.753,17.705,43.4,1
AERO-001804,LOT-2501-0029,03-janv-2025 06:35:00,M06,AL7075,TRAITEMENT,SOIR,FOUR_A,50.056,124.941,8.062,298.873,2.096,13.804,34.784,1.793,6,71.381,446.13,80.861,14.3286,201.535,22.083,22.83,1
AERO-001805,LOT-2512-0163,28-déc-2025 04:30:00,M05,TI6AL4V,USINAGE,MATIN,FOUR_A,50.054,124.882,8.003,315.54,1.634,17.798,32.653,1.55,4.902,77.191,237.21,52.774,13.4298,231.314,20.028,47.07,1
AERO-001806,LOT-2506-0024,02-juin-2025 11:46:00,M03,AL7075,USINAGE,SOIR,FOUR_A,50.078,124.852,7.979,303.068,0.693,8.798,29.623,1.359,4.621,68.736,399.7,76.527,14.6584,216.675,19.198,34.91,0
AERO-001807,LOT-2602-0222,14-févr-2026 14:15:00,M06,AL7075,USINAGE,NUIT,FOUR_A,49.926,124.557,8.132,304.541,1.113,26.727,39.131,1.921,6.269,66.666,449.19,83.946,14.3827,201.449,19.15,42.39,0
AERO-001808,LOT-2508-0225,19-août-2025 21:49:00,M06,AL7075,CONTROLE,SOIR,FOUR_B,50.041,124.747,7.957,305.672,2.262,21.286,34.42,1.6,5.502,67.513,461.39,83.554,14.3131,203.758,20.309,42.88,1
AERO-001809,LOT-2512-0035,07-déc-2025 03:28:00,M01,TI6AL4V,USINAGE,NUIT,FOUR_A,49.884,125.012,7.88,312.794,1.376,19.292,32.838,1.68,6.207,67.888,399.82,73.174,NaN,231.612,20.512,39.95,0
AERO-001810,LOT-2509-0057,03-sept-2025 14:05:00,M06,AL7075,USINAGE,SOIR,FOUR_B,50.37,125.178,7.963,304.941,0.896,20.274,34.641,1.62,6.794,68.312,388.58,77.848,14.4875,206.936,18.732,46.74,0
AERO-001811,LOT-2508-0238,09-août-2025 01:46:00,M01,TI6AL4V,USINAGE,NUIT,FOUR_D,49.769,124.292,7.977,313.89,1.306,NaN,35.106,1.397,4.232,69.614,413.21,79.243,14.6887,234.213,17.129,51.76,0
AERO-001812,LOT-2601-0183,12-janv-2026 22:23:00,M02,AL7075,CONTROLE,MATIN,FOUR_C,49.916,125.338,8.041,300.184,NaN,19.258,40.264,3.412,7.806,68.134,437.77,82.003,14.5121,211.175,22.186,48.45,1
AERO-001813,LOT-2506-0173,19-juin-2025 13:05:00,M03,TI6AL4V,USINAGE,MATIN,FOUR_B,50.049,125.139,7.925,313.129,0.911,18.043,31.058,1.707,4.991,72.567,379.07,78.302,14.479,226.064,18.572,52.62,0
AERO-001814,LOT-2603-0131,02-mars-2026 04:06:00,M03,INCONEL718,TRAITEMENT,SOIR,FOUR_B,49.832,124.674,8.018,324.221,1.249,14.671,40.312,1.194,4.865,70.567,453.9,72.94,14.7616,253.888,18.442,50.61,0
AERO-001815,LOT-2509-0222,23-sept-2025 18:50:00,M04,AL7075,CONTROLE,MATIN,FOUR_B,50.092,125.402,7.947,299.756,1.198,17.882,33.496,1.485,5.84,64.845,420.52,83.201,14.5381,211.14,19.594,39.37,0
AERO-001816,LOT-2504-0106,03-avr-2025 18:29:00,M01,AL7075,CONTROLE,SOIR,FOUR_A,49.997,125.273,7.986,301.145,1.084,18.61,30.767,1.283,5.2,68.035,413.08,79.387,14.4774,206.41,17.372,47.29,0
AERO-001817,LOT-2503-0219,18-mars-2025 06:13:00,M03,INCONEL718,CONTROLE,SOIR,FOUR_A,50.131,125.314,7.996,327.119,1.016,19.071,32.012,1.606,5.095,74.699,458.24,55.745,15.5013,257.059,19.876,27.07,1
AERO-001818,LOT-2508-0162,17-août-2025 03:45:00,M04,AL7075,USINAGE,MATIN,FOUR_A,50.095,125.46,7.986,299.016,1.09,19.038,30.85,1.217,3.938,68.479,419.19,75.091,14.3735,197.286,20.004,48.75,0
AERO-001819,LOT-2502-0189,02-févr-2025 13:15:00,M02,INCONEL718,CONTROLE,NUIT,FOUR_B,49.847,124.456,7.977,321.691,1.3,12.212,33.99,0.963,4.404,70.378,421.33,76.571,14.746,265.351,18.247,44.07,0
AERO-001820,LOT-2502-0149,09-févr-2025 22:26:00,M04,AL7075,CONTROLE,SOIR,FOUR_A,49.794,125.032,7.972,297.483,0.862,15.416,35.638,1.209,5.344,68.855,412.75,85.391,14.3172,188.924,21.31,51.74,0
AERO-001821,LOT-2601-0211,24-janv-2026 19:32:00,M06,TI6AL4V,TRAITEMENT,MATIN,FOUR_A,50.038,125.047,8.019,313.651,0.897,16.605,28.194,1.65,4.973,66.822,443.13,84.534,14.5067,232.7,20.009,53.09,0
AERO-002427,LOT-2512-0227,24-déc-2025 18:15:00,M01,TI6AL4V,TRAITEMENT,SOIR,FOUR_C,49.954,125.821,7.932,317.662,1.032,12.671,31.444,1.174,5.169,62.448,395.44,75.828,14.612,236.776,19.689,40.69,0
AERO-001823,LOT-2512-0075,27-déc-2025 06:45:00,M02,AL7075,USINAGE,MATIN,FOUR_A,49.845,125.331,7.979,306.037,1.337,13.707,30.892,1.645,5.261,69.537,475.33,83.55,14.3666,206.036,17.634,24.75,0
AERO-001824,LOT-2506-0091,14-juin-2025 14:17:00,M03,TI6AL4V,CONTROLE,MATIN,FOUR_B,49.909,125.472,7.903,316.607,NaN,12.412,33.035,1.186,5.261,65.27,388.08,76.958,14.6585,219.772,18.776,50.79,0
AERO-001825,LOT-2602-0095,26-févr-2026 07:06:00,M06,INCONEL718,USINAGE,NUIT,FOUR_A,49.764,124.966,8.003,323.049,1.449,17.904,34.948,2.495,6.405,70.766,418.01,74.711,14.883,257.716,17.971,47.56,0
AERO-001826,LOT-2601-0100,10-janv-2026 15:08:00,M04,AL7075,CONTROLE,MATIN,FOUR_C,49.329,123.681,8.041,298.38,1.068,40.578,32.162,1.384,4.814,69.514,361.18,90.571,14.6783,209.387,19.106,41.1,1
AERO-001827,LOT-2601-0136,09-janv-2026 17:35:00,M01,AL7075,USINAGE,NUIT,FOUR_B,49.905,124.637,8.079,305.47,1.038,20.393,32.436,1.712,5.423,68.96,412.93,80.592,14.7267,208.775,19.397,47.87,0
AERO-001828,LOT-2502-0135,16-févr-2025 12:21:00,M05,TI6AL4V,TRAITEMENT,MATIN,FOUR_C,49.626,124.935,7.263,314.128,0.833,14.188,31.225,1.54,5.353,66.102,367.23,79.832,14.5656,233.854,19.711,51.95,0
AERO-001829,LOT-2602-0031,14-févr-2026 15:04:00,M04,AL7075,USINAGE,SOIR,FOUR_A,50.28,124.405,7.908,303.599,1.43,39.404,32.467,1.305,5.116,66.242,423.32,77.22,14.4367,200.826,22.629,39.37,1
AERO-001830,LOT-2508-0044,04-août-2025 19:53:00,M04,AL7075,USINAGE,SOIR,FOUR_D,49.861,125.2,7.983,305.4,1.034,12.58,33.672,1.334,4.041,64.57,410.31,82.24,14.4618,202.036,19.612,56.92,0
AERO-001831,LOT-2502-0166,08-févr-2025 06:14:00,M02,INCONEL718,USINAGE,NUIT,FOUR_D,50.309,125.064,7.926,311.191,1.366,21.98,34.755,1.497,5.184,68.271,398.86,67.268,14.9566,234.918,18.587,47.45,1
AERO-001832,LOT-2502-0112,21-févr-2025 05:41:00,M04,AL7075,USINAGE,SOIR,FOUR_B,50.233,124.987,8.011,303.906,1.265,20.41,34.281,1.271,5.003,71.503,464.45,82.646,14.2722,191.984,17.267,53.02,0
AERO-001833,LOT-2504-0097,23-avr-2025 10:19:00,M05,AL7075,USINAGE,MATIN,FOUR_C,49.868,125.253,7.934,301.525,2.758,18.088,34.954,1.894,5.466,70.636,431.65,78.581,14.2699,209.775,17.553,50.13,1
AERO-001834,LOT-2502-0093,18-févr-2025 10:43:00,M01,TI6AL4V,USINAGE,MATIN,FOUR_C,50.302,124.68,8.046,312.956,0.87,17.228,29.762,1.522,5.437,69.941,474.41,77.327,14.4962,241.131,19.26,45.93,0
AERO-001835,LOT-2505-0097,15-mai-2025 04:40:00,M06,AL7075,USINAGE,MATIN,FOUR_D,49.788,125.373,8.01,302.966,1.081,16.417,33.296,1.672,5.565,67.478,364.42,75.988,14.4354,205.935,18.608,41.58,0
AERO-001836,LOT-2602-0219,06-févr-2026 14:59:00,M01,INCONEL718,USINAGE,MATIN,FOUR_B,NaN,124.943,NaN,325.317,1.235,10.85,35.064,1.302,4.664,68.819,407,69.685,14.0244,266.301,18.254,51.96,0
AERO-001837,LOT-2601-0019,20-janv-2026 14:54:00,M02,AL7075,TRAITEMENT,SOIR,FOUR_D,49.867,124.149,7.943,305.796,0.724,13.988,31.453,1.387,5.432,69.121,404.3,78.728,14.4875,204.426,18.456,37.81,0
AERO-001838,LOT-2508-0034,18-août-2025 00:48:00,M04,AL7075,USINAGE,MATIN,FOUR_D,50.18,124.519,8.122,303.28,1.312,12.271,33.524,1.397,5.57,65.382,454.69,79.85,14.0823,201.52,18.879,30.65,0
AERO-001839,LOT-2509-0173,11-sept-2025 21:28:00,M01,TI6AL4V,USINAGE,MATIN,FOUR_B,49.972,125.1,8.06,312.82,0.864,18.695,33.327,1.322,4.287,65.026,433.7,76.959,14.5746,214.537,18.732,29.79,0
AERO-001840,LOT-2504-0176,09-avr-2025 13:38:00,M06,TI6AL4V,USINAGE,NUIT,FOUR_A,49.964,125.618,8.063,313.067,1.259,19.809,37.392,1.944,6.062,68.916,392.28,75.004,15.0079,227.105,19.354,45.56,0
AERO-001841,LOT-2504-0231,21-avr-2025 10:37:00,M05,TI6AL4V,USINAGE,NUIT,FOUR_C,50.275,124.663,7.908,311.207,1.179,19.595,31.707,1.533,4.744,67.794,397.11,72.8,14.7302,230.977,19.256,51.81,0
AERO-001842,LOT-2601-0030,15-janv-2026 12:15:00,M05,AL7075,CONTROLE,NUIT,FOUR_A,50.118,124.838,8.03,305.46,1.225,14.064,43.717,2.528,8.212,67.798,407.27,81.126,14.4513,197.129,17.582,36.69,1
AERO-001843,LOT-2501-0037,18-janv-2025 17:32:00,M01,AL7075,USINAGE,NUIT,FOUR_C,50.234,125.308,7.959,302.958,1.057,20.197,31.036,1.394,5.079,65.724,495.27,80.056,14.4964,202.566,21.419,49.92,0
AERO-001844,LOT-2505-0099,15-mai-2025 23:49:00,M04,INCONEL718,TRAITEMENT,MATIN,FOUR_D,49.91,124.683,8.008,308.652,1.379,15.135,30.545,1.39,5.05,69.165,456.11,69.842,14.7072,230.496,18.714,35.78,1
AERO-001845,LOT-2508-0225,26-août-2025 07:53:00,M02,AL7075,USINAGE,SOIR,FOUR_A,50.105,125.521,7.962,301.712,1.223,21.005,32.824,1.854,5.965,69.131,452.3,81.233,14.1785,217.755,18.103,47.53,0
AERO-001846,LOT-2502-0106,05-févr-2025 12:52:00,M03,AL7075,TRAITEMENT,SOIR,FOUR_B,50.024,125.158,NaN,308.046,0.892,19.592,36.458,1.21,4.37,67.758,401.13,82.086,14.0208,219.083,18.038,20.7,0
AERO-001847,LOT-2509-0006,04-sept-2025 17:05:00,M04,TI6AL4V,CONTROLE,MATIN,FOUR_A,49.952,124.324,7.891,316.144,1.28,20.959,31.831,1.184,4.627,68.507,508.38,79.698,14.7332,233.4,20.642,37,0
AERO-001848,LOT-2506-0046,12-juin-2025 04:03:00,M05,AL7075,CONTROLE,SOIR,FOUR_B,50.139,124.879,7.945,300.27,1.029,24.324,37.358,1.631,5.076,68.063,386.61,76.961,14.0079,202.104,18.771,38.58,0
AERO-001849,LOT-2508-0240,20-août-2025 11:46:00,M01,AL7075,USINAGE,SOIR,FOUR_A,50.07,125.092,8.049,300.139,0.953,27.209,34.573,1.348,4.541,69.258,460.95,77.549,14.2799,206.227,18.792,38.3,0
AERO-001850,LOT-2511-0099,06-nov-2025 17:42:00,M03,INCONEL718,USINAGE,MATIN,FOUR_A,49.941,125.111,7.972,321.466,1.413,18.27,31.396,1.386,4.966,70.828,459.99,76.792,14.7698,244.523,17.895,50.36,0
AERO-001851,LOT-2502-0151,19-févr-2025 16:52:00,M03,AL7075,CONTROLE,MATIN,FOUR_B,49.841,125.055,8.105,297.628,1.058,16.977,32.267,1.509,5.946,71.309,392.07,81.58,14.6361,203.967,20.431,36.32,0
AERO-001852,LOT-2512-0138,21-déc-2025 22:56:00,M06,TI6AL4V,CONTROLE,MATIN,FOUR_A,50.091,NaN,7.997,234.633,1.272,16.802,37.939,1.928,6.145,72.813,401.98,78.085,14.6035,236.179,17.221,44.21,0
AERO-001853,LOT-2510-0158,14-oct-2025 01:28:00,M01,TI6AL4V,TRAITEMENT,MATIN,FOUR_C,50.112,125.209,8.138,315.199,1.254,22.502,32.96,1.029,4.828,67.254,426.78,71.139,14.4211,233.205,18.992,47.04,0
AERO-001854,LOT-2502-0220,06-févr-2025 04:38:00,M03,AL7075,CONTROLE,SOIR,FOUR_A,49.848,124.741,7.964,305.912,1.216,23.186,NaN,1.616,5.965,69.419,420.82,78.535,14.4283,208.503,19.12,38.61,0
AERO-001855,LOT-2506-0072,26-juin-2025 09:47:00,M03,TI6AL4V,CONTROLE,NUIT,FOUR_A,50.043,125.114,8.061,315.207,1.032,14.251,31.933,1.607,4.315,63.165,379.2,79.988,14.1858,235.574,18.163,56.26,0
AERO-001856,LOT-2512-0117,24-déc-2025 03:00:00,M04,INCONEL718,TRAITEMENT,SOIR,FOUR_B,49.8,125.066,8.03,320.788,0.907,46.565,31.435,1.146,4.405,65.26,397.44,76.629,14.4982,259.153,21.063,41.93,0
AERO-001857,LOT-2507-0076,24-juil-2025 20:09:00,M03,AL7075,TRAITEMENT,NUIT,FOUR_C,50.053,125.907,7.962,299.215,1.339,23.299,36.395,1.36,5.958,68.404,437.53,85.714,14.2586,205.506,19.399,39.54,0
AERO-001858,LOT-2501-0213,30-janv-2025 02:28:00,M06,INCONEL718,CONTROLE,NUIT,FOUR_A,50.191,124.395,7.99,317.984,1.079,17.713,32.243,1.922,5.5,66.11,NaN,NaN,14.5787,252.636,19.146,56.44,0
AERO-001859,LOT-2502-0020,06-févr-2025 11:39:00,M01,AL7075,USINAGE,SOIR,FOUR_C,50.003,125.112,8.076,304.614,0.853,17.817,30.616,0.978,4.632,66.831,461.65,75.284,14.1723,187.201,17.705,56.5,0
AERO-001860,LOT-2503-0092,03-mars-2025 04:47:00,M06,AL7075,CONTROLE,NUIT,FOUR_B,50.019,124.573,8.062,304.459,2.034,16.286,34.989,1.77,5.078,70.135,425.57,77.008,14.4193,211.336,20.813,33.43,1
AERO-001861,LOT-2507-0233,02-juil-2025 06:45:00,M04,TI6AL4V,USINAGE,SOIR,FOUR_A,50.204,125.241,7.972,317.419,1.145,18.661,33.21,1.49,5.206,66.339,401.98,75.321,14.524,215.938,NaN,51.41,0
AERO-001862,LOT-2601-0221,30-janv-2026 04:00:00,M03,INCONEL718,TRAITEMENT,SOIR,FOUR_D,49.969,124.76,8.04,325.853,1.064,16.92,34.134,NaN,4.265,60.289,441.81,71.627,15.0983,253.703,18.129,50.24,0
AERO-001863,LOT-2501-0137,16-janv-2025 08:00:00,M03,TI6AL4V,TRAITEMENT,MATIN,FOUR_C,50.035,124.875,7.993,316.011,1.129,15.946,34.032,0.89,4.315,68.624,461.12,82.444,14.0848,236.399,18.778,40.48,0
AERO-001864,LOT-2509-0207,10-sept-2025 04:41:00,M01,TI6AL4V,USINAGE,NUIT,FOUR_C,49.807,125.051,8.049,315.799,1.057,19.073,31.728,1.363,4.614,66.459,448.04,79.008,14.7393,245.548,19.189,51.14,0
AERO-001865,LOT-2505-0128,18-mai-2025 15:21:00,M01,AL7075,USINAGE,SOIR,FOUR_C,50.047,125.338,7.936,304.471,1.099,23.748,36.416,1.626,6.106,71.769,425.14,82.658,14.4762,201.635,20.094,44.6,0
AERO-001866,LOT-2506-0025,28-juin-2025 20:41:00,M01,AL7075,TRAITEMENT,MATIN,FOUR_C,50.029,124.46,8.104,299.124,0.813,17.605,34.138,1.177,4.382,69.567,444.54,78.859,14.9239,207.845,18.844,42.81,0
AERO-001867,LOT-2507-0036,11-juil-2025 15:03:00,M06,TI6AL4V,CONTROLE,NUIT,FOUR_B,50.066,124.709,7.903,318.157,1.039,19.467,37.61,1.608,5.44,65.513,454.25,79.464,14.7082,236.417,17.75,53.97,0
AERO-001868,LOT-2504-0213,13-avr-2025 03:59:00,M04,TI6AL4V,TRAITEMENT,SOIR,FOUR_D,50.001,125.1,8.016,NaN,1.127,19.624,32.44,1.436,4.573,67.446,437.14,78.541,14.0839,245.691,18.31,43.11,0
AERO-001869,LOT-2602-0226,25-févr-2026 01:04:00,M03,INCONEL718,USINAGE,SOIR,FOUR_A,49.591,126.086,8.107,321.048,1.424,33.845,34.518,1.489,4.943,66.137,401.94,68.39,14.7144,249.788,22.142,49.92,1
AERO-001870,LOT-2602-0045,16-févr-2026 05:36:00,M01,AL7075,USINAGE,NUIT,FOUR_A,49.887,125.08,7.963,306.613,1.245,19.392,35.048,1.179,NaN,69.818,467.08,81.455,14.3802,206.005,18.425,48.89,0
AERO-001871,LOT-2601-0184,12-janv-2026 08:34:00,M01,AL7075,USINAGE,NUIT,FOUR_C,50.018,124.836,7.982,301.729,1.106,21.436,31.353,1.196,4.474,70.181,410.77,80.908,13.9059,184.028,20.554,54.56,0
AERO-001872,LOT-2508-0129,20-août-2025 09:45:00,M02,AL7075,TRAITEMENT,MATIN,FOUR_B,49.907,124.474,7.985,303.123,1.039,22.092,33.847,1.238,5.197,67.914,449.57,79.519,14.525,205.505,19.379,45.95,0
AERO-001873,LOT-2505-0042,11-mai-2025 20:56:00,M03,TI6AL4V,TRAITEMENT,SOIR,FOUR_A,50.202,124.54,8.022,310.924,2.308,23.409,30.844,1.079,4.475,64.637,360.06,76.049,14.1369,234.949,22.519,33.77,1
AERO-001874,LOT-2511-0175,04-nov-2025 06:47:00,M03,AL7075,USINAGE,MATIN,FOUR_C,50.058,124.816,8.005,304.661,1.117,24.395,36.396,1.17,5.586,65.798,448.12,82.131,14.716,212.984,19.388,60.31,0
AERO-001875,LOT-2509-0237,29-sept-2025 19:54:00,M05,INCONEL718,USINAGE,NUIT,FOUR_C,49.96,124.988,7.932,323.139,1.124,13.726,34.555,1.971,5.997,68.468,415.33,69.696,14.6505,278.767,18.534,49.96,0
AERO-001876,LOT-2503-0035,02-mars-2025 10:07:00,M01,AL7075,USINAGE,MATIN,FOUR_A,50.048,124.815,7.859,295.424,2.068,24.933,34.856,1.172,5.451,68.231,454.43,NaN,14.6378,173.897,17.395,50.59,1
AERO-001877,LOT-2601-0209,01-janv-2026 04:20:00,M05,TI6AL4V,USINAGE,MATIN,FOUR_A,49.939,124.803,8.156,309.992,1.276,19.127,35.755,1.606,5.085,72.499,371.29,86.222,14.6628,241.56,18.182,NaN,0
AERO-001878,LOT-2501-0166,19-janv-2025 22:39:00,M06,AL7075,CONTROLE,MATIN,,50.378,124.384,8.066,302.543,0.992,25,34.185,1.905,5.774,68.035,357.93,80.774,14.6221,194.765,18.161,43.52,0
AERO-001879,LOT-2505-0085,08-mai-2025 03:59:00,M05,TI6AL4V,USINAGE,MATIN,FOUR_C,49.778,124.667,8.179,315.916,1.345,22.104,31.446,2.054,6.064,69.862,410.48,77.831,14.4781,233.702,22.063,36.35,0
AERO-001880,LOT-2509-0205,19-sept-2025 15:18:00,M04,AL7075,USINAGE,SOIR,FOUR_A,50.225,124.886,7.982,304.749,1.442,25.493,34.031,1.574,6.04,67.297,393.47,84.262,14.886,208.492,19.056,42.11,0
AERO-001881,LOT-2511-0012,04-nov-2025 08:13:00,M01,AL7075,CONTROLE,SOIR,FOUR_B,49.887,124.198,8.043,299.488,0.949,15.641,33.144,1.315,4.735,73.385,395.33,83.007,14.0886,206.717,19.197,52.05,0
AERO-001882,LOT-2510-0117,15-oct-2025 00:30:00,M06,AL7075,USINAGE,MATIN,FOUR_C,49.848,125.315,8.037,315.437,1.737,22.24,36.305,2.497,5.836,63.666,433.77,71.778,14.3479,182.531,18.719,40.52,1
AERO-001883,LOT-2506-0078,19-juin-2025 21:55:00,M04,TI6AL4V,USINAGE,NUIT,FOUR_B,49.836,125.037,8.051,315.224,1.09,18.614,35.243,0.923,4.964,68.9,470.94,77.919,14.9428,236.336,16.796,46.43,0
AERO-001884,LOT-2512-0075,06-déc-2025 20:06:00,M01,AL7075,CONTROLE,NUIT,FOUR_C,49.822,124.888,7.814,304.639,1.086,18.609,34.37,1.554,5.442,69.219,437.87,76.445,14.6838,201.146,18.812,40.75,0
AERO-001885,LOT-2511-0240,23-nov-2025 12:21:00,M03,AL7075,USINAGE,SOIR,FOUR_B,49.94,125.205,8.093,301.569,0.68,15.744,34.167,1.119,4.725,65.203,431.21,85.147,14.0356,201.26,20.301,46.7,0
AERO-001886,LOT-2507-0207,13-juil-2025 19:32:00,M04,AL7075,TRAITEMENT,SOIR,FOUR_B,49.931,124.85,8.114,309.899,1.62,18.453,35.303,NaN,5.159,61.859,407.75,72.681,14.485,185.989,19.159,48.3,1
AERO-001887,LOT-2512-0070,19-déc-2025 03:26:00,M02,AL7075,CONTROLE,MATIN,FOUR_C,49.839,124.808,8.065,298.294,1.347,20.506,31.696,1.308,5.134,67.087,432.46,79.295,14.65,208.158,21.75,44.54,0
AERO-001888,LOT-2601-0103,05-janv-2026 04:41:00,M02,AL7075,TRAITEMENT,SOIR,FOUR_D,49.97,125.155,8.153,302.492,1.005,12.872,35.416,0.67,4.357,64.052,445.77,79.124,14.7484,206.765,19.886,54.61,0
AERO-001889,LOT-2601-0171,14-janv-2026 07:31:00,M06,TI6AL4V,CONTROLE,NUIT,FOUR_D,49.947,126.086,8.04,314.161,1.071,18.401,33.097,1.752,5.759,70.285,403.8,81.009,14.6556,238.527,18.403,47.95,0
AERO-001890,LOT-2509-0040,06-sept-2025 13:51:00,M06,AL7075,CONTROLE,SOIR,FOUR_A,50.133,124.794,7.99,300.609,0.893,19.813,38.781,2.165,5.796,69.684,334.89,82.293,14.633,202.581,20.411,39.95,0
AERO-001891,LOT-2502-0058,24-févr-2025 09:35:00,M01,TI6AL4V,CONTROLE,SOIR,FOUR_B,49.98,125.137,7.953,316.627,1.721,NaN,32.577,1.516,4.627,70.849,438.55,64.906,14.1174,212.474,21.383,43.51,1
AERO-001892,LOT-2512-0209,14-déc-2025 09:09:00,M04,AL7075,TRAITEMENT,NUIT,FOUR_C,50.024,125.917,7.942,303.741,0.966,16.048,32.024,1.609,5.934,66.892,428.51,74.421,14.3709,192.528,21.168,48.69,0
AERO-001893,LOT-2505-0224,03-mai-2025 08:56:00,M02,AL7075,CONTROLE,SOIR,FOUR_A,50.154,125.096,7.97,302.031,1.144,15.837,29.586,1.418,5.232,67.26,410.69,76.856,14.5713,202.752,19.422,40.47,0
AERO-001894,LOT-2601-0166,09-janv-2026 00:42:00,M02,AL7075,TRAITEMENT,MATIN,FOUR_A,49.76,125.146,8.122,302.879,0.818,21.767,29.866,0.987,4.895,63.726,397.15,81.336,14.3245,203.434,21.55,40.2,0
AERO-001895,LOT-2502-0026,02-févr-2025 05:21:00,M02,TI6AL4V,USINAGE,MATIN,FOUR_B,50.158,125.147,8.058,311.958,1.438,23.425,33.908,1.431,4.967,70.26,429.47,80.962,14.2851,250.593,16.609,42.88,0
AERO-001896,LOT-2510-0085,22-oct-2025 16:28:00,M04,AL7075,TRAITEMENT,MATIN,FOUR_A,49.855,125.552,8.017,301.037,0.786,13.815,35.344,1.485,5.591,66.9,437.88,82.701,14.6985,211.994,18.029,56.26,0
AERO-001897,LOT-2503-0214,13-mars-2025 17:12:00,M02,AL7075,CONTROLE,MATIN,FOUR_D,50.121,125.34,7.854,311.17,1.698,18.419,31.253,1.051,4.428,69.333,427.31,116.82,14.4929,145.511,14.782,46.48,1
AERO-001898,LOT-2502-0213,25-févr-2025 20:01:00,M03,INCONEL718,USINAGE,NUIT,FOUR_C,50.121,125.227,7.963,322.508,1.06,15.583,35.967,1.467,5.156,70.875,439.83,72.682,14.7682,251.252,18.147,36.53,0
AERO-001899,LOT-2510-0073,06-oct-2025 10:54:00,M05,AL7075,USINAGE,MATIN,FOUR_C,50.304,126.884,7.926,304.753,0.968,40.06,31.094,1.591,5.37,70.141,411.53,84.359,14.1767,199.374,17.711,54.29,1
AERO-001900,LOT-2601-0033,25-janv-2026 20:50:00,M01,AL7075,USINAGE,NUIT,FOUR_A,NaN,124.701,8.022,303.169,1.304,16.766,36.234,1.381,5.21,70.06,396.91,79.738,14.3878,201.865,18.795,40.26,0
AERO-001901,LOT-2503-0085,14-mars-2025 13:23:00,M04,TI6AL4V,CONTROLE,SOIR,FOUR_C,50.153,125.21,8.078,312.683,1.462,17.879,39.271,2.219,6.539,67.268,403.17,79.039,14.8777,228.297,20.434,44.9,1
AERO-001902,LOT-2510-0026,24-oct-2025 02:15:00,M06,AL7075,CONTROLE,MATIN,FOUR_B,49.664,125.106,7.83,302.023,1.197,16.107,35.553,1.827,6.091,66.612,394.65,79.03,14.167,210.462,19.584,46.8,0
AERO-001903,LOT-2506-0088,11-juin-2025 05:28:00,M04,AL7075,USINAGE,NUIT,FOUR_B,49.902,125.32,7.949,302.114,1.361,9.078,34.093,1.711,5.696,64.958,391.67,80.884,14.3709,206.054,18.663,32.14,0
AERO-001904,LOT-2504-0116,13-avr-2025 20:41:00,M05,AL7075,USINAGE,SOIR,FOUR_B,49.698,124.927,8.021,302.141,1.082,19.486,NaN,1.627,5.784,70.863,NaN,84.378,14.2707,195.093,21.366,51.06,0
AERO-001905,LOT-2509-0132,26-sept-2025 14:44:00,M01,AL7075,TRAITEMENT,MATIN,FOUR_B,50.119,124.781,7.834,302.623,0.833,13.992,34.97,1.11,5.466,67.6,434.68,80.877,14.2619,208.737,17.284,43.36,0
AERO-001906,LOT-2505-0061,23-mai-2025 06:58:00,M06,INCONEL718,USINAGE,SOIR,FOUR_B,50.08,124.94,7.938,324.769,1.175,12.244,34.622,1.081,4.859,68.754,456.62,68.756,14.3569,262.103,18.468,43.77,0
AERO-001907,LOT-2501-0184,07-janv-2025 09:50:00,M04,TI6AL4V,CONTROLE,NUIT,FOUR_D,49.821,125.059,7.955,311.228,0.852,27.898,34.274,NaN,3.829,71.685,404.18,82.274,14.6323,246.673,17.02,50.47,0
AERO-001908,LOT-2510-0133,15-oct-2025 02:10:00,M03,TI6AL4V,CONTROLE,MATIN,FOUR_A,49.617,125.337,7.985,317.517,1.062,15.129,33.6,1.583,5.744,66.001,367.2,77.195,14.4793,236.378,18.462,36.69,0
AERO-001909,LOT-2511-0176,23-nov-2025 14:23:00,M03,AL7075,TRAITEMENT,MATIN,FOUR_A,49.636,124.212,7.825,303.864,1.008,36.403,30.703,1.462,5.498,67.715,404.79,75.327,14.5553,198.109,18.715,69.02,1
AERO-001910,LOT-2508-0207,24-août-2025 09:30:00,M02,AL7075,CONTROLE,SOIR,FOUR_A,49.946,125.203,8.006,300.275,0.929,17.843,31.97,1.755,5.022,70.19,452.22,82.472,14.5222,190.686,21.719,41.28,0
AERO-001911,LOT-2501-0112,18-janv-2025 10:21:00,M03,TI6AL4V,CONTROLE,NUIT,FOUR_B,49.836,124.304,7.945,312.462,1.636,19.475,35.415,1.426,4.558,68.093,386.46,74.702,14.7186,234.973,19.753,56.47,0
AERO-001912,LOT-2509-0180,26-sept-2025 19:18:00,M04,AL7075,USINAGE,SOIR,FOUR_C,49.746,125.048,7.997,302.217,1.22,9.53,32.083,1.164,5.058,67.191,451.61,82.198,14.5847,207.497,20.56,36.79,0
AERO-001913,LOT-2509-0140,08-sept-2025 06:45:00,M01,AL7075,TRAITEMENT,NUIT,FOUR_D,49.991,125.224,8.057,300.265,0.866,15.842,30.403,5.491,4.745,64.741,385.91,89.077,14.7756,201.959,20.336,NaN,0
AERO-001914,LOT-2507-0046,08-juil-2025 07:43:00,M01,INCONEL718,USINAGE,MATIN,FOUR_B,50.169,124.583,7.951,324.545,1.157,10.054,41.957,2.94,8.642,66.984,387.05,75.052,NaN,264.365,16.305,31.49,1
AERO-001915,LOT-2505-0178,07-mai-2025 05:25:00,M04,AL7075,USINAGE,SOIR,FOUR_D,50.153,124.994,7.911,305.543,1.276,15.372,34.212,1.308,5.271,68.886,438.52,78.355,14.5232,212.06,18.477,53.53,0
AERO-001916,LOT-2601-0206,12-janv-2026 13:13:00,M06,AL7075,TRAITEMENT,NUIT,FOUR_A,50.011,125.407,7.971,301.288,1.11,16.591,34.462,1.576,4.829,73.175,416.9,81.903,14.1602,198.76,18.727,39.99,0
AERO-001917,LOT-2506-0114,22-juin-2025 03:57:00,M06,AL7075,USINAGE,NUIT,FOUR_A,50.034,124.721,8.088,300.893,0.981,16.741,35.134,1.856,6.05,71.886,516.93,80.662,14.1622,215.946,17.846,47.6,0
AERO-001918,LOT-2507-0200,08-juil-2025 13:36:00,M05,TI6AL4V,CONTROLE,NUIT,FOUR_C,49.784,124.377,8.031,312.272,1.169,21.404,37.189,1.492,5.362,70.617,456.12,73.213,14.7043,230.079,17.891,42,0
AERO-001919,LOT-2508-0049,23-août-2025 20:13:00,M05,AL7075,TRAITEMENT,MATIN,FOUR_A,50.133,125.245,7.865,296.531,0.924,26.286,33.353,1.84,5.844,66.844,432.03,74.968,14.4004,210.826,19.971,56.08,0
AERO-001920,LOT-2510-0167,01-oct-2025 07:56:00,M05,INCONEL718,USINAGE,SOIR,FOUR_B,49.987,125.039,8.036,320.943,0.766,17.359,33.913,1.92,5.421,67.793,417.7,72.612,14.6085,263.901,18.386,41.76,0
AERO-001921,LOT-2506-0042,03-juin-2025 02:47:00,M02,INCONEL718,CONTROLE,NUIT,FOUR_A,50.008,124.833,8.042,316.496,1.155,15.349,29.345,1.409,5.048,64.253,393.26,74.278,14.4417,260.187,18.699,25.91,0
AERO-001922,LOT-2512-0014,18-déc-2025 05:33:00,M03,AL7075,USINAGE,MATIN,FOUR_A,49.971,125.238,7.926,304.849,1.22,16.565,34.539,1.715,4.909,69.85,427.81,79.558,14.5629,212.301,18.216,45.03,0
AERO-001923,LOT-2504-0135,24-avr-2025 23:45:00,M06,AL7075,TRAITEMENT,NUIT,FOUR_B,49.597,124.642,8,303.233,1.189,13.591,36.345,1.608,5.68,70.653,489.38,78.624,14.3862,208.589,18.172,54.7,0
AERO-001924,LOT-2506-0226,28-juin-2025 10:12:00,M02,AL7075,USINAGE,SOIR,FOUR_B,49.931,124.544,8.046,301.48,1.23,18.845,35.504,0.86,4.524,71.866,418.31,83.7,14.3502,196.295,19.699,49.24,0
AERO-001925,LOT-2502-0146,16-févr-2025 23:41:00,M05,AL7075,CONTROLE,MATIN,FOUR_D,50.166,124.92,8.093,302.729,1.269,16.46,32.821,1.602,5.518,71.996,410.61,77.35,14.3764,203.359,19.161,58.45,0
AERO-001926,LOT-2503-0219,08-mars-2025 00:38:00,M06,AL7075,TRAITEMENT,SOIR,FOUR_B,50.286,126.564,7.956,299.584,1.504,43.423,35.886,2.22,5.409,70.265,382.53,84.177,14.2883,202.443,18.003,49.04,1
AERO-001927,LOT-2508-0236,14-août-2025 10:07:00,M01,INCONEL718,TRAITEMENT,SOIR,FOUR_A,49.998,125.49,7.988,319.921,1.503,15.58,35.231,1.313,5.063,67.586,518.99,73.989,14.5194,246.187,21.493,41.85,0
AERO-001928,LOT-2510-0227,26-oct-2025 01:07:00,M05,AL7075,TRAITEMENT,MATIN,FOUR_B,49.893,124.984,7.905,301.722,0.901,23.483,32.606,1.854,5.114,68.006,358.31,82.234,14.2703,210.539,17.229,59.5,0
AERO-001929,LOT-2501-0205,08-janv-2025 02:43:00,M06,TI6AL4V,USINAGE,MATIN,FOUR_A,50.194,124.863,7.933,313.652,1.32,21.11,33.755,2.269,6.44,70.807,437.88,78.866,14.3215,236.518,20.455,44.02,0
AERO-001930,LOT-2601-0065,22-janv-2026 12:23:00,M04,INCONEL718,CONTROLE,MATIN,FOUR_B,50.047,124.97,7.984,320.907,1.14,14.411,32.014,1.598,5.2,70.982,443.7,67.645,14.7893,264.858,19.215,38.6,0
AERO-001931,LOT-2503-0134,13-mars-2025 06:39:00,M04,TI6AL4V,USINAGE,SOIR,FOUR_A,49.303,123.482,7.929,315.242,1.19,49.369,31.017,1.44,4.495,73.153,392.65,71.71,14.6481,237.599,18.784,30.45,1
AERO-001932,LOT-2505-0206,13-mai-2025 10:59:00,M06,AL7075,USINAGE,NUIT,FOUR_B,49.779,125.39,7.976,300.812,1.092,21.497,37.409,1.983,5.979,68.927,491.21,80.376,14.7121,202.736,19.214,44.41,0
AERO-001933,LOT-2510-0206,25-oct-2025 11:30:00,M05,INCONEL718,CONTROLE,NUIT,FOUR_D,50.127,125.193,8.045,323.515,1.213,14.22,34.694,1.967,5.255,71.821,429.87,74.701,14.3044,246.129,19.083,28.72,0
AERO-001934,LOT-2506-0188,18-juin-2025 07:33:00,M03,AL7075,CONTROLE,MATIN,FOUR_A,50.183,125.157,7.944,306.062,1.355,18.244,34.649,1.637,4.87,73.275,457.9,78.379,14.0609,196.929,18.439,56.3,0
AERO-001935,LOT-2502-0037,26-févr-2025 13:27:00,M06,TI6AL4V,USINAGE,MATIN,FOUR_A,50.359,125.172,7.923,311.573,0.998,20.872,36.833,1.669,4.494,55.518,231.98,70.053,14.9179,234.719,18.225,48.67,1
AERO-001936,LOT-2510-0147,19-oct-2025 22:35:00,M05,AL7075,TRAITEMENT,MATIN,FOUR_C,49.674,125.364,8.022,300.283,1.12,19.468,32.62,1.151,4.574,68.905,436.52,83.381,14.5213,202.349,19.222,39.79,0
AERO-001937,LOT-2602-0072,05-févr-2026 11:28:00,M01,AL7075,USINAGE,MATIN,FOUR_C,49.835,125.131,7.964,300.907,1.466,14.204,30.405,0.977,4.821,67.273,410.02,84.129,14.2139,203.591,17.989,45.61,0
AERO-001938,LOT-2506-0017,13-juin-2025 06:38:00,M02,INCONEL718,CONTROLE,SOIR,FOUR_A,50.008,125.026,8.011,311.349,1.804,17.942,34.655,0.777,4.138,68.62,398.08,64.394,14.4673,222.092,17.402,48.93,1
AERO-001939,LOT-2508-0076,11-août-2025 23:22:00,M02,AL7075,CONTROLE,SOIR,FOUR_C,50.281,124.864,8.157,302.818,1.115,18.356,30.658,1.17,NaN,68.927,414.31,73.857,14.0052,209.38,19.972,33.54,0
AERO-001940,LOT-2512-0179,28-déc-2025 16:08:00,M06,AL7075,USINAGE,MATIN,FOUR_C,50.128,124.155,7.989,305.399,1.017,19.039,39.499,1.567,5.068,70.332,452.28,83.01,14.4413,198.473,21.656,48.39,0
AERO-001941,LOT-2501-0196,05-janv-2025 09:12:00,M06,TI6AL4V,TRAITEMENT,SOIR,FOUR_A,49.938,125.342,8.102,313.694,2.425,20.783,36.124,2.028,4.66,67.663,412.85,79.793,14.0695,237.956,15.263,43.35,1
AERO-001942,LOT-2603-0240,01-mars-2026 16:43:00,M01,TI6AL4V,TRAITEMENT,SOIR,FOUR_B,49.928,125.276,7.99,313.871,0.83,13.556,30.269,0.647,3.907,66.274,435.44,74.052,14.7118,241.396,16.438,43.59,0
AERO-001943,LOT-2512-0155,18-déc-2025 18:15:00,M06,AL7075,USINAGE,MATIN,FOUR_B,49.81,124.635,7.996,303.868,0.986,22.518,36.082,2.035,6.068,71.606,417.2,78.798,14.4793,209.859,17.66,50.61,0
AERO-001944,LOT-2511-0227,08-nov-2025 22:02:00,M03,TI6AL4V,CONTROLE,MATIN,FOUR_A,50.215,124.736,8.031,311.689,1.471,22.319,34.768,1.662,5.767,73.696,456.25,68.212,14.3573,250.574,20.057,49.32,0
AERO-001945,LOT-2511-0146,15-nov-2025 10:29:00,M06,TI6AL4V,CONTROLE,SOIR,FOUR_D,50.11,124.777,7.929,NaN,1.236,17.626,39.103,1.639,4.596,69.942,483.62,75.243,14.3873,246.094,18.252,47.53,0
AERO-001946,LOT-2506-0162,13-juin-2025 09:23:00,M01,AL7075,TRAITEMENT,SOIR,FOUR_C,50.005,125.353,8.018,299.045,1.131,13.95,31.957,1.42,5.231,65.822,377.04,83.384,14.6875,193.778,18.469,49.89,0
AERO-001947,LOT-2503-0105,28-mars-2025 15:14:00,M02,TI6AL4V,USINAGE,SOIR,FOUR_D,50.037,124.573,7.999,311.658,1.357,19.577,33.705,1.447,5.265,68.212,445.6,80.469,14.6442,224.102,18.478,48.93,0
AERO-001948,LOT-2508-0073,07-août-2025 07:47:00,M04,INCONEL718,CONTROLE,NUIT,FOUR_C,49.899,124.856,7.868,316.188,1.031,14.976,33.897,1.499,5.765,67.737,363.53,70.54,14.8064,250.002,18.066,42.38,0
AERO-001949,LOT-2508-0020,30-août-2025 19:34:00,M05,AL7075,TRAITEMENT,MATIN,FOUR_A,50.064,125.697,8.032,303.491,0.986,10.194,31.962,1.703,6.078,63.197,429.25,81.698,14.3135,208.398,18.003,44.3,0
AERO-001950,LOT-2504-0116,03-avr-2025 23:27:00,M03,AL7075,USINAGE,NUIT,FOUR_A,49.972,124.922,8.048,304.722,0.995,17.272,26.284,1.25,5.055,67.984,442.14,80.246,14.614,180.778,16.75,67.08,0
AERO-001951,LOT-2504-0155,09-avr-2025 03:52:00,M03,TI6AL4V,TRAITEMENT,NUIT,FOUR_A,49.945,125.411,8.052,313.726,1.513,18.427,32.292,1.378,4.767,68.459,384.65,71.424,14.8047,227.621,17.599,40.65,0
AERO-001952,LOT-2505-0056,16-mai-2025 23:32:00,M03,TI6AL4V,USINAGE,MATIN,FOUR_B,49.926,125.444,8.09,316.231,1.154,20.442,33.124,0.895,4.345,67.136,416.67,71.396,14.7368,231.696,15.59,38.7,0
AERO-002397,LOT-2506-0151,04-juin-2025 01:15:00,M03,TI6AL4V,TRAITEMENT,MATIN,FOUR_C,50.233,124.913,7.95,311.817,0.917,17.241,30.342,1.251,4.485,67.4,406.17,NaN,14.4298,236.092,17.171,54.48,0
AERO-001954,LOT-2512-0162,17-déc-2025 11:21:00,M06,AL7075,USINAGE,MATIN,FOUR_C,49.778,124.982,8.005,298.97,0.959,23.14,36.53,1.986,5.99,70.983,417.27,NaN,14.2075,210.078,18.181,42.26,0
AERO-001955,LOT-2510-0170,22-oct-2025 15:01:00,M03,AL7075,CONTROLE,MATIN,FOUR_A,49.915,124.792,8.044,303.359,0.833,11.85,45.465,1.932,NaN,68.364,382.17,82.987,14.7645,202.731,19.28,37.82,1
AERO-001956,LOT-2601-0084,23-janv-2026 23:58:00,M03,TI6AL4V,TRAITEMENT,MATIN,FOUR_D,49.835,125.175,8.036,317.191,1.041,13.863,31.465,1.121,4.739,67.493,339.18,81.55,14.1551,236.494,17.695,50.86,0
AERO-001957,LOT-2510-0172,23-oct-2025 01:33:00,M04,AL7075,CONTROLE,MATIN,FOUR_C,49.888,125.923,7.925,300.802,1.212,16.71,33.497,1.698,6.521,68.764,374.74,82.708,14.4538,201.208,18.355,36.93,0
AERO-001958,LOT-2512-0091,10-déc-2025 18:39:00,M05,AL7075,CONTROLE,SOIR,FOUR_A,50.078,124.629,8.033,305.128,1.4,19.572,38.003,1.689,5.409,69.75,462.01,80.333,14.5741,207.209,18.911,42.18,0
AERO-001959,LOT-2502-0110,23-févr-2025 16:11:00,M05,TI6AL4V,USINAGE,SOIR,FOUR_A,50.02,127.627,7.942,314.174,2.623,12.006,32.896,1.832,6.12,67.786,380.96,76.71,14.5477,215.728,16.11,42.39,1
AERO-001960,LOT-2503-0025,18-mars-2025 15:09:00,M06,INCONEL718,TRAITEMENT,SOIR,FOUR_D,50.126,124.862,8.093,320.811,0.844,NaN,40.666,1.683,5.524,72.352,365.59,72.607,14.5814,261.74,15.332,49.67,0
AERO-001961,LOT-2512-0151,14-déc-2025 22:37:00,M03,AL7075,TRAITEMENT,SOIR,FOUR_C,50.031,124.794,7.984,298.217,1.038,11.907,38.596,0.65,3.816,80.168,350.29,65.027,15.2556,200.55,18.43,44.96,1
AERO-001962,LOT-2506-0226,24-juin-2025 19:53:00,M05,TI6AL4V,USINAGE,SOIR,FOUR_A,49.892,124.506,8.017,316.002,1.156,14.135,33.824,1.721,NaN,80.94,279.2,66.135,15.1953,253.13,20.67,38.22,1
AERO-001963,LOT-2505-0189,29-mai-2025 14:44:00,M06,AL7075,USINAGE,MATIN,FOUR_B,49.842,125.587,8.175,290.03,1.558,21.536,38.688,1.801,5.563,69.048,410.29,75.703,14.5503,165.473,17.587,50.3,1
AERO-001964,LOT-2507-0145,18-juil-2025 14:45:00,M03,AL7075,USINAGE,SOIR,FOUR_B,50.245,125.654,7.912,302.301,1.32,21.321,32.423,1.463,4.955,71.739,396.58,74.17,14.4496,201.038,17.909,52.97,0
AERO-001965,LOT-2512-0072,29-déc-2025 02:22:00,M02,AL7075,USINAGE,MATIN,FOUR_C,50.341,125.269,8.109,303.168,0.84,17.876,30.016,1.431,4.38,72.832,408.61,80.09,14.1491,196.069,20.981,46.14,0
AERO-001966,LOT-2504-0021,17-avr-2025 21:01:00,M03,AL7075,CONTROLE,MATIN,FOUR_B,50.149,125.267,7.945,303.112,0.812,11.963,34.982,1.613,5.453,NaN,379.7,79.87,14.5971,194.889,20.264,41.91,0
AERO-001967,LOT-2504-0105,26-avr-2025 01:04:00,M02,TI6AL4V,CONTROLE,SOIR,FOUR_A,50.553,123.58,8.106,314.342,1.188,31.496,33.433,1.705,5.734,70.095,399.83,73.092,14.1725,239.637,18.362,41.13,1
AERO-001968,LOT-2601-0151,03-janv-2026 12:22:00,M06,AL7075,USINAGE,MATIN,FOUR_B,49.835,124.965,8.094,303.082,1.179,15.257,37.993,1.725,5.77,71.556,359.71,77.985,14.5064,201.352,19.591,44.48,0
AERO-001969,LOT-2507-0102,27-juil-2025 23:54:00,M05,AL7075,CONTROLE,MATIN,FOUR_B,50.041,124.964,7.978,306.66,1.137,8.366,31.161,1.872,5.532,71.252,405.94,81.807,14.6243,205.877,19.355,37.69,0
AERO-001970,LOT-2503-0041,22-mars-2025 06:58:00,M06,AL7075,CONTROLE,MATIN,FOUR_A,49.881,125.095,8.047,298.58,0.708,19.076,NaN,1.864,6.126,71.788,369.21,85.488,14.709,197.123,20.073,48.38,0
AERO-001971,LOT-2510-0217,02-oct-2025 16:38:00,M06,TI6AL4V,CONTROLE,MATIN,FOUR_A,50.129,125.508,7.928,319.514,0.922,13.883,39.546,1.663,5.427,69.859,378.76,79.614,14.9506,235.462,18.12,33.85,0
AERO-001972,LOT-2512-0049,08-déc-2025 05:51:00,M03,AL7075,CONTROLE,MATIN,FOUR_C,50.147,124.8,7.861,302.78,1.229,17.224,32.611,1.662,6.007,69.353,417.07,77.677,15.2161,209.2,17.715,33.44,0
AERO-001973,LOT-2501-0123,07-janv-2025 15:46:00,M01,TI6AL4V,USINAGE,SOIR,FOUR_D,49.991,125.591,8.012,310.713,0.959,14.548,35.172,0.953,4.135,70.461,432.33,80.447,14.6504,229.872,16.97,37,0
AERO-001974,LOT-2512-0217,14-déc-2025 19:47:00,M06,AL7075,TRAITEMENT,NUIT,FOUR_D,49.674,124.566,7.971,297.291,1.301,21.948,52.294,3.762,8.118,68.877,463.03,80.277,14.6036,203.174,19.133,52.86,1
AERO-001975,LOT-2502-0215,21-févr-2025 23:40:00,M06,AL7075,TRAITEMENT,SOIR,FOUR_B,50.038,124.981,8.016,302.243,1.204,18.07,39.238,1.575,5.407,71.131,438.05,78.98,14.9209,207.963,18.896,39.14,0
AERO-001976,LOT-2602-0030,27-févr-2026 09:09:00,M03,AL7075,TRAITEMENT,SOIR,FOUR_B,50.138,125.043,7.928,301.245,1.127,11.687,33.287,1.54,5.382,64.323,452.47,88.849,14.4106,205.451,19.696,41.52,0
AERO-001977,LOT-2501-0178,12-janv-2025 16:26:00,M02,AL7075,TRAITEMENT,SOIR,FOUR_B,49.885,125.074,8.032,304.163,1.339,18.746,34.647,1.555,5.786,67.674,473.35,78.851,14.6071,212.187,19.181,40.44,0
AERO-001978,LOT-2502-0214,21-févr-2025 07:52:00,M01,INCONEL718,USINAGE,MATIN,FOUR_A,NaN,124.771,7.869,319.637,1.256,25.303,36.721,1.185,5.377,69.529,471,73.713,14.7347,240.269,19.107,46.64,0
AERO-001979,LOT-2505-0199,07-mai-2025 04:41:00,M04,AL7075,CONTROLE,SOIR,FOUR_A,49.812,124.562,8.095,305.492,1.151,15.931,33.543,1.76,5.538,67.462,420.92,81.97,14.3838,205.954,19.406,44.36,0
AERO-001980,LOT-2510-0146,25-oct-2025 15:54:00,M02,AL7075,TRAITEMENT,MATIN,FOUR_B,50.033,124.467,7.936,300.256,1.206,15.28,29.926,1.104,4.778,66.402,417.82,79.725,14.6056,204.892,17.768,34.43,0
AERO-001981,LOT-2502-0163,23-févr-2025 22:16:00,M05,INCONEL718,TRAITEMENT,SOIR,FOUR_B,50.186,125.339,8.05,319.676,1.122,15.548,32.839,1.796,5.385,66.485,356.48,74.369,14.5912,262.456,18.472,41.84,0
AERO-001982,LOT-2506-0094,05-juin-2025 13:10:00,M05,AL7075,TRAITEMENT,NUIT,FOUR_D,50.159,124.94,8.126,303.289,0.859,16.674,40.549,1.204,5.983,65.802,431.98,82.083,14.5052,197.517,18.576,36.22,0
AERO-001983,LOT-2501-0018,07-janv-2025 12:00:00,M03,AL7075,CONTROLE,NUIT,FOUR_A,50.01,124.855,7.973,301.819,NaN,16.681,29.429,1.503,5.536,70.482,430.98,82.179,14.541,200.628,18.8,44.61,0
AERO-001984,LOT-2503-0136,16-mars-2025 23:21:00,M02,AL7075,CONTROLE,SOIR,FOUR_C,49.901,125.101,8.037,302.415,1.22,16.757,NaN,0.883,3.368,70.753,451.75,75.981,14.5453,211.061,21.611,39.23,0
AERO-001985,LOT-2505-0181,10-mai-2025 02:58:00,M06,TI6AL4V,USINAGE,NUIT,FOUR_C,50.021,125.275,NaN,305.011,0.912,20.808,36.204,2.397,6.963,63.142,414.52,79.09,14.2792,232.912,18.795,34.93,0
AERO-001986,LOT-2511-0165,28-nov-2025 01:21:00,M05,INCONEL718,USINAGE,MATIN,FOUR_B,49.839,124.807,NaN,319.822,1.461,17.543,30.351,1.775,5.492,70.132,394.07,74.084,14.4798,260.271,19.609,50.21,0
AERO-001987,LOT-2511-0189,03-nov-2025 22:52:00,M01,AL7075,USINAGE,MATIN,FOUR_A,49.945,124.79,7.92,305.447,0.873,15.51,34.716,1.69,6.065,66.776,NaN,84.222,14.5527,208.845,16.671,49.31,0
AERO-001988,LOT-2508-0011,05-août-2025 14:24:00,M05,AL7075,CONTROLE,MATIN,FOUR_C,49.953,124.961,8.052,305.101,0.937,18.524,32.881,1.686,5.884,67.997,391.33,76.377,14.2519,NaN,17.597,25.31,0
AERO-001989,LOT-2602-0226,19-févr-2026 22:31:00,M02,INCONEL718,CONTROLE,MATIN,FOUR_B,50.595,123.786,7.938,317.199,1.345,33.539,33.072,1.467,5.812,70.278,455.4,74.434,14.6913,244.377,NaN,40.39,1
AERO-001990,LOT-2506-0141,14-juin-2025 21:46:00,M05,AL7075,USINAGE,SOIR,FOUR_C,50.09,124.966,8.039,303.054,1.446,22.793,31.779,1.532,5.884,66.183,443.96,85.763,14.947,204.783,18.174,49.36,0
AERO-001991,LOT-2505-0196,18-mai-2025 06:51:00,M05,AL7075,TRAITEMENT,NUIT,FOUR_A,49.906,125.196,7.879,300.536,1.659,17.367,32.256,1.359,5.766,65.326,492.42,81.17,14.2927,183.514,18.521,45.83,0
AERO-001992,LOT-2512-0199,05-déc-2025 09:19:00,M03,AL7075,USINAGE,MATIN,FOUR_C,49.704,124.797,7.911,302.519,1.276,10.127,38.829,1.189,4.935,68.749,435.25,87.309,14.4967,191.253,18.058,37.54,0
AERO-001993,LOT-2503-0108,18-mars-2025 15:41:00,M05,TI6AL4V,USINAGE,SOIR,FOUR_A,50.022,125.283,7.954,317.107,0.798,20.867,NaN,1.619,5.211,75.293,427.19,76.619,14.3557,239.838,17.907,43.43,0
AERO-001994,LOT-2511-0039,14-nov-2025 09:42:00,M03,INCONEL718,CONTROLE,MATIN,FOUR_C,50.144,125.006,8.092,323.956,1.129,15.04,31.847,1.033,4.634,63.455,361.22,78.572,14.5107,258.7,18.717,42.33,0
AERO-001995,LOT-2601-0239,17-janv-2026 19:49:00,M06,TI6AL4V,CONTROLE,SOIR,FOUR_A,49.95,125.377,7.829,309.72,1.25,23.964,33.218,1.662,5.943,73.246,386.74,72.565,14.4828,229.575,28.681,41.4,0
AERO-001996,LOT-2510-0110,15-oct-2025 09:52:00,M03,TI6AL4V,USINAGE,SOIR,FOUR_A,49.927,124.616,7.983,314.029,1.335,16.639,33.626,1.269,5.052,69.392,401.84,71.603,14.5571,231.197,18.294,38.97,0
AERO-001997,LOT-2512-0078,29-déc-2025 03:40:00,M03,AL7075,TRAITEMENT,NUIT,FOUR_A,49.979,125.889,8.028,304.247,1.098,27.041,33.782,1.847,5.631,69.923,346.63,79.085,14.4416,201.942,16.891,38.54,0
AERO-001998,LOT-2601-0220,04-janv-2026 17:53:00,M04,INCONEL718,USINAGE,MATIN,FOUR_A,50.125,125.172,8.087,322.308,1.585,15.78,34.195,1.251,5.218,64.089,416.29,75.781,14.5804,251.071,20.513,27.1,0
AERO-001999,LOT-2504-0119,11-avr-2025 14:50:00,M06,INCONEL718,TRAITEMENT,MATIN,FOUR_A,49.935,125.017,7.982,310.984,1.715,17.177,39.94,2.17,5.23,65.431,448.34,66.834,NaN,228.524,17.078,43.66,1
AERO-002000,LOT-2503-0036,17-mars-2025 17:17:00,M06,TI6AL4V,CONTROLE,SOIR,FOUR_D,49.929,125.223,8.027,313.713,0.986,14.562,34.159,1.673,5.73,65.618,427.06,71.547,14.68,232.757,19.787,37.81,0
AERO-002001,LOT-2502-0016,01-févr-2025 03:02:00,M06,TI6AL4V,TRAITEMENT,MATIN,FOUR_C,49.739,125.352,7.983,311.994,1.056,9.979,38.056,1.64,5.342,70.778,369.88,83.655,14.5756,245.067,18.01,41.59,0
AERO-002002,LOT-2509-0069,29-sept-2025 22:35:00,M06,INCONEL718,USINAGE,MATIN,FOUR_D,50.097,125.438,8.043,320.2,1.121,19.963,36.798,1.297,NaN,67.588,444.8,77.463,14.3415,262.009,18.63,50.48,0
AERO-002003,LOT-2507-0111,22-juil-2025 04:02:00,M01,AL7075,CONTROLE,MATIN,FOUR_C,50.271,124.988,7.974,303.209,1.211,17.647,35.917,1.806,6.397,64.685,481.42,69.962,14.6566,189.333,15.638,41.81,0
AERO-002004,LOT-2508-0150,21-août-2025 01:56:00,M02,AL7075,CONTROLE,MATIN,FOUR_B,49.951,125.166,7.923,301.449,1.082,18.98,48.425,3.364,8.09,67.627,445.55,84.458,14.2962,201.906,19.232,55.25,1
AERO-002005,LOT-2504-0106,07-avr-2025 08:09:00,M01,INCONEL718,USINAGE,SOIR,FOUR_B,49.611,124.707,8.028,323.792,1.456,12.571,33.665,NaN,6.07,62.603,446.08,73.902,14.4646,260.109,17.437,65.62,0
AERO-002006,LOT-2507-0181,01-juil-2025 14:01:00,M01,AL7075,TRAITEMENT,NUIT,FOUR_B,49.901,125.382,8.098,300.608,1.153,16.112,33.028,0.821,4.15,67.938,381.83,76.319,14.2928,199.765,18.965,33.54,0
AERO-002007,LOT-2512-0211,30-déc-2025 04:20:00,M02,TI6AL4V,TRAITEMENT,MATIN,FOUR_A,50.214,125.885,8.207,312.553,1.117,18.689,35.57,1.235,4.501,72.636,457.74,75.257,14.5541,227.029,18.782,28.36,0
AERO-002008,LOT-2506-0234,19-juin-2025 07:34:00,M04,AL7075,USINAGE,SOIR,FOUR_B,49.862,125.233,7.986,297.882,2.261,NaN,29.774,1.489,5.027,67.296,343.42,74.795,14.4552,181.986,19.438,47.66,1
AERO-002009,LOT-2501-0030,21-janv-2025 06:35:00,M04,INCONEL718,USINAGE,MATIN,FOUR_B,50.046,124.499,7.976,323.22,1.077,20.519,30.979,1.306,4.36,67.827,473.27,73.31,14.5934,258.099,18.112,53.21,0
AERO-002010,LOT-2507-0058,07-juil-2025 10:10:00,M03,AL7075,USINAGE,MATIN,FOUR_C,50.254,124.253,7.971,300.761,1.028,16.536,27.831,1.056,4.134,70.561,509.88,81.969,14.29,202.758,19.718,36.46,0
AERO-002011,LOT-2512-0096,27-déc-2025 11:25:00,M03,INCONEL718,CONTROLE,MATIN,FOUR_C,NaN,124.665,7.881,392.405,0.891,14.298,32.044,1.651,5.514,63.495,388.74,70.755,14.4304,265.219,19.507,49.02,0
AERO-002012,LOT-2506-0136,01-juin-2025 11:51:00,M06,INCONEL718,CONTROLE,NUIT,FOUR_A,50.218,124.638,7.98,318.719,0.764,15.068,38.156,1.293,4.542,65.093,392.63,72.476,14.808,252.605,18.583,53.47,0
AERO-002013,LOT-2503-0115,13-mars-2025 21:05:00,M04,AL7075,USINAGE,MATIN,FOUR_A,49.93,124.805,8.098,302.871,0.979,20.208,32.976,1.561,4.51,61.586,453.22,85.025,14.5612,200.635,19.368,26.18,0
AERO-002014,LOT-2508-0162,14-août-2025 00:32:00,M02,AL7075,USINAGE,SOIR,FOUR_B,50.115,125.261,8.063,306.059,1.213,20.061,33.344,1.619,5.521,69.57,394.98,76.625,14.7843,202.186,18.411,48.95,0
AERO-002015,LOT-2506-0170,03-juin-2025 20:42:00,M05,AL7075,TRAITEMENT,SOIR,FOUR_C,49.802,124.962,8.106,299.621,1.126,18.639,33.934,1.341,5.243,70.297,437.34,79.863,14.3463,201.281,18.123,33.52,0
AERO-002016,LOT-2509-0182,06-sept-2025 11:57:00,M06,AL7075,USINAGE,SOIR,FOUR_D,49.915,125.476,7.984,301.126,1.075,14.266,33.957,1.445,5.6,69.527,397.71,75.255,14.5541,192.395,19.45,46.17,0
AERO-002017,LOT-2508-0232,31-août-2025 14:33:00,M04,AL7075,USINAGE,MATIN,FOUR_B,49.875,125.036,8.067,301.258,1.388,14.169,47.736,2.51,7.279,70.42,482.54,84.174,14.4058,197.847,19.425,32.22,1
AERO-002018,LOT-2512-0088,08-déc-2025 19:04:00,M04,TI6AL4V,USINAGE,SOIR,FOUR_C,50.094,125.452,7.938,316.061,1.328,19.949,30.082,1.507,5.543,64.466,455.03,81.024,14.5449,222.897,18.916,34.63,0
AERO-002019,LOT-2511-0219,06-nov-2025 09:47:00,M02,TI6AL4V,USINAGE,MATIN,FOUR_B,NaN,125.422,7.905,317.489,1.216,13.197,33.045,1.681,5.515,69.43,413.65,74.559,14.1835,242.174,18.867,51.43,0
AERO-002020,LOT-2512-0234,06-déc-2025 20:04:00,M02,INCONEL718,USINAGE,MATIN,FOUR_B,50.304,125.3,7.977,329.268,1.032,15.301,28.869,1.529,5.245,70.912,330.39,70.655,14.481,253.011,22.171,52.57,0
AERO-002021,LOT-2510-0202,01-oct-2025 17:10:00,M03,AL7075,USINAGE,NUIT,FOUR_A,50.066,124.868,8.055,306.63,1.068,20.496,33.154,1.126,4.694,69.161,439.07,76.118,14.534,205.037,18.984,43.81,0
AERO-002022,LOT-2507-0224,28-juil-2025 02:45:00,M04,AL7075,CONTROLE,MATIN,FOUR_A,49.854,124.732,7.951,303.54,0.866,15.185,NaN,1.572,5.749,69.943,377.26,80.54,14.1985,204.692,17.375,38.05,0
AERO-002023,LOT-2506-0111,11-juin-2025 09:44:00,M06,AL7075,USINAGE,MATIN,FOUR_B,50.026,125.202,7.962,302.277,0.999,16.522,41.813,2.601,7.472,71.227,451.41,82.116,14.5464,202.725,19.496,41.28,1
AERO-002024,LOT-2508-0097,03-août-2025 01:39:00,M04,AL7075,USINAGE,SOIR,FOUR_D,49.661,125.152,8.048,NaN,1.066,24.042,31.502,1.09,4.898,68.388,464.08,79.047,14.7614,202.529,17.038,NaN,0
AERO-002025,LOT-2502-0107,24-févr-2025 15:52:00,M05,AL7075,USINAGE,NUIT,FOUR_C,50.299,124.568,8.066,295.443,1.194,19.451,33.781,1.569,6.517,69.487,366.48,84.632,14.5119,207.392,20.632,50.04,0
AERO-002026,LOT-2503-0148,11-mars-2025 01:27:00,M02,TI6AL4V,TRAITEMENT,MATIN,FOUR_A,49.989,124.746,8.031,316.656,0.951,12.884,34.136,1.755,5.876,67.794,411.71,73.945,14.244,227.685,19.448,46.4,0
AERO-002027,LOT-2601-0169,15-janv-2026 01:45:00,M04,AL7075,TRAITEMENT,NUIT,FOUR_C,50.195,124.761,7.946,299.255,1.158,20.685,30.144,1.454,5.078,67.792,394.77,76.64,14.3451,209.974,20.185,33.66,0
AERO-000239,LOT-2509-0224,01-sept-2025 03:22:00,M03,AL7075,USINAGE,SOIR,FOUR_A,49.757,125.086,8.062,299.617,1.232,20.124,28.887,1.214,5.064,66.642,428.68,72.566,14.5228,205.464,20.461,42.32,0
AERO-002029,LOT-2508-0182,08-août-2025 21:43:00,M02,INCONEL718,USINAGE,MATIN,FOUR_B,50.145,126.045,8.01,316.736,0.951,19.37,32.49,1.501,5.533,72.324,450.39,74.282,14.4774,247.168,20.073,41.18,0
AERO-002030,LOT-2506-0130,10-juin-2025 13:58:00,M04,AL7075,USINAGE,MATIN,FOUR_B,50.168,125.396,8.112,298.481,1.231,15.865,33.912,1.526,4.252,64.744,362.35,84.431,14.2227,204.03,19.317,38.06,0
AERO-002031,LOT-2507-0132,21-juil-2025 12:06:00,M05,AL7075,CONTROLE,SOIR,FOUR_A,50.074,124.944,7.923,299.926,1.034,19.821,35.668,1.529,5.751,69.132,438.15,77.615,14.4875,209.43,19.928,35.14,0
AERO-002032,LOT-2512-0089,08-déc-2025 17:01:00,M04,INCONEL718,CONTROLE,MATIN,FOUR_B,49.813,124.782,8.09,318.928,1.164,22.339,29.114,0.996,3.992,61.919,408.47,74.704,14.7198,262.404,18.645,45.84,0
AERO-002033,LOT-2601-0029,19-janv-2026 12:50:00,M05,TI6AL4V,CONTROLE,SOIR,FOUR_A,49.928,125.286,8.091,312.498,0.645,22.348,32.175,2.007,5.754,67.749,424.07,78.553,14.3967,240.473,18.892,25.79,0
AERO-002034,LOT-2510-0139,22-oct-2025 21:47:00,M02,INCONEL718,USINAGE,SOIR,FOUR_D,49.931,124.26,7.952,320.305,1.13,22.942,34.967,1.907,5.276,68.794,397.02,77.367,14.39,253.141,20.504,49.15,0
AERO-002035,LOT-2506-0189,24-juin-2025 05:05:00,M05,AL7075,USINAGE,NUIT,FOUR_C,49.998,124.782,7.9,305.061,1.154,20.693,34.519,1.904,5.571,69.193,403.43,78.852,14.6441,197.634,17.901,43.88,0
AERO-002036,LOT-2504-0115,08-avr-2025 15:09:00,M05,AL7075,USINAGE,MATIN,FOUR_B,49.945,125.266,8.031,306.581,1.892,15.656,34.531,1.759,5.437,67.041,365.96,70.5,14.1523,155.999,21.787,59.15,1
AERO-002037,LOT-2505-0201,10-mai-2025 01:47:00,M04,AL7075,USINAGE,SOIR,FOUR_B,49.86,124.911,8.068,295.907,2.12,22.914,35.093,1.344,5.053,68.543,355.04,77.661,14.9447,206.874,14.749,33.95,1
AERO-002038,LOT-2509-0010,23-sept-2025 21:54:00,M06,TI6AL4V,USINAGE,MATIN,FOUR_C,50.247,124.558,7.926,312.957,1.431,17.668,33.074,1.93,7.041,71.978,350.6,78.522,14.5436,236.501,16.819,41.66,0
AERO-002039,LOT-2511-0110,08-nov-2025 15:57:00,M05,AL7075,TRAITEMENT,SOIR,FOUR_A,49.886,125.11,7.903,301.039,1.086,17.666,32.348,2.379,6.303,69.413,431.06,75.715,14.4299,200.62,17.885,51.36,0
AERO-002040,LOT-2501-0219,08-janv-2025 21:43:00,M01,AL7075,USINAGE,MATIN,FOUR_A,49.594,124.089,7.967,300.187,0.8,41.553,33.043,1.409,4.847,66.229,414.73,76.501,14.3568,202.793,20.8,54.02,1
AERO-002041,LOT-2502-0186,23-févr-2025 04:20:00,M01,TI6AL4V,USINAGE,MATIN,FOUR_D,50.099,124.908,7.842,318.54,0.976,13.526,32.287,1.664,6.156,68.63,450.97,73.763,14.5627,245.75,20.226,46.3,0
AERO-002042,LOT-2504-0201,05-avr-2025 15:32:00,M06,TI6AL4V,TRAITEMENT,NUIT,FOUR_D,49.945,125.506,7.989,315.105,1.224,23.513,37.65,1.578,5.204,68.563,388.96,75.317,14.8546,245.397,20.267,32.97,0
AERO-002043,LOT-2502-0029,03-févr-2025 05:06:00,M03,AL7075,USINAGE,MATIN,FOUR_B,50.191,125.118,8.109,305.106,0.952,19.895,33.324,1.592,5.61,68.099,402.82,81.84,14.5502,208.597,21.314,53.36,0
AERO-002044,LOT-2507-0174,27-juil-2025 02:02:00,M01,TI6AL4V,USINAGE,NUIT,FOUR_B,50.02,125.086,8.014,310.012,0.906,16.967,36.513,1.334,4.765,67.714,371.34,74.782,14.4313,237.346,19.335,33.89,0
AERO-002045,LOT-2505-0205,22-mai-2025 08:01:00,M06,INCONEL718,USINAGE,MATIN,FOUR_B,49.971,124.484,8.022,319.774,1.316,19.253,31.353,1.67,4.906,69.248,442.28,73.637,14.7427,246.312,17.404,32.36,0
AERO-002046,LOT-2601-0001,20-janv-2026 17:10:00,M06,AL7075,TRAITEMENT,MATIN,FOUR_A,50.074,125.372,7.956,303.781,1.085,14.193,35.113,2.132,5.768,66.656,414.42,81.34,14.3321,200.493,18.726,48.9,0
AERO-002047,LOT-2505-0209,22-mai-2025 01:00:00,M03,AL7075,TRAITEMENT,NUIT,FOUR_A,49.954,125.245,7.988,307.55,1.287,16.092,36.239,1.537,5.899,72.617,444.11,79.022,14.4554,199.124,18.633,51.66,0
AERO-002048,LOT-2512-0098,15-déc-2025 22:23:00,M02,TI6AL4V,TRAITEMENT,MATIN,FOUR_A,49.634,126.624,7.938,315.964,1.105,27.412,31.498,1.172,5.078,64.69,438.5,80.963,14.5871,239.686,19.554,43.52,1
AERO-002049,LOT-2509-0236,10-sept-2025 23:56:00,M04,TI6AL4V,CONTROLE,MATIN,FOUR_A,49.97,124.254,8.011,317.471,2.267,21.987,31.912,1.601,5.836,69.773,498.28,78.064,14.3596,240.379,18.465,34.13,1
AERO-002050,LOT-2601-0205,03-janv-2026 19:32:00,M05,AL7075,USINAGE,NUIT,FOUR_D,49.979,125.037,7.941,303.768,0.945,15.216,32.671,1.76,5.097,70.473,428.87,82.052,14.3524,194.806,17.496,32.44,0
AERO-002051,LOT-2504-0189,02-avr-2025 22:17:00,M03,AL7075,USINAGE,MATIN,FOUR_D,50.225,125.936,7.926,303.024,0.942,15.361,28.317,1.287,5.764,64.414,NaN,79.656,14.4439,208.262,17.422,48.99,0
AERO-002052,LOT-2508-0214,26-août-2025 04:01:00,M03,AL7075,USINAGE,MATIN,FOUR_B,49.782,124.868,8.025,299.736,1.036,17.355,36.197,1.413,4.581,70.321,457.21,81.164,14.5071,208.218,20.735,37.69,0
AERO-002053,LOT-2511-0201,30-nov-2025 10:07:00,M01,AL7075,USINAGE,SOIR,FOUR_A,50.037,125.591,8.057,305.964,1.208,16.26,30.114,1.693,5.085,67.021,486.5,77.491,14.5163,203.705,18.216,44.22,0
AERO-002054,LOT-2502-0209,07-févr-2025 08:05:00,M06,AL7075,CONTROLE,NUIT,FOUR_B,49.925,124.676,8.054,306.593,1.026,17.791,33.915,1.577,5.534,67.246,369.04,84.224,NaN,200.278,19.431,41.69,0
AERO-002055,LOT-2601-0042,20-janv-2026 11:44:00,M06,AL7075,USINAGE,MATIN,FOUR_A,50.054,125.152,8.071,300.517,1.236,16.943,36.629,2.505,6.27,81.534,290.82,72.516,15.1215,212.309,NaN,50.44,1
AERO-002056,LOT-2602-0112,07-févr-2026 18:04:00,M02,INCONEL718,TRAITEMENT,MATIN,FOUR_C,49.972,125.197,8.034,319.062,0.952,13.83,33.248,1.707,6.076,68.163,389.74,69.025,14.5769,267.308,19.188,39.41,0
AERO-002057,LOT-2503-0217,29-mars-2025 06:33:00,M02,AL7075,CONTROLE,NUIT,FOUR_C,50.338,125.23,8.008,312.56,1.371,15.092,32.665,1.072,3.799,67.99,429.31,71.133,14.3037,195.72,20.051,40.39,1
AERO-002058,LOT-2501-0075,07-janv-2025 01:07:00,M05,AL7075,USINAGE,MATIN,FOUR_A,50.142,124.773,NaN,300.614,1.346,14.653,33.132,1.109,4.273,65.383,425.77,78.19,14.6887,194.865,19.647,42.09,0
AERO-002059,LOT-2601-0116,08-janv-2026 09:11:00,M01,AL7075,TRAITEMENT,SOIR,FOUR_C,50.105,125.354,7.967,303.2,1.061,24.309,45.401,2.469,7.122,70.796,384.75,82.449,14.8239,206.229,20.588,46.69,1
AERO-002060,LOT-2506-0100,28-juin-2025 09:48:00,M04,INCONEL718,TRAITEMENT,MATIN,FOUR_C,50.043,125.052,7.872,319.052,1.308,19.436,35.123,1.797,5.996,70.369,367.43,76.791,14.4111,258.338,16.674,44.57,0
AERO-002061,LOT-2511-0147,23-nov-2025 20:30:00,M06,AL7075,CONTROLE,MATIN,FOUR_A,50.062,124.781,8.012,305.912,1.216,20.002,33.913,1.832,5.914,71.711,399.33,76.237,14.474,208.395,20.539,33.12,0
AERO-002062,LOT-2512-0127,04-déc-2025 12:34:00,M01,TI6AL4V,CONTROLE,SOIR,FOUR_C,50.143,125.382,8.096,313.476,1.232,24.349,34.032,1.374,5.561,69.055,429.64,76.8,14.2591,220.768,20.177,49.9,0
AERO-002063,LOT-2601-0085,15-janv-2026 20:11:00,M05,AL7075,TRAITEMENT,SOIR,FOUR_A,49.942,124.932,8.083,304.257,1.029,18.515,36.67,2.037,6.311,70.93,404.28,76.754,14.5983,206.514,19.494,45.89,0
AERO-002064,LOT-2501-0198,02-janv-2025 23:43:00,M02,INCONEL718,USINAGE,MATIN,FOUR_A,50.075,125.166,7.877,322.295,1.375,23.566,34.576,1.089,4.426,64.931,425.86,72.949,14.7847,255.793,18.621,24.4,0
AERO-002065,LOT-2512-0083,26-déc-2025 05:44:00,M06,AL7075,USINAGE,SOIR,FOUR_C,50.033,124.793,7.944,302.383,1.445,21.59,36.267,2.291,5.49,84.321,237.77,63.637,15.6108,209.136,19.449,51.7,1
AERO-002066,LOT-2506-0005,15-juin-2025 08:47:00,M01,INCONEL718,CONTROLE,SOIR,FOUR_B,50.262,125.211,7.954,321.949,1.466,16.141,31.574,1.619,5.351,69.574,404.02,73.292,14.5379,265.099,18.399,39.4,0
AERO-002067,LOT-2505-0049,16-mai-2025 04:57:00,M06,TI6AL4V,TRAITEMENT,NUIT,FOUR_D,49.905,124.843,7.936,313.506,1.662,23.798,33.518,1.868,6.297,67.014,422.08,77.927,14.6815,230.198,16.227,50.64,0
AERO-002068,LOT-2512-0151,20-déc-2025 17:05:00,M06,AL7075,CONTROLE,NUIT,FOUR_D,49.565,125.147,8.007,308.315,1.044,10.464,37.996,2.11,6.512,71.331,454.01,78.12,14.1372,190.68,19.955,22.53,0
AERO-002069,LOT-2502-0239,22-févr-2025 16:28:00,M02,AL7075,TRAITEMENT,MATIN,FOUR_B,49.937,125.333,7.937,300.993,2.264,16.878,30.237,1.689,6.004,65.89,430.77,86.145,14.1405,208.784,16.774,44.39,1
AERO-002027,LOT-2601-0169,15-janv-2026 01:45:00,M04,AL7075,TRAITEMENT,NUIT,FOUR_C,50.195,124.761,7.946,299.255,1.158,20.685,30.144,1.454,5.078,67.792,394.77,76.64,14.3451,209.974,20.185,33.66,0
AERO-002071,LOT-2502-0048,23-févr-2025 18:46:00,M01,AL7075,USINAGE,SOIR,FOUR_A,50.163,123.903,8.044,305.994,1.051,26.964,31.899,1.516,5.06,66.063,349.75,80.45,14.2336,206.009,18.281,49.01,1
AERO-002072,LOT-2505-0222,03-mai-2025 07:35:00,M05,INCONEL718,CONTROLE,NUIT,FOUR_D,50.224,126.52,8.089,322.369,1.217,36.586,35.774,1.787,5.575,67.327,402.29,80.316,14.8132,247.415,20.851,41.04,1
AERO-002073,LOT-2502-0135,21-févr-2025 15:59:00,M05,TI6AL4V,USINAGE,NUIT,FOUR_D,50.34,124.962,7.909,316.148,1.145,12.904,35.975,1.717,5.96,70.332,407.55,75.846,14.3611,229.157,19.029,49.43,0
AERO-002074,LOT-2509-0085,15-sept-2025 14:45:00,M01,TI6AL4V,TRAITEMENT,SOIR,FOUR_A,50.059,124.779,8.055,312.985,1.292,17.685,34.3,1.248,5.065,70.78,432.02,74.17,14.537,224.102,18.568,42.35,0
AERO-002075,LOT-2509-0180,10-sept-2025 12:10:00,M01,AL7075,USINAGE,NUIT,FOUR_A,49.519,126.727,7.997,299.156,0.968,36.597,33.938,1.715,5.51,67.839,410.1,80.802,14.3707,202.876,NaN,NaN,1
AERO-002076,LOT-2506-0003,28-juin-2025 14:16:00,M02,AL7075,USINAGE,SOIR,FOUR_A,50.19,124.915,7.988,303.22,1.112,23.763,33.704,1.749,5.636,69.871,475.52,77.867,14.4764,209.214,19.513,37.65,0
AERO-002077,LOT-2509-0040,20-sept-2025 01:06:00,M01,AL7075,TRAITEMENT,MATIN,FOUR_C,50.081,124.96,8.03,301.054,1.295,20.063,34.802,1.602,5.082,64.269,430.82,77.938,14.5576,202.012,17.095,29.24,0
AERO-002078,LOT-2510-0003,29-oct-2025 08:25:00,M03,INCONEL718,CONTROLE,MATIN,FOUR_A,50.004,124.543,7.78,321.409,1.116,17.562,35.314,1.148,4.447,64.625,375.68,74.345,14.5324,252.436,19.035,51.81,0
AERO-002079,LOT-2601-0030,14-janv-2026 08:16:00,M01,INCONEL718,TRAITEMENT,MATIN,FOUR_B,50.009,124.335,8.031,319.567,1.162,19.72,35.416,1.7,5.697,64.302,418.48,73.608,14.3787,246.803,19.977,39.55,0
AERO-002080,LOT-2509-0168,13-sept-2025 07:52:00,M02,AL7075,CONTROLE,NUIT,FOUR_D,49.254,126.187,7.921,301.977,0.802,43.32,35.715,1.63,6.345,65.582,385.84,83.32,14.4218,210.276,16.874,43.42,1
AERO-002081,LOT-2511-0216,10-nov-2025 20:40:00,M03,INCONEL718,USINAGE,MATIN,FOUR_B,50.532,125.261,8.016,323.169,0.613,15.023,29.997,1.317,4.604,82.508,240.1,57.167,15.4794,257.655,19.718,42.1,1
AERO-002082,LOT-2508-0178,22-août-2025 01:32:00,M06,TI6AL4V,USINAGE,NUIT,FOUR_C,50.176,124.392,8.037,308.092,0.994,15.482,35.125,1.93,5.969,72.1,385.39,80.92,14.2165,238.506,18.519,44.9,0
AERO-002083,LOT-2512-0129,08-déc-2025 21:45:00,M04,TI6AL4V,CONTROLE,MATIN,FOUR_B,50.207,125.128,8.065,314.316,1.295,13.807,32.187,1.028,4.692,67.226,488.74,73.99,14.7239,250.973,16.335,47.69,0
AERO-002084,LOT-2601-0208,11-janv-2026 03:31:00,M02,INCONEL718,USINAGE,MATIN,FOUR_C,49.846,124.681,7.898,320.523,2.358,21.208,35.186,1.208,4.293,67.815,427.68,69.78,14.4418,247.647,16.674,52.48,1
AERO-002085,LOT-2511-0204,04-nov-2025 09:44:00,M01,INCONEL718,USINAGE,SOIR,FOUR_A,50.045,124.68,8.067,321.225,0.98,25.622,28.203,1.715,5.801,69.38,414.86,80.883,14.3525,243.368,20.627,47.35,0
AERO-002086,LOT-2507-0083,18-juil-2025 13:41:00,M04,AL7075,TRAITEMENT,MATIN,FOUR_B,49.896,124.472,7.981,301.21,0.683,24.321,31.815,1.49,5.462,71.03,437.43,82.007,14.6534,206.604,19.248,44.03,0
AERO-002087,LOT-2506-0194,16-juin-2025 22:07:00,M06,AL7075,TRAITEMENT,MATIN,FOUR_A,49.852,125.118,8.101,300.808,1.267,17.37,37.586,1.549,5.652,70.359,439.55,76.373,14.6113,210.901,19.795,53.14,0
AERO-002088,LOT-2503-0108,24-mars-2025 17:56:00,M03,AL7075,CONTROLE,MATIN,FOUR_A,49.954,124.974,8.027,292.302,1.69,18.345,32.318,1.525,4.562,65.166,428.89,72.044,14.5383,204.359,21.44,42.14,1
AERO-002089,LOT-2508-0043,10-août-2025 19:56:00,M05,TI6AL4V,TRAITEMENT,SOIR,FOUR_D,50.018,125.301,8.06,319.649,1.123,16.726,35.434,1.628,5.263,70.431,435.21,82.708,14.489,240.556,18.27,43.21,0
AERO-002090,LOT-2507-0076,17-juil-2025 15:11:00,M05,AL7075,TRAITEMENT,MATIN,FOUR_A,50.007,124.372,7.916,300.084,1.106,12.871,29.808,NaN,4.998,68.854,479.23,76.835,14.2681,202.123,18.033,39.24,0
AERO-002091,LOT-2509-0192,07-sept-2025 07:10:00,M03,AL7075,CONTROLE,SOIR,FOUR_A,50.145,124.896,8.088,296.401,1.037,23.297,35.943,1.137,4.58,63.403,NaN,83.639,14.5489,215.114,17.515,38.86,0
AERO-002092,LOT-2508-0017,08-août-2025 10:47:00,M04,AL7075,TRAITEMENT,NUIT,FOUR_A,50.138,125.146,7.957,301.883,1.038,18.51,32.247,1.386,5.785,69.313,432.7,79.65,14.5336,195.705,19.464,49.68,0
AERO-002093,LOT-2504-0080,20-avr-2025 01:45:00,M02,TI6AL4V,TRAITEMENT,MATIN,FOUR_C,50.127,125.319,8.029,316.733,1.349,25.12,33.951,1.293,4.996,87.916,245.15,58.833,15.2313,225.807,20.437,42.2,1
AERO-002094,LOT-2503-0086,02-mars-2025 04:35:00,M06,TI6AL4V,TRAITEMENT,MATIN,FOUR_B,49.965,124.274,7.955,313.391,1.189,10.715,35.83,1.617,5.593,69.026,453.2,76.074,14.3595,229.688,19.436,52.01,0
AERO-002095,LOT-2501-0082,14-janv-2025 03:25:00,M05,AL7075,CONTROLE,SOIR,FOUR_D,49.957,125.435,8.1,298.699,1.559,21.919,34.23,1.423,5.344,72.925,438.51,74.162,14.3821,169.687,18.641,38.56,1
AERO-002096,LOT-2511-0085,25-nov-2025 11:04:00,M01,AL7075,USINAGE,MATIN,FOUR_B,50.13,124.647,8.017,301.107,1.147,13.479,34.486,1.099,4.462,66.012,461.48,79.603,14.6948,199.251,19.493,49.45,0
AERO-002097,LOT-2602-0203,09-févr-2026 10:38:00,M03,AL7075,CONTROLE,MATIN,FOUR_B,50.443,126.293,8.093,302.925,0.98,28.265,33.926,1.271,4.804,71.855,449.78,81.168,13.8706,202.193,17.246,48.24,1
AERO-002098,LOT-2506-0008,15-juin-2025 01:23:00,M04,AL7075,USINAGE,SOIR,FOUR_D,50.147,125.105,7.915,307.527,1.049,19.796,29.593,1.147,4.402,67.188,361.74,78.614,14.2544,204.91,19.842,47.68,0
AERO-002099,LOT-2506-0058,01-juin-2025 02:35:00,M05,AL7075,TRAITEMENT,NUIT,FOUR_D,50.091,125.154,7.992,302.093,1.269,20.709,28.887,1.92,5.35,71.031,468.54,79.612,14.729,211.916,21.534,42.27,0
AERO-002100,LOT-2504-0232,20-avr-2025 05:16:00,M01,AL7075,USINAGE,MATIN,FOUR_D,50.077,123.911,7.904,299.133,2.186,13.878,33.087,1.057,4.573,69.697,441.4,82.598,14.2638,189.175,14.618,42.29,1
AERO-002101,LOT-2510-0082,21-oct-2025 06:02:00,M03,INCONEL718,USINAGE,SOIR,FOUR_C,49.985,125.128,7.901,319.753,NaN,20.182,34.118,1.661,5.382,68.157,443.5,68.57,14.565,247.359,18.794,47.95,0
AERO-002102,LOT-2506-0221,21-juin-2025 10:18:00,M03,AL7075,USINAGE,MATIN,FOUR_B,50.203,124.867,7.954,301.901,1.037,13.087,33.554,1.278,4.911,70.559,411,78.478,14.1557,194.204,22.383,34.58,0
AERO-002103,LOT-2506-0155,16-juin-2025 02:06:00,M03,AL7075,CONTROLE,SOIR,FOUR_D,49.483,123.804,7.998,305.392,1.265,38.421,31.583,0.974,4.299,68.406,444.07,84.518,14.6557,205.186,19.157,45.9,1
AERO-002104,LOT-2504-0133,03-avr-2025 10:33:00,M05,AL7075,CONTROLE,SOIR,FOUR_C,50.112,125.08,8.021,299.763,1.424,21.354,37.322,1.358,4.605,70.392,401.01,80.989,14.5151,213.188,19.693,60.26,0
AERO-002105,LOT-2503-0199,28-mars-2025 06:44:00,M01,AL7075,USINAGE,MATIN,FOUR_D,50.134,125.079,8.024,302.88,0.764,23.59,37.004,1.475,5.679,64.856,397.25,86.069,14.5653,213.932,21.15,52.85,0
AERO-002106,LOT-2505-0135,08-mai-2025 19:18:00,M03,AL7075,USINAGE,SOIR,FOUR_D,49.846,125.651,8.027,304.352,1.101,12.974,34.061,1.564,6.101,65.405,393.39,80.125,14.1501,188.155,18.429,42.8,0
AERO-002107,LOT-2509-0014,19-sept-2025 16:12:00,M05,AL7075,CONTROLE,NUIT,FOUR_C,49.894,125.012,8.071,301.155,0.716,17.822,44.587,3.67,7.813,67.853,380.76,77.938,14.196,204.708,19.02,50.27,1
AERO-002108,LOT-2503-0168,12-mars-2025 08:22:00,M05,AL7075,TRAITEMENT,MATIN,FOUR_A,50.167,124.278,8.105,308.327,2.192,16.448,36.335,1.791,4.987,67.473,444.38,74.461,13.9415,184.568,17.236,53.04,1
AERO-002109,LOT-2511-0027,04-nov-2025 08:05:00,M03,TI6AL4V,USINAGE,SOIR,FOUR_A,50.114,125.044,7.927,302.049,1.039,12.999,33.372,1.28,5.44,64.112,486.83,74.859,14.4422,223.317,20.196,45.35,0
AERO-002110,LOT-2504-0220,01-avr-2025 01:50:00,M05,AL7075,TRAITEMENT,NUIT,FOUR_C,49.57,124.811,7.97,304.641,1.194,18.531,33.377,1.594,5.287,67.267,375.59,79.292,14.4691,207.074,19.838,46.86,0
AERO-002111,LOT-2501-0043,13-janv-2025 23:49:00,M04,TI6AL4V,USINAGE,SOIR,FOUR_B,49.987,124.904,8.077,312.567,1.175,16.659,32.076,1.172,NaN,71.223,355.06,80.105,14.2808,239.476,18.03,40.86,0
AERO-002112,LOT-2510-0055,20-oct-2025 15:16:00,M02,AL7075,CONTROLE,SOIR,FOUR_C,49.817,125.315,7.963,303.386,1.195,18.168,35.624,1.363,5.601,67.143,428.19,81.62,14.7149,209.76,17.409,55.51,0
AERO-002113,LOT-2511-0179,16-nov-2025 23:59:00,M04,TI6AL4V,USINAGE,MATIN,FOUR_B,49.729,124.906,7.968,315.911,1.374,15.194,30.596,1.5,5.638,69.022,390.62,71.259,14.1046,238.036,20.145,50,0
AERO-002114,LOT-2509-0223,26-sept-2025 10:32:00,M04,AL7075,USINAGE,MATIN,FOUR_A,49.995,124.797,7.909,303.53,1.184,20.974,NaN,1.974,5.803,70.929,444.04,81.75,14.6073,220.567,18.103,42.23,0
AERO-002115,LOT-2503-0197,18-mars-2025 23:13:00,M05,TI6AL4V,CONTROLE,MATIN,FOUR_A,50.095,125.158,8.043,315.282,1.09,18.397,29.639,1.744,5.136,62.62,451.78,74.496,14.6597,242.324,19.256,43.37,0
AERO-002116,LOT-2509-0004,09-sept-2025 23:19:00,M04,AL7075,USINAGE,MATIN,FOUR_A,50.197,125.15,8.069,298.717,1.445,16.914,33.999,1.004,4.445,65.943,401.8,78.98,14.3799,188.856,19.971,46.53,0
AERO-002117,LOT-2502-0087,18-févr-2025 17:51:00,M05,TI6AL4V,USINAGE,NUIT,FOUR_B,49.935,125.196,7.977,313.397,1.088,19.543,33.834,1.42,4.464,65.858,397.94,81.023,14.4577,229.098,18.606,45.65,0
AERO-002118,LOT-2601-0216,22-janv-2026 15:19:00,M02,AL7075,CONTROLE,SOIR,FOUR_C,49.941,124.675,8.021,302.725,1.433,19.44,33.113,1.448,5.426,70.903,442.24,77.332,14.6068,209.215,19.479,48.7,0
AERO-002119,LOT-2506-0174,12-juin-2025 03:37:00,M06,TI6AL4V,TRAITEMENT,NUIT,FOUR_C,50.096,125.32,8.037,316.164,0.865,17.681,34.047,1.542,5.89,71.689,388.61,73.494,14.8258,235.275,20.628,47.37,0
AERO-002120,LOT-2503-0127,12-mars-2025 22:34:00,M05,TI6AL4V,USINAGE,NUIT,FOUR_C,49.935,124.782,8.066,316.436,1.469,18.249,31.157,1.438,4.877,NaN,239.8,53.182,15.2606,239.472,18.032,48,1
AERO-002121,LOT-2509-0231,10-sept-2025 09:55:00,M06,TI6AL4V,TRAITEMENT,MATIN,FOUR_A,49.908,124.903,7.902,311.685,1.8,20.507,31.956,2.109,6.118,64.563,412.53,73.887,14.4444,190.038,18.902,36.57,1
AERO-002122,LOT-2601-0116,13-janv-2026 06:30:00,M05,INCONEL718,USINAGE,MATIN,FOUR_A,50.702,124.578,NaN,318.772,1.172,34.875,37.532,1.819,5.133,69.181,395.21,70.803,14.4025,257.148,20.11,38.87,1
AERO-002123,LOT-2501-0016,13-janv-2025 08:12:00,M03,AL7075,USINAGE,MATIN,FOUR_D,49.97,124.201,7.952,300.694,0.968,21.675,30.795,1.396,5.215,65.58,404.9,81.018,14.528,NaN,17.718,54.56,0
AERO-002124,LOT-2602-0227,22-févr-2026 19:36:00,M06,TI6AL4V,TRAITEMENT,MATIN,FOUR_B,50.015,125.362,7.899,311.113,1.175,21.202,35.833,2.164,4.773,72.151,401.01,71.8,14.2796,NaN,17.66,44.56,0
AERO-002125,LOT-2501-0079,22-janv-2025 14:08:00,M03,INCONEL718,USINAGE,SOIR,FOUR_A,49.521,125.104,8.096,325.402,0.688,20.085,35.417,NaN,5.222,71.425,415.25,77.05,14.764,258.305,20.537,45.15,0
AERO-002126,LOT-2507-0176,17-juil-2025 10:19:00,M05,TI6AL4V,TRAITEMENT,MATIN,FOUR_B,49.725,125.245,8.09,316.073,0.857,15.82,36.816,1.535,4.862,69.991,406.62,75.395,14.4433,233.579,17.896,47.07,0
AERO-002127,LOT-2504-0173,21-avr-2025 18:51:00,M01,AL7075,CONTROLE,MATIN,FOUR_A,50.099,125.753,7.952,301.696,1.023,13.976,28.092,0.962,4.158,71.401,399.51,83.376,14.2121,210.324,19.127,34.79,0
AERO-002128,LOT-2501-0148,22-janv-2025 02:41:00,M04,TI6AL4V,USINAGE,SOIR,FOUR_A,50.061,125.019,7.863,317.412,1.061,19.283,28.297,1.651,4.964,71.623,399.9,79.694,14.7574,220.643,18.244,46.77,0
AERO-002129,LOT-2506-0081,25-juin-2025 12:28:00,M01,AL7075,TRAITEMENT,SOIR,FOUR_D,49.856,125.18,7.938,314.057,1.715,13.253,34.016,0.952,3.757,68.929,360.02,78.099,14.509,177.436,19.156,54.43,1
AERO-002130,LOT-2503-0069,13-mars-2025 05:55:00,M06,TI6AL4V,USINAGE,MATIN,FOUR_C,49.902,124.969,7.937,313.578,0.792,19.062,35.485,1.541,5.386,66.307,487.66,77.092,14.3453,232.058,19.492,47.09,0
AERO-002131,LOT-2506-0173,13-juin-2025 22:27:00,M04,TI6AL4V,TRAITEMENT,MATIN,FOUR_A,49.902,124.825,8.046,318.786,0.719,23.792,32.203,1.173,4.568,64.238,881.51,80.89,14.6498,226.066,21.151,52.98,0
AERO-002132,LOT-2510-0064,21-oct-2025 19:50:00,M02,INCONEL718,USINAGE,SOIR,FOUR_A,49.82,125.561,8.074,323.322,0.895,12.143,34.564,1.226,5.142,63.219,482.59,76.648,14.5325,257.849,18.105,33.13,0
AERO-002133,LOT-2506-0068,08-juin-2025 21:34:00,M05,TI6AL4V,CONTROLE,NUIT,FOUR_B,49.837,124.579,7.964,311.518,1.09,23.552,35.077,1.517,5.87,68.675,441.47,75.258,14.512,222.599,18.99,39.97,0
AERO-002134,LOT-2510-0119,24-oct-2025 14:54:00,M03,TI6AL4V,USINAGE,SOIR,FOUR_C,50.394,125.036,7.938,319.66,0.883,20.077,32.681,1.394,5.75,71.372,402.65,71.927,14.5074,238.073,19.632,32.59,0
AERO-002135,LOT-2512-0056,26-déc-2025 07:34:00,M03,AL7075,CONTROLE,MATIN,FOUR_C,50.076,125.351,7.967,305.689,1.229,22.76,36.8,1.655,5.858,67.493,440.44,76.697,14.6569,202.074,18.926,42.76,0
AERO-002136,LOT-2509-0187,12-sept-2025 02:30:00,M01,AL7075,CONTROLE,NUIT,FOUR_B,49.546,125.613,8.006,301.711,1.266,16.643,50.895,3.65,8.52,67.566,NaN,79.255,14.3605,206.793,17.127,37.26,1
AERO-002137,LOT-2511-0197,05-nov-2025 10:58:00,M02,AL7075,USINAGE,SOIR,FOUR_D,50.061,124.515,7.989,309.096,0.988,20.494,29.806,1.581,5.334,68.988,368.31,77.493,14.3378,191.146,19.757,36.1,0
AERO-002138,LOT-2601-0023,29-janv-2026 21:50:00,M01,INCONEL718,CONTROLE,MATIN,FOUR_A,50.261,124.73,7.972,317.55,0.897,22.878,31.369,1.119,4.437,67.423,421.29,77.276,14.8375,256.704,18.91,43.24,0
AERO-002139,LOT-2502-0074,22-févr-2025 01:32:00,M06,INCONEL718,USINAGE,MATIN,FOUR_B,49.908,124.825,8.049,323.394,1.45,15.63,35.628,2.143,5.733,69.83,424.85,74.973,14.5012,244.545,18.578,49.24,0
AERO-002140,LOT-2506-0108,18-juin-2025 14:40:00,M06,AL7075,USINAGE,SOIR,FOUR_A,49.886,125.266,7.877,304.019,1.064,19.931,38.247,1.786,5.812,74.309,421.36,83.743,14.4843,203.211,17.048,35.09,0
AERO-002141,LOT-2507-0130,12-juil-2025 15:54:00,M02,INCONEL718,USINAGE,NUIT,FOUR_B,49.947,124.321,8.053,323.63,0.828,13.595,34.584,1.552,5.33,65.99,431.84,78.742,14.6127,267.19,NaN,46.58,0
AERO-002142,LOT-2502-0140,15-févr-2025 22:13:00,M01,TI6AL4V,USINAGE,NUIT,FOUR_A,50.132,124.757,7.995,318.018,0.539,19.705,33.227,1.407,4.582,64.999,383.58,76.361,14.7487,232.433,20.099,28.3,0
AERO-002143,LOT-2509-0104,13-sept-2025 19:29:00,M05,AL7075,USINAGE,SOIR,FOUR_B,50.284,125.822,8.098,301.803,1.317,12.735,37.523,1.489,4.398,68.329,516.45,75.315,14.2154,186.999,21.609,51.21,0
AERO-002144,LOT-2601-0164,21-janv-2026 03:01:00,M04,AL7075,CONTROLE,MATIN,FOUR_A,50.038,124.96,8.04,304.992,1.178,16.56,36.208,1.623,4.59,70.906,418.89,82.357,14.5127,206.668,19.468,43.27,0
AERO-002145,LOT-2506-0038,19-juin-2025 04:12:00,M01,AL7075,USINAGE,SOIR,FOUR_A,50.119,125.164,7.788,303.668,0.937,12.068,28.249,1.382,4.482,64.258,501.1,73.293,14.9911,206.67,18.189,31.88,0
AERO-002146,LOT-2507-0123,03-juil-2025 01:02:00,M03,AL7075,CONTROLE,SOIR,FOUR_C,50.133,125.041,8.063,304.509,1.279,22.24,36.453,2.846,8.433,65.956,419.17,78.548,14.4005,206.988,17.767,43.67,1
AERO-002147,LOT-2505-0103,22-mai-2025 19:45:00,M06,TI6AL4V,CONTROLE,SOIR,FOUR_B,49.748,126.259,7.864,313.5,1.11,41.105,38.667,1.47,5.708,64.321,460.46,80.458,14.7175,245.915,20.329,50.69,1
AERO-002148,LOT-2501-0057,19-janv-2025 16:27:00,M06,INCONEL718,CONTROLE,MATIN,FOUR_D,50.148,125.028,7.985,325.628,1.514,16.304,36.62,1.479,4.688,69.913,423.88,73.119,14.5945,257.093,18.762,47.73,0
AERO-002149,LOT-2602-0111,21-févr-2026 13:23:00,M02,TI6AL4V,USINAGE,NUIT,FOUR_B,49.809,126.752,7.993,316.282,1.33,46.831,37.233,1.185,4.617,65.723,405.5,NaN,14.5115,226.446,21.542,35.72,1
AERO-002150,LOT-2501-0037,02-janv-2025 17:54:00,M03,TI6AL4V,CONTROLE,SOIR,FOUR_B,49.914,125.527,7.93,313.497,1.121,13.332,33.255,1.621,5.347,71.508,489.92,76.104,14.4275,237.296,18.38,48.78,0
AERO-002151,LOT-2512-0055,01-déc-2025 11:31:00,M01,AL7075,USINAGE,NUIT,FOUR_C,50.118,125.451,8.139,312.112,2.331,19.209,31.821,1.802,5.893,72.831,507.21,74.535,14.464,174.328,16.812,43.57,1
AERO-002152,LOT-2501-0087,28-janv-2025 21:23:00,M01,TI6AL4V,TRAITEMENT,MATIN,FOUR_C,50.105,124.864,7.907,317.071,1.176,21.359,34.562,1.38,4.954,68.023,469.25,75.145,14.4821,234.225,17.612,32.28,0
AERO-002153,LOT-2504-0105,24-avr-2025 02:49:00,M05,INCONEL718,TRAITEMENT,MATIN,FOUR_C,50.126,124.513,7.907,325.452,0.984,15.697,33.416,1.661,4.853,64.531,395.56,72.184,14.6356,NaN,18.888,38.88,0
AERO-002154,LOT-2502-0224,03-févr-2025 20:13:00,M06,INCONEL718,USINAGE,SOIR,FOUR_C,49.816,124.825,8.043,323.098,1.183,14.81,30.956,1.756,5.387,62.229,426.82,73.922,14.9153,270.349,17.393,35.11,0
AERO-002155,LOT-2512-0105,06-déc-2025 17:55:00,M06,AL7075,TRAITEMENT,NUIT,FOUR_C,50.003,125.187,7.969,302.675,1.04,17.58,36.577,1.768,5.478,74.499,402,79.774,14.2241,196.289,18.196,46.71,0
AERO-002156,LOT-2502-0005,22-févr-2025 12:28:00,M02,AL7075,USINAGE,MATIN,FOUR_B,49.916,125.406,7.903,301.406,1.264,19.675,33.846,1.416,5.522,64.7,411.99,77.128,14.2854,205.871,21.144,32.62,0
AERO-002157,LOT-2512-0144,01-déc-2025 05:33:00,M02,AL7075,USINAGE,NUIT,FOUR_C,49.915,124.795,8.038,305.903,1.225,17.109,32.878,1.085,4.299,66.229,445,76.197,14.594,200.162,19.167,39.6,0
AERO-002158,LOT-2601-0185,27-janv-2026 18:45:00,M01,AL7075,USINAGE,SOIR,FOUR_A,50.053,124.8,8.055,299.381,0.945,16.278,34.226,1.1,4.825,68.381,374.73,84.912,14.3486,221.102,18.603,34.97,0
AERO-002159,LOT-2502-0092,11-févr-2025 20:54:00,M03,INCONEL718,CONTROLE,SOIR,FOUR_A,50.048,125.646,7.967,319.95,1.217,18.887,32.005,1.554,6.065,69.236,487.75,72.212,14.481,251.873,19.715,27.31,0
AERO-002160,LOT-2602-0177,04-févr-2026 10:33:00,M02,TI6AL4V,TRAITEMENT,MATIN,FOUR_D,49.765,124.558,7.989,310.631,1.311,25.467,35.006,1.115,4.773,68.682,369.4,79.014,14.4996,233.889,19.438,40.63,0
AERO-002161,LOT-2602-0213,18-févr-2026 02:33:00,M06,AL7075,USINAGE,NUIT,FOUR_B,49.851,125.103,8.006,304.358,2.68,13.336,37.69,2.088,5.31,72.611,422.39,81.854,NaN,202.427,19.689,39.01,1
AERO-002162,LOT-2507-0211,05-juil-2025 15:50:00,M04,INCONEL718,USINAGE,MATIN,FOUR_B,49.895,124.804,8.087,321.376,1.268,16.534,37.361,1.429,5.15,65.436,457.97,69.473,14.6074,247.935,18.37,53.1,0
AERO-002163,LOT-2509-0196,16-sept-2025 18:17:00,M01,TI6AL4V,USINAGE,MATIN,FOUR_D,50.113,124.352,8.085,316.693,0.708,17.481,32.895,1.511,5.323,64.749,432.19,79.661,14.0036,227.246,18.81,47.61,0
AERO-002164,LOT-2505-0191,10-mai-2025 09:35:00,M04,TI6AL4V,CONTROLE,MATIN,FOUR_A,50.171,124.596,8.141,310.703,1.018,20.762,35.647,1.172,4.776,66.29,396.12,69.807,14.1921,232.093,20.792,38.45,0
AERO-002165,LOT-2602-0164,14-févr-2026 11:02:00,M02,TI6AL4V,CONTROLE,SOIR,FOUR_B,50.041,124.896,8.089,319.245,1.159,9.67,30.315,1.493,5.691,63.85,435.85,79.613,14.6435,250.841,19.805,52.93,0
AERO-002166,LOT-2502-0126,03-févr-2025 04:29:00,M06,AL7075,USINAGE,MATIN,FOUR_A,49.778,125.287,8.134,298.71,1.202,18.08,38.515,1.828,5.832,65.677,415.27,78.917,14.6534,197.08,18.132,36.46,0
AERO-002167,LOT-2502-0207,24-févr-2025 15:57:00,M04,TI6AL4V,USINAGE,MATIN,FOUR_C,49.844,124.045,7.958,311.678,1.179,14.014,28.768,1.43,4.304,68.962,446.45,72.44,14.534,227.642,18.584,43.63,0
AERO-002168,LOT-2506-0071,09-juin-2025 06:13:00,M02,AL7075,CONTROLE,MATIN,FOUR_C,50.083,124.831,7.979,301.158,0.65,16.831,30.41,1.633,4.854,65.764,424.93,80.045,14.4598,205.382,18.644,NaN,0
AERO-002169,LOT-2504-0163,02-avr-2025 04:07:00,M01,INCONEL718,USINAGE,MATIN,FOUR_D,50.296,124.994,8.129,319.212,1.107,17.199,35.095,1.266,5.653,69.135,412.11,77.069,14.7436,260.352,NaN,31.81,0
AERO-002170,LOT-2511-0046,24-nov-2025 15:14:00,M03,AL7075,USINAGE,SOIR,FOUR_D,50.173,124.844,8.021,304.768,1.627,19.479,33.904,1.044,4.774,69.274,343.37,79.065,14.5852,195.672,17.266,48.94,0
AERO-002171,LOT-2503-0186,26-mars-2025 11:00:00,M06,AL7075,CONTROLE,SOIR,FOUR_C,50.076,125.342,7.958,299.857,1.13,10.023,31.946,1.491,5.345,69.049,451.66,84.596,14.1864,205.087,18.426,29.84,0
AERO-002172,LOT-2506-0214,15-juin-2025 15:02:00,M05,AL7075,USINAGE,SOIR,FOUR_B,49.959,125.263,NaN,306.058,0.984,16.854,34.626,1.764,5.972,68.503,418.41,80.178,NaN,198.553,19.483,38.29,0
AERO-002173,LOT-2508-0021,04-août-2025 21:39:00,M02,AL7075,CONTROLE,SOIR,FOUR_B,50.102,125.147,7.889,303.015,1.095,12.98,33.496,1.377,4.933,71.607,472.34,82.594,14.7162,199.959,20.269,47.78,0
AERO-002174,LOT-2501-0136,18-janv-2025 16:21:00,M02,TI6AL4V,CONTROLE,SOIR,FOUR_C,49.862,125.005,8.007,312.967,1.29,14.671,34.441,1.228,5.434,82.498,607.25,69.599,14.788,231.304,20.124,51.62,1
AERO-002175,LOT-2509-0120,14-sept-2025 19:50:00,M01,INCONEL718,USINAGE,MATIN,FOUR_B,49.992,124.798,7.964,317.19,1.105,16.55,32.772,1.356,5.298,70.932,453.49,74.042,14.6631,241.693,20.138,44.9,0
AERO-002176,LOT-2512-0014,02-déc-2025 04:24:00,M01,INCONEL718,USINAGE,NUIT,FOUR_C,49.543,123.976,8.061,323.702,1.474,34.402,35.368,0.739,4.309,67.512,437.23,69.863,14.6472,259.531,18.13,55.64,1
AERO-002177,LOT-2501-0163,26-janv-2025 01:13:00,M05,AL7075,USINAGE,MATIN,FOUR_A,49.844,125.656,7.988,302.411,1.256,16.466,32.195,1.54,4.735,65.6,346.39,81.998,14.3678,205.511,19.235,29.57,0
AERO-002178,LOT-2502-0139,18-févr-2025 07:39:00,M01,TI6AL4V,USINAGE,NUIT,FOUR_B,49.849,124.883,8.026,311.428,1.046,19.048,36.761,0.952,4.638,63.874,360.89,71.279,14.4918,230.723,21.994,59.2,0
AERO-002179,LOT-2511-0173,15-nov-2025 17:38:00,M05,AL7075,CONTROLE,SOIR,FOUR_C,50.292,124.684,7.989,300.975,1.274,17.582,50.471,3.348,9.894,68.712,452.99,84.512,14.7942,211.34,20.197,41.7,1
AERO-002180,LOT-2511-0183,29-nov-2025 12:15:00,M06,AL7075,USINAGE,MATIN,FOUR_D,49.944,124.257,8.004,299.446,0.976,23.755,36.199,2.005,5.934,71.099,451.47,82.067,14.2904,205.283,18.484,43.31,0
AERO-002181,LOT-2509-0163,05-sept-2025 15:39:00,M03,AL7075,TRAITEMENT,SOIR,FOUR_A,50.036,124.823,8,304.159,1.292,16.458,35.764,1.659,5.33,68.488,377.39,78.5,14.3858,211.854,19.016,41.82,0
AERO-002182,LOT-2601-0122,15-janv-2026 06:59:00,M01,AL7075,TRAITEMENT,MATIN,FOUR_B,49.729,125.159,8.065,302.603,0.944,16.679,34.003,1.61,5.018,69.483,426.67,80.924,14.7528,209.675,17.132,31.45,0
AERO-002183,LOT-2504-0153,20-avr-2025 03:49:00,M04,INCONEL718,CONTROLE,NUIT,FOUR_A,50.084,124.422,8.114,321.288,1.319,7.742,28.33,1.557,4.539,70.829,400.35,75.488,14.7219,267.148,19.483,50,0
AERO-002184,LOT-2503-0154,12-mars-2025 11:38:00,M05,INCONEL718,USINAGE,NUIT,FOUR_C,50.014,124.712,8.047,319.812,1.442,18.356,33.03,1.103,4.005,67.094,490.54,78.879,14.6562,245.425,19.072,46.03,0
AERO-002185,LOT-2602-0088,08-févr-2026 23:12:00,M06,AL7075,USINAGE,SOIR,FOUR_C,50.071,124.681,8.044,302.178,1.328,23.971,35.295,2.428,6.258,69.489,381.9,72.547,14.6906,191.172,18.542,51.15,0
AERO-002186,LOT-2601-0136,20-janv-2026 16:58:00,M03,AL7075,USINAGE,MATIN,FOUR_A,50.051,124.978,8.056,303.835,1.394,18.734,36.241,1.571,5.446,81.646,484.7,69.671,15.3769,194.117,19.771,44.46,1
AERO-002187,LOT-2509-0227,07-sept-2025 02:25:00,M01,TI6AL4V,CONTROLE,MATIN,FOUR_A,50.071,124.788,7.981,310.943,1.193,21.813,38.368,1.33,4.271,65.52,427.18,72.243,14.9244,233.692,20.155,49.73,0
AERO-002188,LOT-2501-0086,28-janv-2025 01:19:00,M03,TI6AL4V,USINAGE,MATIN,FOUR_D,49.694,126.55,8.051,315.785,1.144,32.724,34.438,1.455,5.23,65.055,477.13,79.254,14.9419,238.3,17.312,46.85,1
AERO-002189,LOT-2501-0198,10-janv-2025 08:57:00,M05,TI6AL4V,TRAITEMENT,SOIR,FOUR_A,49.719,125.217,7.873,314.999,1.054,26.717,29.483,1.634,NaN,64.126,405.38,76.165,14.5453,231.922,18.717,52.04,0
AERO-002190,LOT-2602-0024,21-févr-2026 18:54:00,M01,TI6AL4V,USINAGE,NUIT,FOUR_A,49.877,125.034,8.07,315.412,0.813,14.198,33.691,1.426,5.134,69.44,421.67,73.302,14.3099,231.021,16.435,46.41,0
AERO-002191,LOT-2601-0198,22-janv-2026 13:05:00,M03,AL7075,USINAGE,MATIN,FOUR_B,49.8,124.021,7.981,305.309,1.196,22.138,34.274,1.34,4.923,66.488,445.84,84.228,NaN,188.122,18.769,48.59,0
AERO-002192,LOT-2601-0024,09-janv-2026 11:21:00,M05,TI6AL4V,CONTROLE,MATIN,FOUR_B,50.219,126.04,8.06,316.042,1.231,19.025,36.052,1.945,5.787,70.621,433.67,81.184,14.6383,244.099,22.059,65.86,0
AERO-002193,LOT-2601-0099,06-janv-2026 22:46:00,M02,AL7075,USINAGE,MATIN,FOUR_C,49.755,125.142,8.033,300.704,1.187,18.953,33.253,1.89,NaN,67.578,420.52,82.401,14.4408,200.567,17.727,38.01,0
AERO-002194,LOT-2602-0207,26-févr-2026 05:04:00,M01,TI6AL4V,CONTROLE,NUIT,FOUR_C,50.139,125.712,8.067,313.524,1.219,20.696,31.368,1.183,4.479,61.223,386.29,69.962,14.4032,240.915,17.138,46.07,0
AERO-002195,LOT-2511-0238,26-nov-2025 05:44:00,M04,AL7075,USINAGE,SOIR,FOUR_B,49.684,124.762,8.067,305.718,1.088,21.407,34.428,1.364,4.98,65.942,433.21,83.512,14.3955,210.829,19.927,65.39,0
AERO-002196,LOT-2508-0005,13-août-2025 06:50:00,M03,AL7075,TRAITEMENT,MATIN,FOUR_B,50.101,125.121,8.069,305.436,2.368,16.918,34.529,1.794,5.619,67.069,NaN,81.163,14.3972,207.522,17.349,44.42,1
AERO-002197,LOT-2602-0186,18-févr-2026 20:54:00,M02,INCONEL718,TRAITEMENT,MATIN,FOUR_B,49.89,125.593,7.979,320.611,1.117,19.48,32.559,0.801,4.966,65.989,433.89,71.391,14.5235,263.951,18.184,33.33,0
AERO-002198,LOT-2512-0059,04-déc-2025 19:28:00,M01,AL7075,CONTROLE,SOIR,FOUR_B,49.902,125.439,7.98,302.197,0.972,26.08,31.263,2.044,6.091,66.239,454.66,85.532,14.5958,209.608,18.192,33.65,0
AERO-002199,LOT-2506-0133,09-juin-2025 01:47:00,M01,AL7075,TRAITEMENT,SOIR,FOUR_A,50.13,124.626,7.964,306.638,1.243,17.866,36.673,1.73,5.624,70.938,442.26,80.8,14.3885,201.573,17.232,36.81,0
AERO-002200,LOT-2510-0204,06-oct-2025 09:39:00,M02,TI6AL4V,CONTROLE,MATIN,FOUR_A,49.767,124.682,7.954,312.244,1.075,24.393,33.601,0.859,4.435,66.668,372.11,79.547,14.1431,233.429,19.858,50.68,0
AERO-002201,LOT-2508-0214,27-août-2025 01:38:00,M06,AL7075,USINAGE,MATIN,FOUR_A,50.004,124.692,8.014,303.688,1.277,22.755,33.208,1.751,5.209,76.475,638.95,66.999,15.1394,209.235,18.678,46.96,1
AERO-002202,LOT-2512-0078,02-déc-2025 00:48:00,M02,AL7075,CONTROLE,MATIN,FOUR_A,49.878,125.107,8.077,294.905,1.077,14.95,37.008,1.343,5.32,63.121,479.99,78.917,14.5315,NaN,16.427,58.23,0
AERO-002203,LOT-2601-0002,30-janv-2026 13:45:00,M06,INCONEL718,USINAGE,NUIT,FOUR_B,49.9,124.962,8.047,327.08,1.05,18.202,33.363,2.085,5.597,72.373,361.21,73.148,14.6275,253.667,17.42,65.03,0
AERO-002204,LOT-2602-0167,04-févr-2026 04:07:00,M01,AL7075,CONTROLE,MATIN,FOUR_A,49.844,125.119,7.882,301.818,1.09,18.696,36.164,1.448,4.738,65.675,454.64,84.714,14.919,191.936,17.032,42.49,0
AERO-002205,LOT-2512-0201,27-déc-2025 17:01:00,M02,AL7075,TRAITEMENT,SOIR,FOUR_B,49.92,125.107,8.07,301.949,1.273,22.908,34.787,1.147,4.909,64.003,372.76,82.549,14.5511,205.661,19.139,58.68,0
AERO-002206,LOT-2601-0112,19-janv-2026 05:47:00,M05,TI6AL4V,USINAGE,SOIR,FOUR_C,49.92,125.784,7.912,316.404,0.999,19.376,38.617,1.75,5.245,70.144,408.58,75.178,14.0851,233.84,18.16,42.45,0
AERO-002207,LOT-2511-0238,20-nov-2025 13:18:00,M06,INCONEL718,CONTROLE,MATIN,FOUR_C,49.981,124.942,8.125,318.9,1.052,NaN,40.931,1.488,4.363,70.306,NaN,71.507,14.9164,255.39,19.177,22.85,0
AERO-002208,LOT-2506-0097,16-juin-2025 03:09:00,M03,AL7075,CONTROLE,MATIN,FOUR_D,50.022,124.636,8.12,301.19,0.974,19.837,37.801,1.518,5.337,70.794,473.58,88.059,14.4624,184.076,17.548,43.63,0
AERO-002209,LOT-2504-0195,23-avr-2025 00:17:00,M04,AL7075,TRAITEMENT,SOIR,FOUR_D,50.122,125.971,7.939,302.203,0.65,24.428,34.843,1.523,5.026,68.439,410.35,79.085,14.2432,199.206,19.462,47.66,0
AERO-002210,LOT-2508-0225,07-août-2025 03:29:00,M01,TI6AL4V,TRAITEMENT,MATIN,FOUR_A,49.93,125.652,7.924,315.115,1.058,22.111,34.958,1.594,6.042,76.786,559.21,65.918,14.9216,225.026,18.611,53.33,1
AERO-002211,LOT-2507-0179,17-juil-2025 10:07:00,M01,AL7075,USINAGE,MATIN,FOUR_B,49.977,125.121,8.077,303.785,1.067,27.002,33.038,1.222,4.557,68.676,426.82,77.673,14.2842,195.869,19.133,42.01,0
AERO-002212,LOT-2502-0102,09-févr-2025 01:51:00,M02,AL7075,CONTROLE,NUIT,FOUR_A,50.12,124.917,7.928,306.673,1.054,28.16,38.124,1.066,4.48,68.257,424.37,84.468,14.2916,198.743,NaN,52.85,0
AERO-002213,LOT-2506-0129,10-juin-2025 05:36:00,M04,TI6AL4V,CONTROLE,MATIN,FOUR_D,50.131,124.872,8.041,314.838,1.167,17.234,34.17,1.457,5.241,70.231,463.92,71.382,14.6078,240.299,18.771,31.49,0
AERO-002214,LOT-2502-0086,05-févr-2025 15:13:00,M02,AL7075,CONTROLE,MATIN,FOUR_C,49.869,125.179,8.078,304.582,1.179,13.578,36.896,1.203,5.331,67.72,445.56,72.904,14.2329,207.905,18.232,41.84,0
AERO-002215,LOT-2502-0194,18-févr-2025 16:00:00,M04,AL7075,USINAGE,MATIN,FOUR_B,50.312,124.702,7.995,303.04,1.286,25.461,34.062,0.828,3.607,73.49,401.89,85.509,14.6634,185.646,18.656,46.22,0
AERO-002216,LOT-2602-0168,03-févr-2026 20:32:00,M01,AL7075,TRAITEMENT,NUIT,FOUR_B,50.687,123.719,8.001,306.297,1.485,46.762,38.394,1.045,4.227,68.082,386.43,80.201,14.3123,212.464,18.168,42.66,1
AERO-002217,LOT-2505-0070,01-mai-2025 19:07:00,M02,TI6AL4V,CONTROLE,NUIT,FOUR_C,50.155,125.418,8.07,319.651,1.56,15.492,33.364,1.301,5.645,65.06,450.19,64.774,14.4832,213.77,19.118,41.37,1
AERO-002218,LOT-2511-0227,23-nov-2025 11:10:00,M05,INCONEL718,USINAGE,SOIR,FOUR_D,49.896,124.961,8.05,321.263,2.78,25.455,39.49,1.603,4.809,67.253,452.78,72.513,14.8201,258.678,22.299,41.67,1
AERO-002219,LOT-2511-0193,30-nov-2025 05:40:00,M05,AL7075,USINAGE,SOIR,FOUR_B,49.812,125.44,8.027,299.62,2.57,18.207,34.875,1.601,4.873,69.604,384.03,76.059,14.0837,214.417,16.608,33.2,1
AERO-002220,LOT-2508-0143,07-août-2025 09:25:00,M04,TI6AL4V,USINAGE,NUIT,FOUR_A,49.851,125.494,7.993,310.665,1.035,15.624,31.662,1.204,4.046,67.72,402.88,77.253,14.5514,233.867,18.461,37.66,0
AERO-002221,LOT-2506-0163,25-juin-2025 05:43:00,M03,TI6AL4V,USINAGE,NUIT,FOUR_A,50.339,125.332,8.032,312.723,1.402,19.373,34.706,1.281,4.68,76.775,274.3,56.862,14.908,242.207,20.521,55.74,1
AERO-002222,LOT-2510-0218,14-oct-2025 13:40:00,M06,AL7075,TRAITEMENT,SOIR,FOUR_B,49.916,125.299,7.991,299.381,1.203,18.973,37.263,1.47,4.958,69.191,424.94,86.352,14.7578,207.275,19.113,42.55,0
AERO-002223,LOT-2511-0208,18-nov-2025 17:21:00,M04,AL7075,CONTROLE,NUIT,FOUR_B,50.129,125.157,7.959,303.08,1.085,21.272,36.278,1.24,5.07,73.755,503.15,71.294,14.9948,NaN,18.753,50.52,1
AERO-002224,LOT-2508-0150,17-août-2025 17:08:00,M04,AL7075,CONTROLE,MATIN,FOUR_B,50.071,125.361,8.102,299.731,0.837,20.978,35.243,1.057,5.233,68.395,445.27,85.239,14.7794,208.018,19.244,57.72,0
AERO-002225,LOT-2509-0099,13-sept-2025 11:29:00,M06,AL7075,USINAGE,MATIN,FOUR_A,49.998,125.087,8.03,294.893,1.879,19.344,36.776,2.235,5.393,67.22,308.33,70.838,14.1306,173.945,19.485,37.04,1
AERO-002226,LOT-2603-0147,02-mars-2026 01:12:00,M05,AL7075,USINAGE,SOIR,FOUR_C,50.012,125.163,7.988,303.5,0.881,13.21,44.482,3.089,8.168,73.55,425.52,78.947,14.4683,203.2,21.13,42.22,1
AERO-002227,LOT-2511-0186,28-nov-2025 16:31:00,M02,TI6AL4V,USINAGE,MATIN,FOUR_C,50.132,125.455,7.995,317.253,2.324,21.925,31.011,0.832,4.773,73.539,385.61,78.219,14.4773,234.135,20.122,50.69,1
AERO-002228,LOT-2507-0048,15-juil-2025 21:41:00,M06,AL7075,USINAGE,NUIT,FOUR_B,49.765,125.47,8.003,304.982,1.538,NaN,35.689,1.423,5.809,72.746,394.91,82.485,14.3395,206.98,20.61,37.05,0
AERO-002229,LOT-2601-0055,07-janv-2026 03:17:00,M05,AL7075,TRAITEMENT,MATIN,FOUR_D,49.79,124.691,8.021,298.793,1.04,22.203,35.221,1.781,5.621,69.213,385.28,81.355,14.6699,200.697,19.226,41.43,0
AERO-002230,LOT-2502-0014,04-févr-2025 21:38:00,M01,INCONEL718,CONTROLE,SOIR,FOUR_D,50.09,125.382,7.916,319.507,1.046,10.619,35.809,1.73,5.448,68.287,442.83,74.506,14.5323,268.617,18.017,59.81,0
AERO-001837,LOT-2601-0019,20-janv-2026 14:54:00,M02,AL7075,TRAITEMENT,SOIR,FOUR_D,49.867,124.149,7.943,305.796,0.724,13.988,31.453,1.387,5.432,69.121,404.3,78.728,14.4875,204.426,18.456,37.81,0
AERO-002232,LOT-2506-0178,09-juin-2025 10:03:00,M04,TI6AL4V,CONTROLE,SOIR,FOUR_C,49.915,126.239,8.067,310.336,1.347,18.109,35.086,1.471,4.79,64.575,435.91,75.72,14.5055,234.302,22.226,NaN,0
AERO-002233,LOT-2509-0043,29-sept-2025 02:56:00,M01,AL7075,TRAITEMENT,SOIR,FOUR_B,49.948,124.771,7.976,303.945,0.915,18.897,33.337,0.917,3.914,72.007,369.51,81.088,14.4628,218.168,19.377,41.17,0
AERO-002234,LOT-2503-0109,02-mars-2025 23:17:00,M02,INCONEL718,TRAITEMENT,MATIN,FOUR_B,50.226,124.844,8.028,321.919,0.987,20.313,33.074,1.256,5.754,70.752,432.62,82.448,14.8727,253.815,18.761,40.67,0
AERO-002235,LOT-2501-0117,28-janv-2025 22:51:00,M06,AL7075,USINAGE,MATIN,FOUR_B,49.949,125.181,NaN,302.976,1.049,20.757,30.166,1.687,5.263,61.572,360.52,80.535,14.6988,212.649,19.946,54.98,0
AERO-002236,LOT-2508-0168,16-août-2025 01:18:00,M04,AL7075,USINAGE,MATIN,FOUR_B,49.83,124.804,8.013,302.147,1.299,17.77,31.714,1.362,4.475,66.906,453.29,79.799,14.5811,185.812,20.501,63.42,0
AERO-002237,LOT-2511-0030,02-nov-2025 16:23:00,M05,TI6AL4V,USINAGE,SOIR,FOUR_B,50.13,124.66,8.119,318.782,1.182,22.512,36.05,1.859,5.784,68.274,412.43,80.814,14.5663,237.759,19.944,36.51,0
AERO-002238,LOT-2503-0127,28-mars-2025 12:51:00,M04,AL7075,USINAGE,MATIN,FOUR_B,49.831,124.8,7.938,306.486,0.996,17.944,45.566,3.683,6.86,70.2,443.88,78.714,14.2279,204.543,18.325,51.52,1
AERO-002239,LOT-2511-0104,07-nov-2025 08:59:00,M06,AL7075,CONTROLE,MATIN,FOUR_C,49.842,125.16,7.978,292.197,1.95,13.725,39.175,1.856,6.196,68.572,463.02,65.922,13.9962,170.433,18.905,42.15,1
AERO-002240,LOT-2508-0003,19-août-2025 15:14:00,M04,AL7075,USINAGE,MATIN,FOUR_C,49.96,125.229,8.025,299.274,1.554,17.659,36.015,1.13,4.282,69.869,483.69,69.425,14.7048,179.253,21.231,42.99,1
AERO-002241,LOT-2508-0050,24-août-2025 10:38:00,M05,AL7075,CONTROLE,MATIN,FOUR_B,49.824,124.824,7.997,304.988,1.216,13.537,43.029,2.757,7.024,68.847,510.71,76.546,14.3696,212.61,20.097,37.59,1
AERO-002242,LOT-2512-0151,12-déc-2025 23:07:00,M06,AL7075,USINAGE,SOIR,FOUR_A,49.945,124.802,8.005,304.387,1.166,23.845,33.671,1.881,5.403,66.297,369.35,81.085,14.112,199.489,20.413,44.38,0
AERO-002243,LOT-2508-0088,08-août-2025 07:14:00,M03,AL7075,USINAGE,NUIT,FOUR_B,49.795,125.214,8.052,306.98,1.104,18.537,34.304,1.452,4.854,70.888,506.75,77.711,14.2863,215.913,21.398,48.12,0
AERO-002244,LOT-2601-0144,24-janv-2026 12:36:00,M03,AL7075,USINAGE,NUIT,FOUR_C,50.228,125.063,7.947,298.182,1.186,17.291,32.192,1.543,5.126,70.213,461.58,77.306,14.1926,204.521,17.714,47.75,0
AERO-002245,LOT-2502-0164,12-févr-2025 09:00:00,M03,TI6AL4V,CONTROLE,MATIN,FOUR_C,50.026,124.968,7.942,313.941,2.925,21.9,31.856,1.235,4.639,69.752,447.27,70.662,14.4604,240.621,24.602,38.14,1
AERO-002246,LOT-2602-0140,16-févr-2026 10:42:00,M01,AL7075,TRAITEMENT,MATIN,FOUR_B,50.246,125.152,7.969,305.53,1.105,15.932,35.385,1.341,4.697,67.327,436.46,77.471,14.3608,186.516,18.483,45.98,0
AERO-002247,LOT-2509-0167,04-sept-2025 15:39:00,M05,TI6AL4V,CONTROLE,MATIN,FOUR_A,49.822,124.527,7.89,314.702,1.353,20.113,34.123,1.557,5.895,68.915,396.15,74.455,14.4443,240.109,18.449,36.9,0
AERO-002248,LOT-2506-0082,22-juin-2025 03:29:00,M05,INCONEL718,USINAGE,SOIR,FOUR_A,50.113,124.741,8.08,321.734,0.879,17.354,31.235,2.052,6.39,72.907,407.95,70.161,14.8747,263.892,18.826,59.78,0
AERO-002249,LOT-2601-0226,03-janv-2026 18:18:00,M04,AL7075,CONTROLE,MATIN,FOUR_B,49.422,124.025,7.827,297.462,1.308,39.566,35.014,0.842,4.668,67.073,352.35,81.097,14.0841,195.626,18.784,50.38,1
AERO-002250,LOT-2601-0093,20-janv-2026 06:25:00,M06,INCONEL718,TRAITEMENT,MATIN,FOUR_A,50.184,124.504,7.982,325.019,0.854,16.07,37.169,2.106,6.779,73.407,470.17,80.805,14.368,246.002,18.41,42.59,0
AERO-002251,LOT-2503-0077,17-mars-2025 23:15:00,M05,AL7075,TRAITEMENT,SOIR,FOUR_A,50.116,125.19,8.085,296.16,1.129,21.112,35.437,2.035,6.585,68.985,416.45,80.952,14.6211,192.414,21.68,45.8,0
AERO-002252,LOT-2512-0042,13-déc-2025 20:04:00,M01,TI6AL4V,TRAITEMENT,SOIR,FOUR_C,50.243,124.987,7.95,314.374,1.396,19.002,28.874,1.52,4.947,70.486,369.54,79.309,14.5641,221.658,17.052,29.77,0
AERO-002253,LOT-2511-0033,12-nov-2025 21:38:00,M02,AL7075,CONTROLE,MATIN,FOUR_B,49.901,124.943,8.034,299.556,1.079,13.171,32.283,1.11,4.7,66.95,374.46,76.451,14.406,201.253,18.321,39.6,0
AERO-002254,LOT-2502-0054,13-févr-2025 13:42:00,M06,AL7075,TRAITEMENT,MATIN,FOUR_C,49.757,124.857,7.971,304.863,1.399,17.494,36.44,1.436,4.827,71.613,465.01,81.335,14.5294,212.8,15.997,47.32,0
AERO-002255,LOT-2502-0224,03-févr-2025 17:56:00,M03,TI6AL4V,USINAGE,SOIR,FOUR_A,50.03,125.21,7.965,313.593,1.132,15.236,34.7,1.268,4.272,66.719,400.8,75.418,14.1494,233.212,20.454,48.08,0
AERO-002256,LOT-2512-0019,23-déc-2025 00:56:00,M03,INCONEL718,USINAGE,MATIN,FOUR_C,49.918,124.946,7.979,324.596,1.131,19.406,30.484,1.161,4.872,66.701,406.61,75.694,14.5684,252.976,17.064,48.67,0
AERO-002257,LOT-2506-0132,21-juin-2025 04:06:00,M04,AL7075,USINAGE,SOIR,FOUR_D,49.913,125.12,7.853,304.851,1.123,13.981,37.028,0.891,4.316,68.892,412.51,81.382,14.3648,202.928,19.264,51.07,0
AERO-002258,LOT-2512-0004,28-déc-2025 13:53:00,M01,TI6AL4V,CONTROLE,NUIT,FOUR_A,50.062,124.692,7.986,312.074,1.145,21.583,35.849,1.427,4.944,70.876,417.24,77.694,14.4077,239.247,20.877,47.59,0
AERO-002259,LOT-2504-0193,04-avr-2025 13:54:00,M05,INCONEL718,USINAGE,MATIN,FOUR_A,49.818,125.288,7.959,322.303,0.952,17.813,33.192,1.518,5.34,66.114,430.59,74.255,14.5365,251.739,19.081,41.54,0
AERO-002260,LOT-2507-0146,03-juil-2025 06:23:00,M06,AL7075,USINAGE,SOIR,FOUR_C,49.918,124.904,7.918,305.02,0.818,12.021,35.399,1.972,5.662,65.987,433.29,79.312,14.6914,209.632,19.334,54.74,0
AERO-002261,LOT-2506-0202,06-juin-2025 18:24:00,M04,TI6AL4V,USINAGE,MATIN,FOUR_B,50.16,125.303,8.143,309.414,1.172,14.873,33.161,0.952,3.818,68.525,457.71,77.475,14.5278,234.649,17.746,35.79,0
AERO-002262,LOT-2506-0207,20-juin-2025 23:49:00,M01,TI6AL4V,USINAGE,MATIN,FOUR_A,50.141,124.85,7.996,314.841,1.205,16.445,36.104,1.343,4.671,68.344,337.12,NaN,14.285,227.381,19.438,35.14,0
AERO-002263,LOT-2508-0075,11-août-2025 18:07:00,M05,AL7075,USINAGE,SOIR,FOUR_C,50.042,125.273,8.006,303.125,1.093,12.663,39.283,1.501,5.108,69.676,384.33,79.591,14.4783,197.295,18.956,47.45,0
AERO-002264,LOT-2507-0161,10-juil-2025 10:49:00,M04,INCONEL718,TRAITEMENT,SOIR,FOUR_A,49.936,125.223,8.056,332.869,1.017,12.88,33.63,1.301,5.522,68.753,446.2,71.295,14.4897,238.444,18.698,41.34,1
AERO-002265,LOT-2602-0020,10-févr-2026 20:56:00,M02,AL7075,CONTROLE,NUIT,FOUR_A,49.916,124.844,7.957,306.994,1.124,14.265,44.422,3.291,8.854,64.22,408.41,78.272,14.4628,198.826,21.396,29.67,1
AERO-002266,LOT-2510-0058,02-oct-2025 02:04:00,M02,INCONEL718,CONTROLE,MATIN,FOUR_A,50.023,124.874,8.062,325.024,0.891,28.274,30.965,1.344,4.971,64.993,395.64,80.227,14.2213,254.574,20.074,60.01,0
AERO-002267,LOT-2505-0101,19-mai-2025 03:46:00,M05,AL7075,TRAITEMENT,NUIT,FOUR_C,50.04,124.977,8.021,300.209,1.195,18.003,32.661,1.91,6.015,69.982,356.68,79.539,14.291,210.099,19.872,39.79,0
AERO-002268,LOT-2506-0020,19-juin-2025 20:13:00,M04,AL7075,CONTROLE,SOIR,FOUR_B,50.083,NaN,8.241,298.934,1.678,19.279,31.305,1.619,4.976,71.685,371.62,67.53,14.5737,173.597,19.285,44.71,1
AERO-002269,LOT-2512-0071,03-déc-2025 16:31:00,M04,AL7075,USINAGE,SOIR,FOUR_A,50.198,124.821,8.105,307.814,1.271,21.341,34.471,0.734,3.89,63.598,426.51,83.829,14.2464,195.933,17.213,58.33,0
AERO-002270,LOT-2504-0131,13-avr-2025 15:09:00,M02,AL7075,USINAGE,SOIR,FOUR_D,49.954,124.883,7.997,302.426,1.467,17.692,32.309,1.247,5.124,68.527,415.96,72.559,14.3861,194.701,18.462,48.44,0
AERO-002271,LOT-2601-0205,15-janv-2026 04:11:00,M01,AL7075,USINAGE,MATIN,FOUR_B,50.051,124.522,7.992,306.119,1.211,17.974,32.785,1.876,5.402,76.134,634.38,61.043,14.7447,217.853,20.013,37.25,1
AERO-002272,LOT-2502-0071,19-févr-2025 21:32:00,M04,INCONEL718,USINAGE,SOIR,FOUR_B,50.404,123.519,7.955,322.603,0.626,38.684,32.363,1.509,5.667,67.259,457.5,76.433,14.6265,276.117,18.181,47.56,1
AERO-002273,LOT-2507-0106,28-juil-2025 21:35:00,M02,AL7075,CONTROLE,SOIR,FOUR_C,49.972,125.079,8.015,293.959,0.993,14.165,31.361,1.309,4.406,67.688,464.98,79.958,14.6557,210.387,17.914,43.2,0
AERO-002274,LOT-2503-0198,05-mars-2025 11:31:00,M04,TI6AL4V,TRAITEMENT,MATIN,FOUR_C,49.96,124.632,7.931,315.789,1.301,16.526,35.519,1.041,4.438,69.095,360.22,72.664,14.6711,235.25,NaN,46.22,0
AERO-002275,LOT-2601-0196,05-janv-2026 21:47:00,M04,TI6AL4V,USINAGE,SOIR,FOUR_B,50.126,124.444,8.111,305.22,2.333,12.404,27.954,1.389,4.746,65.062,433.16,75.072,14.37,204.361,19.683,42.19,1
AERO-002276,LOT-2503-0004,08-mars-2025 08:37:00,M06,TI6AL4V,CONTROLE,MATIN,FOUR_A,50.097,125.369,8.1,314.702,2.785,25.143,39.353,2.052,6.018,68.523,430.01,78.315,14.119,244.229,14.08,40.2,1
AERO-002277,LOT-2512-0140,11-déc-2025 17:33:00,M01,AL7075,USINAGE,SOIR,FOUR_A,50.345,124.781,7.986,306.8,1.154,22.502,29.554,0.799,5.005,68.407,475.6,85.288,14.4968,209.494,16.684,42.82,0
AERO-002278,LOT-2601-0007,14-janv-2026 20:42:00,M01,AL7075,USINAGE,MATIN,FOUR_B,49.872,125.293,7.927,298.746,1.311,19.742,33.597,1.51,6.075,70.309,442.77,81.85,14.279,186.776,19.864,53.83,0
AERO-002279,LOT-2504-0116,29-avr-2025 17:34:00,M04,TI6AL4V,CONTROLE,NUIT,FOUR_A,49.928,125.266,8.071,316.589,0.993,NaN,32.481,1.269,4.566,68.643,429.02,82.009,14.4905,238.649,17.19,37.67,0
AERO-002280,LOT-2508-0014,31-août-2025 10:54:00,M04,AL7075,TRAITEMENT,NUIT,FOUR_B,50.008,125.426,7.985,306.37,1.106,16.837,32.947,1.298,4.093,66.037,444.27,79.62,14.2137,202.224,21.277,41.65,0
AERO-002281,LOT-2505-0210,29-mai-2025 08:20:00,M05,INCONEL718,USINAGE,NUIT,FOUR_C,50.08,125.117,7.987,319.325,1.029,17.081,36.198,1.867,5.983,64.938,437.23,69.794,14.8441,257.159,19.92,30.71,0
AERO-002282,LOT-2601-0013,22-janv-2026 23:09:00,M03,INCONEL718,CONTROLE,NUIT,FOUR_C,49.865,125.063,8.152,315.622,1.097,12.933,32.986,1.384,5.323,69.021,413.4,75.7,14.648,248.994,16.689,33.21,0
AERO-002283,LOT-2502-0222,20-févr-2025 01:32:00,M02,AL7075,USINAGE,NUIT,FOUR_A,49.923,125.172,7.847,302.866,1.196,21.845,36.93,1.355,5.03,67.155,436.08,76.448,14.7937,192.721,19.85,55.49,0
AERO-002284,LOT-2506-0194,07-juin-2025 06:30:00,M02,TI6AL4V,USINAGE,SOIR,FOUR_C,49.763,125.411,8.052,314.758,1.302,23.493,30.663,1.455,5.652,71.467,362.7,75.235,14.5961,238.188,17.725,37.99,0
AERO-002285,LOT-2509-0029,14-sept-2025 20:29:00,M04,TI6AL4V,USINAGE,NUIT,FOUR_B,49.945,124.812,8.034,311.724,1.191,14.934,33.066,1.196,4.888,84.608,247.48,64.73,15.4479,218.382,17.237,45.41,1
AERO-002286,LOT-2505-0102,01-mai-2025 01:06:00,M01,TI6AL4V,USINAGE,NUIT,FOUR_C,NaN,124.767,8.083,313.736,1.155,20.025,28.256,1.558,4.826,68.467,NaN,78.301,14.7176,238.665,19.204,48.53,0
AERO-002287,LOT-2501-0066,27-janv-2025 18:20:00,M06,INCONEL718,TRAITEMENT,MATIN,FOUR_B,49.938,124.87,8.016,321.774,1.085,15.323,37.659,1.582,5.286,69.262,420.59,72.187,14.6898,256.211,18.608,38.91,0
AERO-002288,LOT-2501-0180,02-janv-2025 04:43:00,M04,INCONEL718,USINAGE,MATIN,FOUR_A,49.888,124.438,8.014,334.803,2.173,18.035,37.546,1.891,6.378,70.378,382.42,62.648,14.5659,229.067,16.817,47.24,1
AERO-002289,LOT-2505-0109,09-mai-2025 16:50:00,M06,TI6AL4V,TRAITEMENT,SOIR,FOUR_A,50.053,125.227,7.879,309.309,1.233,18.276,41.171,3.161,8.287,71.091,443.52,76.708,14.5223,222.913,21.456,40.9,1
AERO-002290,LOT-2510-0190,01-oct-2025 07:35:00,M06,AL7075,USINAGE,MATIN,FOUR_C,49.949,125.154,7.99,302.886,1.147,16.267,33.794,1.387,4.603,68.977,452.39,83.464,14.0138,189.543,20.451,40.92,0
AERO-002291,LOT-2510-0165,25-oct-2025 13:27:00,M03,AL7075,TRAITEMENT,MATIN,FOUR_A,50.177,125.081,7.935,299.954,1.057,16.91,29.057,1.302,4.927,68.585,461.41,77.312,14.398,201.505,21.225,46.37,0
AERO-002292,LOT-2502-0046,11-févr-2025 16:49:00,M06,AL7075,CONTROLE,MATIN,FOUR_A,49.843,124.751,8.027,298.515,1.148,13.542,33.768,1.854,6.072,72.199,407.23,85.454,14.3828,197.022,17.931,54.53,0
AERO-002293,LOT-2508-0063,17-août-2025 18:09:00,M06,AL7075,CONTROLE,MATIN,FOUR_B,50.074,124.605,7.971,308.259,0.943,20.529,35.334,1.724,5.415,67.854,419.87,79.735,14.4135,201.764,17.248,41.25,0
AERO-002294,LOT-2502-0140,06-févr-2025 00:47:00,M03,INCONEL718,TRAITEMENT,NUIT,FOUR_D,50.108,125.275,8.055,323.179,1.232,13.119,34.027,1.676,5.222,67.416,407.94,79.737,14.5377,249.205,19.447,32.52,0
AERO-002295,LOT-2502-0073,18-févr-2025 23:04:00,M02,AL7075,USINAGE,MATIN,FOUR_C,50.085,125.931,7.919,299.613,1.205,12.012,35.833,1.694,5.409,NaN,443.47,82.138,14.4201,194.856,20.328,46.32,0
AERO-002296,LOT-2505-0004,10-mai-2025 15:41:00,M01,AL7075,TRAITEMENT,SOIR,FOUR_A,50.013,125.098,7.945,302.665,1.001,18.875,44.517,2.829,8.106,68.307,406.58,85.276,14.3614,200.086,14.88,47.77,1
AERO-002297,LOT-2502-0176,02-févr-2025 23:26:00,M01,INCONEL718,USINAGE,MATIN,FOUR_C,49.995,125.549,7.922,322.008,1.495,17.585,34.811,1.53,4.917,68.753,394.2,75.915,14.6019,257.643,16.138,38.84,0
AERO-002298,LOT-2506-0001,26-juin-2025 20:16:00,M01,AL7075,CONTROLE,NUIT,FOUR_A,50.104,124.513,8.077,311.126,1.373,19.445,32.723,1.579,5.244,71.967,400.62,76.066,14.6991,160.539,20.287,39.2,1
AERO-002299,LOT-2501-0186,05-janv-2025 06:47:00,M04,TI6AL4V,CONTROLE,SOIR,FOUR_A,50.15,125.717,8.051,313.928,1.247,21.844,33.661,0.942,5.254,69.491,472.69,78.342,14.8388,236.308,18.036,44.97,0
AERO-002300,LOT-2601-0201,01-janv-2026 08:22:00,M04,TI6AL4V,USINAGE,MATIN,FOUR_B,50.057,125.164,8.076,313.538,1.166,14.968,30.616,1.521,5.585,67.82,425.06,75.567,14.6243,229.333,18.317,44.71,0
AERO-002301,LOT-2510-0192,08-oct-2025 20:40:00,M05,AL7075,TRAITEMENT,MATIN,FOUR_A,49.913,124.804,8.013,306.174,0.768,24.616,30.841,1.758,6.014,67.764,457.77,83.431,14.3813,206.83,18.848,35.83,0
AERO-002302,LOT-2511-0216,06-nov-2025 06:19:00,M04,TI6AL4V,TRAITEMENT,MATIN,FOUR_A,50.061,125.238,8.084,318.043,1.151,12.301,34.101,1.212,5.013,67.854,393.39,79.732,14.5713,237.236,20.33,27.1,0
AERO-002303,LOT-2512-0044,04-déc-2025 17:51:00,M03,INCONEL718,USINAGE,SOIR,FOUR_B,50.057,125.194,8.011,326.042,3.021,15.79,34.715,1.187,4.249,61.673,410.53,69.854,14.5653,261.166,15.736,40.56,1
AERO-002304,LOT-2506-0152,15-juin-2025 23:03:00,M01,TI6AL4V,CONTROLE,NUIT,FOUR_A,49.298,126.39,7.857,314.414,1.017,31.281,34.193,1.212,4.369,71.035,433.5,72.023,14.3562,237.353,18.818,44.48,1
AERO-002305,LOT-2509-0139,01-sept-2025 02:14:00,M02,AL7075,USINAGE,SOIR,FOUR_A,50.024,125.126,7.944,294.001,1.478,16.991,27.654,1.43,4.784,70.908,466.2,82.448,14.7531,202.093,17.903,41.52,0
AERO-002306,LOT-2506-0177,08-juin-2025 00:50:00,M04,AL7075,USINAGE,MATIN,FOUR_B,50.157,125.189,8.023,303.464,0.968,23.567,30.598,1.782,6.932,68.67,419.15,84.161,14.3605,201.254,21.436,34.99,0
AERO-002307,LOT-2503-0150,17-mars-2025 19:23:00,M02,TI6AL4V,USINAGE,MATIN,FOUR_B,49.761,125.092,8.004,315.407,1.376,22.783,32.42,1.201,5.619,79.556,479.04,66.304,14.8466,231.204,17.614,48.88,1
AERO-002308,LOT-2509-0090,06-sept-2025 01:42:00,M04,TI6AL4V,USINAGE,MATIN,FOUR_C,50.224,125.602,8.152,311.832,1.027,15.912,34.158,1.623,5.051,67.993,436.37,82.583,14.6972,217.995,20.224,46.51,0
AERO-002309,LOT-2501-0100,11-janv-2025 00:54:00,M01,INCONEL718,USINAGE,SOIR,FOUR_C,49.949,125.443,7.975,318.571,1.226,21.21,37.657,1.373,5.19,69.768,476.39,75.936,14.8075,239.369,17.032,44.22,0
AERO-002310,LOT-2509-0052,19-sept-2025 04:30:00,M05,AL7075,CONTROLE,NUIT,FOUR_B,49.817,124.683,7.992,301.086,1.158,18.838,35.654,1.54,5.342,67.695,433.32,82.695,14.3714,205.779,19.534,38.35,0
AERO-002311,LOT-2601-0053,13-janv-2026 02:03:00,M06,AL7075,USINAGE,SOIR,FOUR_B,50.049,124.898,8.081,303.282,2.072,14.855,41.531,2.156,5.703,69.194,388.78,71.588,14.4461,157.091,19.755,42.71,1
AERO-002312,LOT-2506-0192,12-juin-2025 07:44:00,M03,TI6AL4V,CONTROLE,MATIN,FOUR_B,50.023,125.195,7.962,317.113,0.931,16.091,33.415,1.329,4.904,68.167,467.22,74.918,14.5606,235.3,18.026,47.46,0
AERO-002313,LOT-2506-0236,02-juin-2025 19:38:00,M06,AL7075,CONTROLE,SOIR,FOUR_D,50.348,126.411,8.057,306.065,1.364,35.443,37.505,2.077,6.021,66.706,505.59,80.528,14.5347,207.564,18.255,39.38,1
AERO-002314,LOT-2602-0158,08-févr-2026 05:46:00,M01,AL7075,CONTROLE,MATIN,FOUR_D,49.796,125.203,8.026,301.126,NaN,24.824,35.542,1.784,6.593,67.071,352.71,78.33,14.5006,201.993,18.62,52.71,0
AERO-002315,LOT-2505-0058,27-mai-2025 03:24:00,M02,AL7075,TRAITEMENT,MATIN,FOUR_A,49.798,124.719,7.943,310.586,1.437,16.992,35.829,1.294,5.091,72.452,381.79,76.322,14.5171,182.445,21.021,38.48,1
AERO-002316,LOT-2509-0030,17-sept-2025 19:44:00,M03,AL7075,USINAGE,MATIN,FOUR_C,49.883,125.028,8.035,300.786,1.188,11.154,31.582,1.138,4.455,68.763,433.14,74.511,14.4512,202.681,20.325,35.93,0
AERO-002317,LOT-2502-0056,01-févr-2025 02:50:00,M05,TI6AL4V,CONTROLE,SOIR,FOUR_C,50.093,125.567,8.041,318.359,0.834,19.758,34.556,1.626,5.266,69.831,413.77,79.405,14.5993,240.57,20.645,49.47,0
AERO-002318,LOT-2506-0008,29-juin-2025 05:12:00,M06,INCONEL718,TRAITEMENT,MATIN,FOUR_A,49.906,125.354,7.967,327.181,1.004,11.896,40.921,1.579,5.049,67.549,409.92,68.816,14.6365,251.318,17.539,41.08,0
AERO-002319,LOT-2512-0084,03-déc-2025 10:20:00,M03,AL7075,TRAITEMENT,NUIT,FOUR_A,50.218,125.029,8.142,301.652,1.067,13.831,30.219,1.708,6.016,68.138,479.2,75.245,14.4145,213.521,19.814,32.74,0
AERO-002320,LOT-2507-0141,19-juil-2025 08:07:00,M01,AL7075,USINAGE,MATIN,FOUR_B,49.825,125.391,7.986,298.482,1.529,17.949,35.838,1.678,5.803,71.74,390.42,79.254,14.6809,198.063,17.216,41.57,0
AERO-002321,LOT-2507-0010,22-juil-2025 02:46:00,M01,TI6AL4V,CONTROLE,SOIR,FOUR_A,49.85,125.267,8.028,315.518,1.078,15.291,32.928,1.426,5.76,66.568,347.98,74.092,14.6705,230.479,20.078,48.71,0
AERO-002322,LOT-2503-0099,29-mars-2025 00:03:00,M04,AL7075,CONTROLE,MATIN,FOUR_C,49.72,125.163,7.939,298.515,1.321,22.67,28.866,0.942,4.741,63.654,456.65,74.217,NaN,190.572,19.027,51.51,0
AERO-002323,LOT-2506-0020,13-juin-2025 11:54:00,M01,AL7075,TRAITEMENT,MATIN,FOUR_B,50.159,124.553,8.073,299.524,0.804,14.036,32.323,1.207,5.116,68.062,458.41,82.866,14.0608,214.105,18.023,47.1,0
AERO-002324,LOT-2501-0186,04-janv-2025 10:38:00,M05,INCONEL718,CONTROLE,SOIR,FOUR_C,49.936,124.802,7.969,324.62,1.219,15.274,30.881,1.637,5.803,67.6,471.66,75.193,14.6314,264.957,17.186,44.81,0
AERO-002325,LOT-2601-0066,23-janv-2026 01:45:00,M04,AL7075,CONTROLE,MATIN,FOUR_C,50.231,125.751,7.957,303.854,1.04,16.827,32.225,1.382,5.75,74.76,NaN,80.51,14.4935,191.589,20.09,45.56,0
AERO-000844,LOT-2512-0027,03-déc-2025 23:55:00,M04,AL7075,TRAITEMENT,MATIN,FOUR_A,50.199,125.069,8.113,294.975,1.183,19.201,32.466,1.106,5.025,65.73,355.05,77.129,14.6512,192.706,16.624,35.7,0
AERO-002327,LOT-2502-0223,05-févr-2025 13:54:00,M03,TI6AL4V,CONTROLE,MATIN,FOUR_A,49.999,124.956,8.046,314.422,1.35,13.931,28.676,1.208,4.589,70.249,436.13,80.93,14.3613,236.381,19.805,38.1,0
AERO-002328,LOT-2507-0221,22-juil-2025 01:47:00,M06,TI6AL4V,USINAGE,SOIR,FOUR_D,50.058,125.373,7.929,312.782,1.026,11.034,35.308,2.297,5.526,79.223,226.96,64.897,15.682,227.92,19.22,38.18,1
AERO-002329,LOT-2602-0172,13-févr-2026 15:05:00,M06,TI6AL4V,CONTROLE,NUIT,FOUR_A,49.989,123.686,7.917,313.404,1.089,18.476,34.815,1.831,4.721,73.642,450.2,72.854,14.8334,237.001,21.817,44.24,0
AERO-002330,LOT-2508-0169,30-août-2025 09:42:00,M02,TI6AL4V,TRAITEMENT,SOIR,FOUR_A,49.79,124.908,7.953,313.295,4.242,21.163,39.105,1.301,5.504,66.038,361.36,78.922,14.2949,243.626,18.659,47.02,0
AERO-002331,LOT-2512-0150,23-déc-2025 08:23:00,M03,TI6AL4V,USINAGE,MATIN,FOUR_B,50.056,124.776,7.907,309.986,0.775,15.146,48.646,2.689,9.761,65.446,472.88,69.584,14.512,249.586,17.909,48.36,1
AERO-002332,LOT-2508-0142,20-août-2025 23:26:00,M01,AL7075,TRAITEMENT,MATIN,FOUR_D,50.011,125.065,7.93,301.28,1.312,21.602,28.884,1.409,4.954,57.8,NaN,81.258,14.276,202.396,20.912,38.35,0
AERO-002333,LOT-2503-0148,15-mars-2025 17:12:00,M01,TI6AL4V,TRAITEMENT,SOIR,FOUR_C,50.088,125.254,8.12,309.659,0.742,17.144,35.727,1.786,5.702,69.322,413.67,76.247,14.5616,243.88,19.477,49.6,0
AERO-002334,LOT-2511-0163,24-nov-2025 12:21:00,M01,INCONEL718,USINAGE,MATIN,FOUR_B,50.067,124.742,7.966,318.227,1.203,16.56,35.003,1.358,5.258,66.898,448.94,72.893,14.4546,250.693,16.42,54.63,0
AERO-002335,LOT-2501-0132,30-janv-2025 12:05:00,M02,AL7075,CONTROLE,SOIR,FOUR_A,49.992,124.932,8.062,300.807,0.84,18.923,27.668,1.287,4.763,67.614,350.59,76.16,14.5027,198.691,20.507,34.77,0
AERO-002336,LOT-2601-0154,13-janv-2026 05:12:00,M02,AL7075,USINAGE,SOIR,FOUR_C,50.215,125.207,7.953,300.726,1.427,19.597,33.501,1.12,4.023,74.673,622.44,66.317,14.6836,199.964,17.866,32.19,1
AERO-002337,LOT-2511-0013,04-nov-2025 09:49:00,M03,AL7075,USINAGE,MATIN,FOUR_A,50.092,124.998,8.018,315.037,1.691,15.384,35.123,1.181,4.634,69.733,473.35,73.261,NaN,176.483,18.984,44.91,1
AERO-002338,LOT-2503-0164,18-mars-2025 16:34:00,M06,TI6AL4V,CONTROLE,MATIN,FOUR_A,49.779,125.293,7.985,323.325,1.838,22.055,33.402,2.022,5.687,66.391,404.75,63.452,14.3447,213.22,16.805,28.95,1
AERO-002339,LOT-2602-0071,01-févr-2026 05:01:00,M02,INCONEL718,USINAGE,MATIN,FOUR_B,50.003,125.223,7.859,323.513,0.922,16.33,34.645,1.48,4.866,66.772,352.88,77.2,14.1474,255.871,21.091,62.39,0
AERO-002340,LOT-2505-0172,13-mai-2025 13:02:00,M05,TI6AL4V,USINAGE,MATIN,FOUR_C,50.124,124.587,7.992,313.758,1.406,19.432,27.867,1.953,5.927,67.609,442.92,75.139,14.1843,226.979,18.938,30.87,0
AERO-002341,LOT-2509-0047,09-sept-2025 22:23:00,M03,TI6AL4V,CONTROLE,SOIR,FOUR_C,50.3,126.069,8.027,317.462,0.809,14.322,33.923,1.941,5.729,70.753,439.31,75.889,14.7762,234.136,18.615,47.05,0
AERO-002342,LOT-2512-0021,15-déc-2025 06:57:00,M01,INCONEL718,TRAITEMENT,NUIT,FOUR_B,50.123,124.735,8.087,320.996,0.986,13.432,35.841,1.23,5.278,68.286,443.31,76.495,14.6126,254.847,20.77,39.45,0
AERO-002343,LOT-2507-0183,02-juil-2025 14:27:00,M02,INCONEL718,TRAITEMENT,SOIR,FOUR_C,49.856,124.724,7.948,320.542,1.228,21.642,33.508,1.141,4.627,68.541,433.62,75.032,14.4118,245.138,18.275,56.09,0
AERO-002344,LOT-2601-0085,08-janv-2026 06:36:00,M03,AL7075,USINAGE,MATIN,FOUR_A,50.187,125.276,7.947,300.484,0.777,11.368,34.375,0.89,4.576,64.051,357.47,81.209,14.359,195.73,19.516,49.41,0
AERO-002345,LOT-2508-0129,22-août-2025 09:03:00,M02,AL7075,TRAITEMENT,SOIR,FOUR_A,50.543,124.124,8.011,302.003,1.275,41.774,33.259,1.345,5.463,69.347,467.21,81.214,14.5823,193.588,16.618,57.95,1
AERO-002346,LOT-2601-0099,26-janv-2026 13:03:00,M06,AL7075,CONTROLE,MATIN,FOUR_A,50.102,124.497,8.135,301.763,1.212,20.484,39.313,2.079,5.328,87.152,357.95,60.751,14.8622,201.21,18.449,32.38,1
AERO-002347,LOT-2502-0235,07-févr-2025 11:10:00,M05,AL7075,TRAITEMENT,MATIN,FOUR_A,49.838,124.842,7.929,301.798,1.06,19.352,38.363,1.931,6.446,70.414,427.95,81.975,14.6741,198.216,20.336,27.2,0
AERO-002348,LOT-2507-0077,19-juil-2025 01:41:00,M02,AL7075,TRAITEMENT,SOIR,FOUR_A,50.026,124.545,7.957,301.843,0.985,18.071,36.685,1.316,5.979,64.344,503.74,79.705,14.4749,196.444,20.176,50.09,0
AERO-002349,LOT-2510-0173,04-oct-2025 22:44:00,M05,AL7075,USINAGE,MATIN,FOUR_C,50.099,124.87,8.108,302.99,0.973,21.978,NaN,1.73,5.301,86.548,237.69,66.32,15.1548,195.982,20.257,50.3,1
AERO-002350,LOT-2506-0048,10-juin-2025 12:38:00,M05,AL7075,USINAGE,NUIT,FOUR_C,50.076,125.014,7.982,NaN,1.329,15.786,33.332,1.523,5.124,68.504,389.96,79.849,14.3729,207.942,19.094,26.86,0
AERO-002351,LOT-2503-0176,28-mars-2025 20:22:00,M06,INCONEL718,TRAITEMENT,MATIN,FOUR_A,49.489,124.203,7.974,322.28,NaN,33.685,36.238,1.729,4.639,67.188,466.4,79.593,14.6163,238.074,20.303,36.82,1
AERO-002352,LOT-2508-0207,27-août-2025 11:17:00,M02,AL7075,CONTROLE,MATIN,FOUR_A,49.868,125.436,8.047,301.222,0.923,17.232,33.81,1.353,4.804,87.659,371.18,80.303,14.4455,207.561,18.05,55.46,0
AERO-002353,LOT-2601-0049,04-janv-2026 17:10:00,M04,AL7075,TRAITEMENT,MATIN,FOUR_C,50.39,124.709,8.041,304.29,2.434,14.65,33.702,1.835,6.252,64.692,414.9,77.987,14.643,193.247,23.057,18.99,1
AERO-002354,LOT-2511-0148,09-nov-2025 09:29:00,M03,AL7075,USINAGE,SOIR,FOUR_B,50.025,125.125,7.995,308.585,1.018,15.688,33.655,1.013,4.395,71.138,433.18,88.916,14.373,191.638,18.851,50.95,0
AERO-002355,LOT-2511-0146,10-nov-2025 03:48:00,M01,INCONEL718,TRAITEMENT,MATIN,FOUR_C,49.948,125.839,8.01,325.32,1.146,13.569,32.9,1.655,5.47,69.092,363.39,76.456,14.4031,256.545,19.461,46.04,0
AERO-002356,LOT-2505-0163,26-mai-2025 01:38:00,M02,AL7075,USINAGE,MATIN,FOUR_C,49.865,124.674,7.925,298.066,1.378,9.854,31.402,1.366,5.168,66.79,464.96,81.364,14.6903,199.012,18.214,48.43,0
AERO-002357,LOT-2601-0194,11-janv-2026 16:57:00,M01,TI6AL4V,TRAITEMENT,MATIN,FOUR_C,50.079,125.497,7.913,NaN,1.344,16.297,31.625,1.447,4.71,67.416,505.56,78.902,14.4381,216.386,17.598,45.58,0
AERO-002358,LOT-2511-0069,26-nov-2025 14:14:00,M03,AL7075,USINAGE,NUIT,FOUR_A,50.108,124.726,8.065,300.116,2.619,16.553,36.091,1.478,4.236,66.511,334.62,80.744,14.787,190.933,15.065,45.25,1
AERO-002359,LOT-2501-0139,06-janv-2025 05:20:00,M05,AL7075,USINAGE,SOIR,FOUR_B,49.984,125.075,8.033,304.801,1.188,15.709,35.182,1.591,4.741,69.235,443.42,83.305,14.2271,193.805,18.869,42.31,0
AERO-002360,LOT-2504-0064,29-avr-2025 21:46:00,M01,AL7075,USINAGE,MATIN,FOUR_B,50.086,124.842,7.939,304.958,1.142,15.581,32.389,1.058,4.609,80.381,269.26,63.998,15.016,202.096,20.489,53.13,1
AERO-002361,LOT-2503-0034,05-mars-2025 11:00:00,M04,AL7075,USINAGE,SOIR,FOUR_A,49.933,124.784,7.946,300.056,1.166,19.24,33.529,1.335,4.796,68.938,407.62,83.26,14.3111,198.369,16.464,28.38,0
AERO-002362,LOT-2506-0239,06-juin-2025 06:03:00,M05,AL7075,USINAGE,MATIN,FOUR_C,50.129,125.221,8.016,304.974,1.116,16.438,32.114,1.285,4.413,68.607,327.58,81.722,13.9474,183.588,19.518,42.8,0
AERO-002363,LOT-2507-0208,13-juil-2025 19:01:00,M04,TI6AL4V,USINAGE,MATIN,FOUR_C,49.871,124.99,7.984,310.979,1.408,16.825,32.404,1.225,4.287,66.886,440.82,79.46,14.4304,237.272,19.95,39.46,0
AERO-002364,LOT-2602-0156,11-févr-2026 12:49:00,M03,TI6AL4V,USINAGE,MATIN,FOUR_B,49.472,124.471,7.904,312.32,1.158,25.678,34.832,1.349,4.911,66.413,425.48,74.711,14.7136,235.767,20.432,43.37,1
AERO-002365,LOT-2508-0096,28-août-2025 14:29:00,M03,INCONEL718,USINAGE,MATIN,FOUR_A,50.064,125.485,8.033,320.868,1.297,13.997,32.082,1.296,5.46,67.978,390.54,69.587,14.6864,258.476,18.472,50.31,0
AERO-002366,LOT-2507-0022,27-juil-2025 03:08:00,M06,AL7075,USINAGE,MATIN,FOUR_D,49.966,124.619,7.956,304.951,0.86,21.865,33.33,1.621,5.141,69.259,442.26,79.527,14.3434,205.523,21.826,49.05,0
AERO-002367,LOT-2504-0143,05-avr-2025 05:44:00,M01,AL7075,USINAGE,MATIN,FOUR_B,50.001,124.346,7.993,303.534,1.551,14.6,32.067,1.739,5.554,66.755,367.59,80.23,14.0301,203.112,16.901,51.76,0
AERO-002368,LOT-2512-0140,18-déc-2025 06:40:00,M02,INCONEL718,CONTROLE,MATIN,FOUR_A,50.011,124.668,8.019,319.613,0.806,20.28,42.394,3.047,7.498,64.246,353.54,68.921,14.7347,258.55,18.672,53.99,1
AERO-002369,LOT-2512-0077,22-déc-2025 11:33:00,M04,TI6AL4V,USINAGE,NUIT,FOUR_B,49.548,125.259,8.176,312.802,1.209,18.918,29.923,1.149,4.686,68.95,445.57,75.279,14.7979,227,20.578,48.69,0
AERO-002370,LOT-2506-0223,30-juin-2025 01:09:00,M01,TI6AL4V,USINAGE,NUIT,FOUR_C,50.089,124.636,8.027,306.012,1.681,18.098,32.275,1.525,5.19,69.651,457.34,72.191,14.2887,223.388,18.712,47.33,1
AERO-002371,LOT-2601-0176,27-janv-2026 20:55:00,M05,AL7075,USINAGE,MATIN,FOUR_C,50.174,124.549,7.896,304.56,1.225,16.703,34.157,1.96,5.187,69.939,403,79.843,14.365,207.91,19.394,52.75,0
AERO-002372,LOT-2503-0221,30-mars-2025 23:13:00,M03,AL7075,USINAGE,SOIR,FOUR_A,49.918,124.596,8.048,303.036,0.949,15.612,32.945,1.062,5.248,66.495,418.99,81.148,14.5261,213.531,19.002,51.06,0
AERO-002373,LOT-2503-0172,02-mars-2025 23:09:00,M06,INCONEL718,CONTROLE,SOIR,FOUR_A,50.177,124.509,NaN,325.006,1.79,15.404,38.302,1.469,4.22,72.438,411.1,70.356,14.6174,216.324,18.58,57.31,1
AERO-002374,LOT-2504-0170,22-avr-2025 19:31:00,M04,AL7075,USINAGE,MATIN,FOUR_B,49.873,124.384,8.002,293.176,1.051,22.071,36.151,2.791,9.791,65.913,447.49,81.367,14.0034,211.938,17.924,50.31,1
AERO-002375,LOT-2505-0077,30-mai-2025 22:15:00,M05,AL7075,USINAGE,NUIT,FOUR_A,50.172,124.204,7.891,305.485,1.23,16.845,33.231,1.51,6.365,69.287,447.12,85.267,14.3606,208.156,20.634,37.48,0
AERO-002376,LOT-2510-0015,19-oct-2025 12:02:00,M04,AL7075,CONTROLE,NUIT,FOUR_B,50.148,124.452,7.954,299.787,1.17,15.615,29.804,1.788,5.777,NaN,533.28,82.458,14.6088,198.626,21.605,34.77,0
AERO-002377,LOT-2502-0206,27-févr-2025 08:55:00,M04,AL7075,TRAITEMENT,SOIR,FOUR_C,50.123,124.553,7.968,301.372,1.002,21.895,31.988,1.506,5.122,66.301,414.05,79.355,14.1709,211.61,17.094,39.77,0
AERO-002378,LOT-2509-0018,05-sept-2025 09:14:00,M01,INCONEL718,TRAITEMENT,SOIR,FOUR_B,49.994,125.063,7.984,322.666,0.902,14.999,30.933,NaN,5.147,66.736,377.69,71.179,14.8916,248.666,20.961,40.86,0
AERO-002379,LOT-2508-0063,22-août-2025 08:59:00,M02,TI6AL4V,TRAITEMENT,SOIR,FOUR_A,50.101,125.197,8.013,320.102,1.07,18.349,32.784,1.713,6.115,62.24,427.88,76.17,14.5062,226.741,18.349,39.55,0
AERO-002380,LOT-2506-0065,21-juin-2025 10:39:00,M05,INCONEL718,CONTROLE,SOIR,FOUR_B,50.094,125.351,7.995,320.725,1.123,16.245,34.183,1.41,5.105,67.932,401.41,74.643,14.9603,241.824,19.521,42.8,0
AERO-002381,LOT-2503-0088,22-mars-2025 20:16:00,M06,TI6AL4V,CONTROLE,NUIT,FOUR_B,50.148,124.723,8.026,314.477,1.281,12.394,35.719,1.88,6.023,65.976,443.05,80.097,14.371,237.982,20.29,38.01,0
AERO-002382,LOT-2501-0132,24-janv-2025 12:56:00,M06,TI6AL4V,USINAGE,MATIN,FOUR_C,50.151,125.41,8.071,313.479,1.029,21.945,32.642,1.807,5.638,67.781,388.13,78.406,14.4698,244.843,22.115,38.07,0
AERO-002383,LOT-2602-0235,22-févr-2026 06:57:00,M02,TI6AL4V,USINAGE,MATIN,FOUR_C,50.034,124.36,7.962,310.659,1.034,28.162,35.395,0.773,4.433,63.066,398.36,74.215,14.635,229.305,15.884,42.86,0
AERO-002384,LOT-2503-0117,18-mars-2025 12:32:00,M03,AL7075,CONTROLE,MATIN,FOUR_A,50.02,125.286,7.883,300.307,1.057,18.653,45.316,2.395,8.421,71.242,445.26,81.584,14.5244,200.24,20.439,30.62,1
AERO-002385,LOT-2506-0006,24-juin-2025 00:00:00,M06,AL7075,USINAGE,SOIR,FOUR_B,50.137,125.007,8.079,299.912,1.185,17.372,30.424,1.79,5.975,67.808,437.78,80.459,14.2002,201.055,18.79,NaN,0
AERO-002386,LOT-2505-0112,01-mai-2025 07:31:00,M06,AL7075,CONTROLE,SOIR,FOUR_D,49.731,125.15,8.03,303.628,1.37,15.883,35.886,1.404,5.247,71.191,456.45,76.931,14.5906,194.349,16.691,48.3,0
AERO-002387,LOT-2504-0113,04-avr-2025 19:54:00,M02,TI6AL4V,USINAGE,MATIN,FOUR_B,49.976,125.107,7.984,317.445,1.142,15.642,31.986,1.229,5.106,65.23,425.71,79.719,14.4888,243.407,18.055,43.67,0
AERO-002388,LOT-2501-0034,02-janv-2025 05:36:00,M04,AL7075,USINAGE,MATIN,FOUR_A,49.972,124.777,7.947,301.849,1.38,14.767,31.71,1.449,4.908,68.467,421,81.848,14.7168,200.207,20.277,44.32,0
AERO-002389,LOT-2601-0184,19-janv-2026 14:02:00,M01,AL7075,TRAITEMENT,SOIR,FOUR_C,49.974,125.282,8.01,298.449,0.896,15.191,34.537,1.541,5.549,64.75,391.54,85.544,14.5607,200.592,17.908,37.38,0
AERO-002390,LOT-2602-0059,04-févr-2026 09:22:00,M04,TI6AL4V,USINAGE,MATIN,FOUR_C,49.885,124.585,7.925,312.508,1.1,13.443,26.951,1.418,5.328,68.387,440.09,78.071,14.1895,235.072,18.701,52.59,0
AERO-002391,LOT-2508-0143,26-août-2025 23:40:00,M05,AL7075,USINAGE,SOIR,FOUR_B,50.027,125.259,8.073,302.237,1.054,16.418,36.025,1.513,5.816,66.205,400.34,83.277,14.6204,201.409,18.09,43.71,0
AERO-002392,LOT-2508-0114,18-août-2025 06:26:00,M03,INCONEL718,USINAGE,NUIT,FOUR_B,50.07,124.994,7.952,316.865,0.958,19.988,35.829,1.671,5.67,65.663,417.74,75.462,14.5852,241.402,19.693,45.49,0
AERO-002393,LOT-2601-0022,26-janv-2026 05:31:00,M06,AL7075,TRAITEMENT,NUIT,FOUR_A,50.008,125.708,7.888,297.191,1.17,16.215,34.503,1.87,5.591,73.661,410.56,75.282,14.4554,200.953,20.445,42.29,0
AERO-002394,LOT-2602-0080,03-févr-2026 06:13:00,M01,AL7075,TRAITEMENT,SOIR,FOUR_D,49.892,124.692,8.04,301.024,0.969,15.6,35.245,0.5,3.739,66.932,468.68,77.549,14.4396,216,21.313,31.56,0
AERO-002395,LOT-2510-0181,17-oct-2025 13:49:00,M05,AL7075,CONTROLE,SOIR,FOUR_C,50.184,124.256,7.945,316.195,1.426,19.209,35.607,1.702,4.793,71.405,387.76,73.343,14.2922,183.402,20.048,NaN,1
AERO-002396,LOT-2501-0185,25-janv-2025 06:37:00,M03,INCONEL718,CONTROLE,MATIN,FOUR_B,49.954,123.949,8.076,315.67,1.29,18.472,33.692,1.45,5.212,69.914,404.81,67.214,14.7636,241.34,22.171,46.8,1
AERO-002397,LOT-2506-0151,04-juin-2025 01:15:00,M03,TI6AL4V,TRAITEMENT,MATIN,FOUR_C,50.233,124.913,7.95,311.817,0.917,17.241,30.342,1.251,4.485,67.4,406.17,NaN,14.4298,236.092,17.171,54.48,0
AERO-002398,LOT-2509-0071,03-sept-2025 06:34:00,M05,TI6AL4V,USINAGE,SOIR,FOUR_C,49.949,125.075,7.908,318.086,0.949,23.868,33.311,1.834,4.945,71.194,467.44,76.336,14.4109,232.443,19.956,46.06,0
AERO-002399,LOT-2505-0042,08-mai-2025 11:50:00,M05,INCONEL718,TRAITEMENT,SOIR,FOUR_A,49.886,125.028,8.034,320.414,1.348,31.583,39.93,1.765,5.41,69.453,444.09,72.584,14.7133,259.775,16.474,39.73,0
AERO-002400,LOT-2511-0103,18-nov-2025 05:03:00,M05,AL7075,TRAITEMENT,MATIN,FOUR_B,49.745,124.358,7.894,302.586,0.964,16.822,38.29,1.323,4.628,71.991,425.48,40.92,14.8113,203.909,20.92,43.64,0
AERO-002401,LOT-2510-0043,18-oct-2025 02:52:00,M01,AL7075,USINAGE,NUIT,FOUR_B,49.885,124.352,8.044,300.707,0.901,21.285,33.827,1.584,5.206,69.571,420.5,84.714,14.3136,194.812,19.01,60.15,0
AERO-002402,LOT-2505-0036,18-mai-2025 08:01:00,M05,TI6AL4V,TRAITEMENT,NUIT,FOUR_C,50.08,125.179,8.032,312.005,1.156,16.776,37.678,1.561,4.446,71.468,426.27,76.935,14.4519,226.042,16.774,41.29,0
AERO-002403,LOT-2507-0051,10-juil-2025 17:14:00,M05,TI6AL4V,CONTROLE,MATIN,FOUR_C,50.001,124.756,7.905,318.388,1.347,15.743,31.786,1.616,5.682,72.148,380.53,80.1,14.2191,225.277,19.622,54.11,0
AERO-002404,LOT-2505-0049,28-mai-2025 00:02:00,M03,AL7075,TRAITEMENT,MATIN,FOUR_A,50.141,124.624,7.923,300.27,1.021,19.725,30.961,0.975,5.277,69.366,404.98,83.729,14.3088,200.859,20.475,24.3,0
AERO-002405,LOT-2602-0239,15-févr-2026 10:45:00,M06,AL7075,TRAITEMENT,NUIT,FOUR_B,50.585,126.024,8.035,302.183,1.001,33.867,34.703,2.031,6.104,71.246,415.53,78.48,14.3627,194.449,19.129,50.73,1
AERO-002406,LOT-2505-0198,16-mai-2025 00:04:00,M06,AL7075,CONTROLE,MATIN,FOUR_A,50.016,124.893,8.042,302.835,1.035,18.452,34.952,1.605,5.252,67.976,404.97,82.722,14.6554,196.89,19.549,39.43,0
AERO-002407,LOT-2510-0040,25-oct-2025 03:17:00,M05,AL7075,USINAGE,MATIN,FOUR_D,50.047,124.235,8.024,302.437,1.076,14.867,32.496,1.665,5.794,69.901,454.42,86.651,14.3775,205.736,19.597,45.19,0
AERO-002408,LOT-2511-0152,04-nov-2025 15:38:00,M04,AL7075,CONTROLE,MATIN,FOUR_A,49.896,124.828,7.882,302.804,1.047,19.718,32.055,0.875,5.284,69.793,355.44,75.773,14.5588,190.525,18.857,46.18,0
AERO-002409,LOT-2601-0186,04-janv-2026 19:06:00,M03,INCONEL718,USINAGE,MATIN,FOUR_A,50.01,125.045,8.023,325.58,1.046,12.033,NaN,1.045,4.43,66.971,452.83,74.733,14.4325,260.619,18.081,35.69,0
AERO-002410,LOT-2603-0206,02-mars-2026 21:35:00,M05,TI6AL4V,USINAGE,MATIN,FOUR_C,50.063,124.809,8.024,314.966,1.227,21.049,33.17,1.794,5.372,72.155,427.8,79.219,14.3851,230.745,20.351,41.18,0
AERO-002411,LOT-2511-0211,15-nov-2025 21:39:00,M01,TI6AL4V,USINAGE,SOIR,FOUR_D,49.831,124.722,7.911,312.214,0.835,15.918,38.336,3.111,7.99,74.241,396.91,76.345,14.3001,219.796,18.843,60.47,1
AERO-002412,LOT-2505-0065,07-mai-2025 17:59:00,M02,AL7075,TRAITEMENT,SOIR,FOUR_B,49.883,124.587,8.091,305.687,1.162,20.834,35.73,1.135,4.66,67.702,418.26,83.676,14.4266,209.984,20.57,29.32,0
AERO-002413,LOT-2512-0022,09-déc-2025 08:02:00,M04,INCONEL718,CONTROLE,MATIN,FOUR_B,50.227,125.196,8.001,314.864,1.357,18.207,33.746,1.757,5.6,68.746,409.78,70.927,14.6259,240.831,18.35,40.94,0
AERO-002414,LOT-2504-0163,07-avr-2025 13:34:00,M02,INCONEL718,CONTROLE,SOIR,FOUR_A,49.8,124.866,8.031,321.518,1.25,13.59,32.651,1.484,5.035,72.89,402.44,78.869,14.3592,261.283,19.395,52.65,0
AERO-002415,LOT-2511-0077,02-nov-2025 12:33:00,M03,INCONEL718,CONTROLE,NUIT,FOUR_A,49.866,124.959,8.008,330.562,1.52,19.845,50.67,3.13,8.593,62.488,381.14,72.971,14.6518,255.324,19.09,43.8,1
AERO-002416,LOT-2512-0049,08-déc-2025 08:15:00,M05,INCONEL718,USINAGE,SOIR,FOUR_A,50.212,125.164,8.006,324.913,0.928,18.644,36.68,2.021,6.297,68.846,361.19,76.32,14.5007,244.36,19.256,39.33,0
AERO-002417,LOT-2509-0050,18-sept-2025 22:15:00,M01,INCONEL718,USINAGE,MATIN,FOUR_A,50.092,125.338,7.957,316.795,0.96,19.46,37.468,1.041,4.505,70.349,NaN,77.712,14.3411,259.518,17.526,45.08,0
AERO-002418,LOT-2506-0232,09-juin-2025 09:41:00,M02,TI6AL4V,USINAGE,NUIT,FOUR_B,49.63,123.906,8.127,311.556,1.213,14.505,29.275,1.101,4.805,69.64,449.05,72.242,14.3398,237.108,19.013,45.32,0
AERO-002419,LOT-2504-0212,29-avr-2025 00:25:00,M03,INCONEL718,USINAGE,MATIN,FOUR_D,50.077,125.162,7.905,317.47,1.015,17.659,37.501,1.668,6.931,71.804,408.66,70.889,14.5221,264.076,21.28,50.12,0
AERO-002420,LOT-2503-0030,22-mars-2025 05:56:00,M03,INCONEL718,TRAITEMENT,NUIT,FOUR_B,49.925,124.755,8.071,317.245,0.898,19.293,33.754,1.5,5.464,67.82,385.24,73.572,14.3418,246.4,17.641,57.25,0
AERO-002421,LOT-2507-0182,28-juil-2025 10:52:00,M03,INCONEL718,USINAGE,MATIN,FOUR_D,49.814,124.762,7.892,322.026,1.06,17.702,32.607,1.603,4.902,69.285,423.09,74.465,14.3395,259.418,18.929,52.03,0
AERO-002422,LOT-2503-0180,05-mars-2025 21:39:00,M05,AL7075,CONTROLE,SOIR,FOUR_B,49.98,124.472,8.043,301.37,0.807,12.27,33.108,1.571,5.682,73.25,498.25,77.351,14.4066,205.619,19.616,51.3,0
AERO-002423,LOT-2505-0148,31-mai-2025 12:14:00,M05,AL7075,CONTROLE,SOIR,FOUR_A,49.919,124.908,8.075,303.559,NaN,15.103,35.363,2.083,5.248,70.534,433.92,85.826,14.1981,200.85,20.742,46.83,0
AERO-002424,LOT-2601-0201,14-janv-2026 05:17:00,M03,AL7075,TRAITEMENT,SOIR,FOUR_A,51.405,125.326,8.028,303.691,1.084,18.435,32.388,1.007,4.626,64.101,504.7,80.014,14.1283,202.492,19.665,63.05,0
AERO-002425,LOT-2504-0041,06-avr-2025 14:39:00,M06,AL7075,TRAITEMENT,SOIR,FOUR_C,49.682,125.256,7.942,299.88,2.822,22.246,NaN,2.321,6.347,63.645,341.06,80.052,14.64,205.058,16.226,55.86,1
AERO-002426,LOT-2601-0059,09-janv-2026 02:16:00,M02,AL7075,CONTROLE,NUIT,FOUR_A,50.129,124.625,8.036,310.229,0.981,12.269,32.279,1.244,4.934,68.515,405.82,80.86,14.239,194.329,18.207,52.26,0
AERO-002427,LOT-2512-0227,24-déc-2025 18:15:00,M01,TI6AL4V,TRAITEMENT,SOIR,FOUR_C,49.954,125.821,7.932,317.662,1.032,12.671,31.444,1.174,5.169,62.448,395.44,75.828,14.612,236.776,19.689,40.69,0
AERO-002428,LOT-2509-0064,23-sept-2025 20:55:00,M03,TI6AL4V,TRAITEMENT,SOIR,FOUR_A,49.955,125.113,7.939,320.449,1.171,19.63,32.813,1.561,4.345,71.775,426.66,75.402,14.6633,237.612,NaN,25.21,0
AERO-002429,LOT-2511-0025,10-nov-2025 15:32:00,M03,TI6AL4V,TRAITEMENT,SOIR,FOUR_A,49.793,125.06,8.009,318.723,1.511,17.909,33.702,1.32,5.282,67.558,400.6,66.947,14.5516,206.67,20.792,51.77,1
AERO-002430,LOT-2502-0056,20-févr-2025 14:01:00,M02,AL7075,USINAGE,NUIT,FOUR_D,49.994,124.946,8.008,306.321,1.018,13.431,29.377,1.182,4.229,74.119,254.41,65.543,15.1055,196.193,NaN,46.94,1
AERO-002431,LOT-2505-0075,30-mai-2025 22:22:00,M05,INCONEL718,TRAITEMENT,MATIN,FOUR_B,49.894,125.438,7.952,321.465,0.832,19.804,32.99,1.4,5.091,69.47,451.57,72.186,14.4273,253.207,20.121,41.7,0
AERO-002432,LOT-2509-0037,02-sept-2025 08:42:00,M05,AL7075,USINAGE,MATIN,FOUR_D,50.114,125.672,8.035,293.922,1.033,12.289,33.189,1.991,5.847,65.871,510.34,81.033,14.0888,212.615,20.678,56.14,0
AERO-002433,LOT-2508-0063,26-août-2025 16:56:00,M01,TI6AL4V,CONTROLE,MATIN,FOUR_A,50.13,125.084,7.959,316.195,1.101,15.217,34.036,1.417,5.743,63.745,408.79,67.324,14.7058,237.326,20.266,36.47,0
AERO-002434,LOT-2502-0136,24-févr-2025 22:06:00,M04,TI6AL4V,TRAITEMENT,SOIR,FOUR_D,50.754,124.374,7.888,318.215,1.033,41.835,34.211,2.076,6.243,66.919,407.33,77.972,14.331,236.932,19.472,49.53,1
AERO-002435,LOT-2602-0110,28-févr-2026 23:38:00,M01,TI6AL4V,USINAGE,MATIN,FOUR_B,50.312,126.342,7.937,308.6,1.166,40.338,35.216,1.617,5.252,68.013,473.27,75.217,14.5946,232.799,16.012,49.39,1
AERO-002436,LOT-2510-0203,08-oct-2025 03:43:00,M03,TI6AL4V,CONTROLE,SOIR,FOUR_B,50.223,125.296,8,317.615,2.598,18.683,36.415,1.416,4.865,66.799,391.89,80.8,14.6791,232.355,24.1,37.82,1
AERO-002437,LOT-2503-0116,11-mars-2025 14:05:00,M02,INCONEL718,TRAITEMENT,SOIR,FOUR_A,49.88,124.999,8.051,324.494,1.109,19.66,29.198,0.589,4.201,64.31,461.16,76.429,14.7873,253.027,20.711,52.43,0
AERO-002438,LOT-2512-0130,18-déc-2025 02:26:00,M03,AL7075,TRAITEMENT,NUIT,FOUR_B,49.892,125.285,7.888,305.583,3.133,18.534,31.748,1.817,6.391,71.059,352.68,86.869,14.6498,191.145,20.736,41.6,1
AERO-002439,LOT-2503-0215,01-mars-2025 00:56:00,M02,TI6AL4V,USINAGE,MATIN,FOUR_C,49.896,124.712,7.989,309.989,1.256,21.394,33.192,1.514,5.855,71.298,420.13,77.297,14.6165,235.59,19.35,59.74,0
AERO-002440,LOT-2508-0218,30-août-2025 21:44:00,M05,AL7075,CONTROLE,MATIN,FOUR_A,49.785,124.66,8.028,299.009,1.171,18.381,36.767,1.221,4.511,67.892,421.56,83.271,14.2095,198.169,17.989,40.86,0
AERO-002441,LOT-2502-0233,28-févr-2025 17:35:00,M03,AL7075,CONTROLE,NUIT,FOUR_A,50.099,124.698,NaN,301.097,1.131,16.895,29.011,1.374,5.78,69.127,386.98,84.203,14.6781,196.624,18.64,44.66,0
AERO-002442,LOT-2508-0231,22-août-2025 00:22:00,M04,AL7075,CONTROLE,MATIN,FOUR_B,50.1,124.4,8.047,304.519,1.141,14.384,29.874,1.565,5.411,66.509,406.19,86.129,14.6171,207.564,19.977,50.96,0
AERO-002447,LOT-2503-0097,23-mars-2025 20:31:00,M06,INCONEL718,USINAGE,MATIN,FOUR_A,50.064,124.624,7.983,322.317,0.973,18.5,32.18,1.796,5.697,65.675,455.64,72.461,14.575,258.276,17.522,38.72,0
AERO-002444,LOT-2511-0181,29-nov-2025 19:59:00,M04,AL7075,TRAITEMENT,MATIN,FOUR_C,49.939,125.455,8.06,298.405,0.755,22.923,39.703,3.493,7.038,68.512,430.74,83.924,14.4115,206.255,19.083,46.42,1
AERO-002445,LOT-2509-0096,30-sept-2025 01:00:00,M03,AL7075,USINAGE,SOIR,FOUR_B,49.791,125.065,8.034,301.221,0.872,22.231,36.647,1.363,4.82,64.704,489.26,75.684,14.5806,205.626,18.245,46.61,0
AERO-002446,LOT-2507-0176,04-juil-2025 09:31:00,M02,TI6AL4V,TRAITEMENT,MATIN,FOUR_C,50.078,125.254,7.96,314.185,1.224,16.648,31.324,1.382,13.583,65.345,450.41,77.93,14.3272,229.811,17.907,35.46,0
AERO-002447,LOT-2503-0097,23-mars-2025 20:31:00,M06,INCONEL718,USINAGE,MATIN,FOUR_A,50.064,124.624,7.983,322.317,0.973,18.5,32.18,1.796,5.697,65.675,455.64,72.461,14.575,258.276,17.522,38.72,0
AERO-002448,LOT-2505-0084,25-mai-2025 15:50:00,M06,TI6AL4V,TRAITEMENT,MATIN,FOUR_A,NaN,124.817,7.992,316.955,1.312,15.702,46.845,3.199,NaN,61.931,388.43,77.456,14.0199,228.076,19.781,40.27,1
AERO-002449,LOT-2503-0043,19-mars-2025 03:50:00,M02,AL7075,CONTROLE,MATIN,FOUR_A,50.192,125.572,7.972,302.269,1.334,15.053,35.833,1.644,4.697,67.928,442.9,81.246,14.2464,198.956,19.214,53.14,0
AERO-002450,LOT-2502-0035,21-févr-2025 16:20:00,M03,TI6AL4V,USINAGE,NUIT,FOUR_C,50.38,124.824,8.023,316.599,1.208,18.763,33.987,1.114,4.549,71.537,399.83,81.617,14.6265,231.248,20.033,27.64,0
AERO-002451,LOT-2508-0227,27-août-2025 21:22:00,M04,INCONEL718,CONTROLE,MATIN,FOUR_D,49.836,124.72,7.962,321.25,1.061,17.683,30.048,1.455,4.667,67.045,395.16,70.969,14.5903,263.219,18.045,40.4,0
AERO-002452,LOT-2512-0177,29-déc-2025 02:55:00,M04,AL7075,USINAGE,MATIN,FOUR_B,50.053,125.023,8.015,301.335,2.701,22.142,37.437,1.305,4.668,72.884,427.85,76.317,14.1338,210.6,23.387,45.46,1
AERO-002453,LOT-2507-0201,09-juil-2025 10:39:00,M06,AL7075,USINAGE,SOIR,FOUR_C,50.068,124.703,7.959,298.923,1.435,23.997,40.968,1.371,4.492,67.574,421.98,80.927,14.309,198.144,18.874,47.33,0
AERO-002454,LOT-2505-0070,03-mai-2025 18:31:00,M06,TI6AL4V,CONTROLE,NUIT,FOUR_C,49.953,124.889,7.891,313.842,0.676,20.024,34.854,1.86,5.627,66.591,439.37,71.793,14.6429,242.761,19.883,61.05,0
AERO-002455,LOT-2511-0133,16-nov-2025 12:53:00,M05,AL7075,CONTROLE,SOIR,FOUR_A,49.995,124.819,8.125,300.195,1.099,17.915,38.424,2.02,5.339,64.922,427.88,80.103,14.6303,204.418,17.152,29.23,0
AERO-002456,LOT-2512-0083,03-déc-2025 02:07:00,M01,TI6AL4V,USINAGE,NUIT,FOUR_C,49.801,124.517,7.837,316.635,2.874,17.687,33.661,1.209,5.227,67.171,393.5,75.217,14.8662,244.03,18.829,69.03,1
AERO-002457,LOT-2511-0237,11-nov-2025 22:19:00,M02,AL7075,TRAITEMENT,SOIR,FOUR_C,50.035,124.768,7.925,300.823,0.872,16.986,33.279,1.556,5.047,68.047,442.52,85.327,14.463,203.981,19.17,49.39,0
AERO-002458,LOT-2506-0221,13-juin-2025 15:07:00,M01,AL7075,CONTROLE,MATIN,FOUR_D,50.201,124.911,8.003,307.051,0.918,13.094,NaN,1.043,4.917,69.327,449.05,79.636,14.454,207.468,17.27,40.26,0
AERO-002459,LOT-2507-0032,18-juil-2025 16:15:00,M04,TI6AL4V,TRAITEMENT,MATIN,FOUR_B,50.03,124.277,8.024,310.629,1.017,18.783,34.618,1.294,5.781,68.744,437.7,77.045,14.7261,234.657,20.978,48.57,0
AERO-002460,LOT-2506-0190,14-juin-2025 01:10:00,M06,INCONEL718,USINAGE,MATIN,FOUR_A,49.813,124.856,8.097,323.092,1.053,24.858,34.163,1.511,4.666,66.855,450.05,76.733,14.5432,265.045,19.069,44.04,0
AERO-002461,LOT-2510-0030,30-oct-2025 00:46:00,M03,AL7075,USINAGE,SOIR,FOUR_B,50.196,125.174,7.833,300.754,1.093,14.816,31.42,1.167,5.221,65.985,390.83,84.957,13.9321,211.581,20.397,43.28,0
AERO-002462,LOT-2506-0148,23-juin-2025 08:10:00,M01,INCONEL718,USINAGE,SOIR,FOUR_D,49.867,124.737,7.993,316.961,0.936,15.452,33.398,1.458,5.011,69.58,435.59,72.903,14.7294,241.247,20.033,44.16,0
AERO-002463,LOT-2506-0223,13-juin-2025 21:06:00,M02,TI6AL4V,CONTROLE,SOIR,FOUR_D,50.001,124.506,8.056,315.957,1.235,15.198,31.242,1.368,5.458,68.173,413.85,79.485,14.4825,224.856,21.655,58.12,0
AERO-002464,LOT-2601-0030,29-janv-2026 06:40:00,M06,INCONEL718,TRAITEMENT,MATIN,FOUR_A,50.073,124.86,8.092,318.818,1.181,20.545,41.234,2.358,6.358,70.072,434.29,66.219,14.6114,254.156,20.078,58.36,0
AERO-002465,LOT-2501-0201,29-janv-2025 21:46:00,M01,TI6AL4V,CONTROLE,NUIT,FOUR_B,50.226,124.715,7.971,311.658,1.273,16.045,35.677,1.43,5.212,69.754,NaN,67.671,14.5336,230.146,18.859,37.12,0
AERO-002466,LOT-2509-0139,14-sept-2025 21:39:00,M03,AL7075,USINAGE,MATIN,FOUR_C,49.92,125.141,7.902,306.363,1.249,17.333,33.707,1.36,4.978,77.194,260.1,70.949,15.0346,205.289,19.12,38.32,1
AERO-002467,LOT-2508-0065,17-août-2025 21:47:00,M05,INCONEL718,TRAITEMENT,MATIN,FOUR_B,50.152,125.358,8.1,322.463,1.082,15.125,31.832,1.522,5.154,69.996,330.54,70.801,14.3531,261.387,18.203,51.95,0
AERO-002468,LOT-2501-0203,23-janv-2025 15:11:00,M03,TI6AL4V,CONTROLE,SOIR,FOUR_A,49.859,125.041,7.996,315.845,1.226,20.84,32.274,1.412,5.067,84.035,206.65,56.558,15.6818,224.905,18.282,42.72,1
AERO-002469,LOT-2509-0190,08-sept-2025 12:45:00,M03,AL7075,CONTROLE,MATIN,FOUR_C,49.709,125.656,7.935,298.816,0.781,14.113,34.707,1.646,4.969,65.659,442.18,81.629,14.4922,201.775,17.756,48.4,0
AERO-002470,LOT-2509-0066,03-sept-2025 16:29:00,M04,INCONEL718,USINAGE,MATIN,FOUR_B,49.973,125.572,8.092,322.752,1.36,17.089,32.029,0.98,4.395,67.741,418.64,75.575,14.407,261.484,18.53,52.13,0
AERO-002471,LOT-2512-0234,21-déc-2025 08:44:00,M05,TI6AL4V,CONTROLE,SOIR,FOUR_C,49.814,125.169,7.957,308.986,1.708,13.884,40.113,1.639,5.741,76.278,407.07,74.682,14.4257,213.826,19.05,50.77,1
AERO-002472,LOT-2508-0189,07-août-2025 20:33:00,M05,TI6AL4V,CONTROLE,NUIT,FOUR_C,50.056,125.542,8.011,315.603,0.943,17.195,36.717,1.562,NaN,67.425,384.26,71.756,14.3362,245.367,20.751,39.11,0
AERO-002473,LOT-2502-0023,15-févr-2025 20:19:00,M01,INCONEL718,CONTROLE,MATIN,FOUR_A,49.885,124.25,8.144,321.187,1.202,19.369,29.825,0.995,5.413,68.617,413.91,74.342,14.7477,265.602,19.996,50.44,0
AERO-002474,LOT-2506-0009,03-juin-2025 13:02:00,M05,AL7075,CONTROLE,SOIR,FOUR_B,50.044,124.918,8.134,299.756,1.342,20.672,38.84,1.865,7.186,70.644,397.67,77.317,14.3108,203.775,18.518,50.98,0
AERO-002475,LOT-2506-0086,23-juin-2025 08:18:00,M05,TI6AL4V,USINAGE,SOIR,FOUR_D,50.054,124.948,8.126,314.146,1.225,18.219,37.231,1.426,5.793,67.495,426.02,70.357,15.1474,252.794,19.033,41.72,0
AERO-002476,LOT-2507-0045,01-juil-2025 01:57:00,M04,AL7075,USINAGE,NUIT,FOUR_A,49.821,124.805,8.063,301.298,1.069,23.17,31.043,1.361,5.561,66.654,372.3,84.797,14.7807,186.774,20.123,29.9,0
AERO-002477,LOT-2503-0136,17-mars-2025 23:08:00,M03,AL7075,USINAGE,SOIR,FOUR_A,50.257,124.553,8.029,294.964,1.516,16.657,32.947,1.278,4.246,73.838,461.18,66.549,14.3396,155.77,18.607,35.16,1
AERO-002478,LOT-2601-0016,07-janv-2026 12:27:00,M01,AL7075,TRAITEMENT,MATIN,FOUR_A,49.969,124.534,7.867,302.714,0.862,25.127,31.273,1.473,4.925,64.3,422.35,86.19,14.8341,209.168,20.54,47.74,0
AERO-002479,LOT-2509-0070,28-sept-2025 19:08:00,M06,AL7075,CONTROLE,MATIN,FOUR_C,49.852,124.787,8.019,305.692,1.215,24.753,36.864,1.813,6.051,67.877,406.11,80.673,14.3561,205.613,19.604,45.53,0
AERO-002480,LOT-2503-0027,27-mars-2025 07:01:00,M02,AL7075,CONTROLE,MATIN,FOUR_C,50.025,124.613,8.128,296.43,0.853,7.168,32.504,1.152,5.007,71.335,431.43,78.924,14.4579,187.31,17.121,41.93,0
AERO-002481,LOT-2510-0058,04-oct-2025 16:54:00,M03,TI6AL4V,CONTROLE,SOIR,FOUR_A,50.175,124.729,7.876,319.591,1.02,20.398,36.002,1.655,5.541,69.424,457.71,84.592,14.5631,229.208,17.528,43.99,0
AERO-002482,LOT-2602-0056,02-févr-2026 20:53:00,M03,INCONEL718,USINAGE,SOIR,FOUR_C,49.835,126.368,7.968,326.307,0.975,44.635,38.475,1.45,4.99,76.055,NaN,70.409,14.5963,257.317,21.618,41.55,1
AERO-002483,LOT-2507-0121,27-juil-2025 23:56:00,M06,INCONEL718,CONTROLE,NUIT,FOUR_B,50.287,124.534,8.039,321.159,0.778,18.768,35.258,2.322,6.45,70.074,410.07,71.428,14.433,262.675,17.119,33.72,0
AERO-002484,LOT-2510-0166,28-oct-2025 13:43:00,M06,AL7075,CONTROLE,NUIT,FOUR_B,49.904,124.626,7.995,302.177,0.847,21.066,32.4,1.965,6.143,69.695,415.04,85.103,14.4966,194.873,19.535,37.68,0
AERO-002485,LOT-2511-0029,24-nov-2025 05:00:00,M06,AL7075,USINAGE,SOIR,FOUR_D,49.433,126.271,7.843,302.682,0.991,37.236,37.907,1.554,5.042,69.369,420.78,83.137,14.2356,195.227,17.414,40.19,1
AERO-002486,LOT-2504-0218,21-avr-2025 17:13:00,M03,TI6AL4V,USINAGE,SOIR,FOUR_B,49.998,124.999,7.867,311.33,1.008,17.267,37.735,1.677,5.736,70.57,425.67,75.6,14.5437,239.358,21.093,51.5,0
AERO-002487,LOT-2506-0082,22-juin-2025 15:38:00,M01,AL7075,CONTROLE,SOIR,FOUR_D,49.539,126.383,7.988,301.837,1.038,36.9,29.853,1.251,3.932,72.073,398.3,85.38,14.4536,202.715,16.242,38.85,1
AERO-002488,LOT-2503-0129,31-mars-2025 08:58:00,M04,AL7075,CONTROLE,SOIR,FOUR_C,49.915,124.916,8.101,300.516,0.956,15.468,29.715,1.477,4.875,67.86,420.13,83.127,14.3399,204.707,18.115,36.17,0
AERO-002489,LOT-2508-0115,04-août-2025 13:23:00,M06,INCONEL718,CONTROLE,SOIR,FOUR_B,49.893,124.723,7.911,323.917,1.248,27.49,38.629,1.556,5.41,70.281,432.9,68.478,14.2611,247.39,16.798,39.09,0
AERO-002490,LOT-2512-0227,19-déc-2025 16:09:00,M02,TI6AL4V,USINAGE,MATIN,FOUR_A,50.002,124.624,8.067,309.526,2.872,14.77,31.447,1.222,5.27,69.997,335.5,78.133,14.6318,246.756,21.422,33.58,1
AERO-002491,LOT-2511-0053,26-nov-2025 12:08:00,M04,TI6AL4V,TRAITEMENT,NUIT,FOUR_B,50.148,124.708,7.919,308.876,1.1,13.536,35.823,1.587,5.197,71.177,444.76,78.734,14.3785,242.149,18.324,48.1,0
AERO-002492,LOT-2602-0020,02-févr-2026 08:39:00,M03,AL7075,TRAITEMENT,MATIN,FOUR_D,50.122,124.795,8.075,303.41,0.938,12.589,32.731,1.369,5.023,66.904,455.43,81.375,14.8586,201.827,18.106,46.94,0
AERO-002493,LOT-2502-0217,23-févr-2025 16:41:00,M03,TI6AL4V,USINAGE,SOIR,FOUR_B,49.869,124.822,7.934,322.77,2.282,21.077,34.745,1.036,5.235,68.099,445.33,62.206,14.4574,216.639,18.369,41.77,1
AERO-002494,LOT-2507-0222,23-juil-2025 07:21:00,M06,TI6AL4V,USINAGE,NUIT,FOUR_C,50.898,NaN,8.094,318.667,1.507,35.908,34.542,1.748,5.917,66.659,465.41,71.5,14.367,233.419,18.592,NaN,1
AERO-002495,LOT-2509-0044,04-sept-2025 15:07:00,M06,TI6AL4V,TRAITEMENT,MATIN,FOUR_C,50.209,125.288,7.974,316.586,1.132,19.893,35.072,1.692,5.449,69.327,401.61,78.178,14.3282,244.691,19.447,58.17,0
AERO-002496,LOT-2502-0109,11-févr-2025 07:56:00,M02,TI6AL4V,USINAGE,SOIR,FOUR_A,50.08,124.887,7.927,311.082,1.277,19.267,36.506,1.248,4.648,68.338,414.91,77.636,14.5534,238.683,21.823,35.74,0
AERO-002497,LOT-2512-0152,20-déc-2025 14:54:00,M05,AL7075,USINAGE,NUIT,FOUR_A,50.288,125.139,7.978,304.508,2.903,20.159,35.753,1.585,4.895,70.565,409.97,80.51,14.6325,201.642,21.741,52.55,1
AERO-002498,LOT-2511-0081,23-nov-2025 15:46:00,M01,AL7075,USINAGE,MATIN,FOUR_B,50.107,125.298,7.901,304.113,1.008,19.006,33.633,1.333,4.105,67.787,469.36,78.187,14.2553,206.134,19.419,40.36,0
AERO-002499,LOT-2601-0104,28-janv-2026 02:48:00,M04,TI6AL4V,USINAGE,MATIN,FOUR_B,50.068,124.581,7.941,312.555,0.968,20.057,32.359,0.989,3.664,67.653,384.84,77.761,14.599,248.935,20.397,46.43,0
AERO-002500,LOT-2508-0138,10-août-2025 02:28:00,M01,AL7075,USINAGE,MATIN,FOUR_A,49.723,125.035,7.925,301.199,1.119,20.91,34.287,1.534,5.682,63.941,408.89,85.402,14.5174,197.307,19.476,45.08,0
